solid ASCII
  facet normal 9.927089e-01 -1.205367e-01 0.000000e+00
    outer loop
      vertex   4.034645e+00 8.155938e-01 2.700000e+01
      vertex   4.034645e+00 8.155938e-01 4.200000e+01
      vertex   3.943112e+00 6.174949e-02 2.700000e+01
    endloop
  endfacet
  facet normal 9.927089e-01 -1.205367e-01 0.000000e+00
    outer loop
      vertex   3.943112e+00 6.174949e-02 2.700000e+01
      vertex   4.034645e+00 8.155938e-01 4.200000e+01
      vertex   3.943112e+00 6.174949e-02 4.200000e+01
    endloop
  endfacet
  facet normal 9.927089e-01 1.205367e-01 -0.000000e+00
    outer loop
      vertex   3.943112e+00 6.174949e-02 2.700000e+01
      vertex   3.943112e+00 6.174949e-02 4.200000e+01
      vertex   4.034645e+00 -6.920949e-01 2.700000e+01
    endloop
  endfacet
  facet normal 9.927089e-01 1.205367e-01 -0.000000e+00
    outer loop
      vertex   4.034645e+00 -6.920949e-01 2.700000e+01
      vertex   3.943112e+00 6.174949e-02 4.200000e+01
      vertex   4.034645e+00 -6.920949e-01 4.200000e+01
    endloop
  endfacet
  facet normal 9.350162e-01 3.546049e-01 -0.000000e+00
    outer loop
      vertex   4.034645e+00 -6.920949e-01 2.700000e+01
      vertex   4.034645e+00 -6.920949e-01 4.200000e+01
      vertex   4.303926e+00 -1.402129e+00 2.700000e+01
    endloop
  endfacet
  facet normal 9.350162e-01 3.546049e-01 -0.000000e+00
    outer loop
      vertex   4.303926e+00 -1.402129e+00 2.700000e+01
      vertex   4.034645e+00 -6.920949e-01 4.200000e+01
      vertex   4.303926e+00 -1.402129e+00 4.200000e+01
    endloop
  endfacet
  facet normal 8.229839e-01 5.680647e-01 -0.000000e+00
    outer loop
      vertex   4.303926e+00 -1.402129e+00 2.700000e+01
      vertex   4.303926e+00 -1.402129e+00 4.200000e+01
      vertex   4.735303e+00 -2.027087e+00 2.700000e+01
    endloop
  endfacet
  facet normal 8.229839e-01 5.680647e-01 -0.000000e+00
    outer loop
      vertex   4.735303e+00 -2.027087e+00 2.700000e+01
      vertex   4.303926e+00 -1.402129e+00 4.200000e+01
      vertex   4.735303e+00 -2.027087e+00 4.200000e+01
    endloop
  endfacet
  facet normal 6.631227e-01 7.485107e-01 -0.000000e+00
    outer loop
      vertex   4.735303e+00 -2.027087e+00 2.700000e+01
      vertex   4.735303e+00 -2.027087e+00 4.200000e+01
      vertex   5.303708e+00 -2.530650e+00 2.700000e+01
    endloop
  endfacet
  facet normal 6.631227e-01 7.485107e-01 -0.000000e+00
    outer loop
      vertex   5.303708e+00 -2.530650e+00 2.700000e+01
      vertex   4.735303e+00 -2.027087e+00 4.200000e+01
      vertex   5.303708e+00 -2.530650e+00 4.200000e+01
    endloop
  endfacet
  facet normal 4.647232e-01 8.854560e-01 -0.000000e+00
    outer loop
      vertex   5.303708e+00 -2.530650e+00 2.700000e+01
      vertex   5.303708e+00 -2.530650e+00 4.200000e+01
      vertex   5.976107e+00 -2.883552e+00 2.700000e+01
    endloop
  endfacet
  facet normal 4.647232e-01 8.854560e-01 -0.000000e+00
    outer loop
      vertex   5.976107e+00 -2.883552e+00 2.700000e+01
      vertex   5.303708e+00 -2.530650e+00 4.200000e+01
      vertex   5.976107e+00 -2.883552e+00 4.200000e+01
    endloop
  endfacet
  facet normal 2.393157e-01 9.709418e-01 -0.000000e+00
    outer loop
      vertex   5.976107e+00 -2.883552e+00 2.700000e+01
      vertex   5.976107e+00 -2.883552e+00 4.200000e+01
      vertex   6.713422e+00 -3.065283e+00 2.700000e+01
    endloop
  endfacet
  facet normal 2.393157e-01 9.709418e-01 -0.000000e+00
    outer loop
      vertex   6.713422e+00 -3.065283e+00 2.700000e+01
      vertex   5.976107e+00 -2.883552e+00 4.200000e+01
      vertex   6.713422e+00 -3.065283e+00 4.200000e+01
    endloop
  endfacet
  facet normal 0.000000e+00 1.000000e+00 0.000000e+00
    outer loop
      vertex   6.713422e+00 -3.065283e+00 2.700000e+01
      vertex   6.713422e+00 -3.065283e+00 4.200000e+01
      vertex   7.472803e+00 -3.065283e+00 2.700000e+01
    endloop
  endfacet
  facet normal 0.000000e+00 1.000000e+00 -0.000000e+00
    outer loop
      vertex   7.472803e+00 -3.065283e+00 2.700000e+01
      vertex   6.713422e+00 -3.065283e+00 4.200000e+01
      vertex   7.472803e+00 -3.065283e+00 4.200000e+01
    endloop
  endfacet
  facet normal -2.393157e-01 9.709418e-01 0.000000e+00
    outer loop
      vertex   7.472803e+00 -3.065283e+00 2.700000e+01
      vertex   7.472803e+00 -3.065283e+00 4.200000e+01
      vertex   8.210118e+00 -2.883552e+00 2.700000e+01
    endloop
  endfacet
  facet normal -2.393157e-01 9.709418e-01 0.000000e+00
    outer loop
      vertex   8.210118e+00 -2.883552e+00 2.700000e+01
      vertex   7.472803e+00 -3.065283e+00 4.200000e+01
      vertex   8.210118e+00 -2.883552e+00 4.200000e+01
    endloop
  endfacet
  facet normal -4.647232e-01 8.854560e-01 0.000000e+00
    outer loop
      vertex   8.210118e+00 -2.883552e+00 2.700000e+01
      vertex   8.210118e+00 -2.883552e+00 4.200000e+01
      vertex   8.882516e+00 -2.530650e+00 2.700000e+01
    endloop
  endfacet
  facet normal -4.647232e-01 8.854560e-01 0.000000e+00
    outer loop
      vertex   8.882516e+00 -2.530650e+00 2.700000e+01
      vertex   8.210118e+00 -2.883552e+00 4.200000e+01
      vertex   8.882516e+00 -2.530650e+00 4.200000e+01
    endloop
  endfacet
  facet normal -6.631227e-01 7.485107e-01 0.000000e+00
    outer loop
      vertex   8.882516e+00 -2.530650e+00 2.700000e+01
      vertex   8.882516e+00 -2.530650e+00 4.200000e+01
      vertex   9.450921e+00 -2.027087e+00 2.700000e+01
    endloop
  endfacet
  facet normal -6.631227e-01 7.485107e-01 0.000000e+00
    outer loop
      vertex   9.450921e+00 -2.027087e+00 2.700000e+01
      vertex   8.882516e+00 -2.530650e+00 4.200000e+01
      vertex   9.450921e+00 -2.027087e+00 4.200000e+01
    endloop
  endfacet
  facet normal -8.229839e-01 5.680647e-01 0.000000e+00
    outer loop
      vertex   9.450921e+00 -2.027087e+00 2.700000e+01
      vertex   9.450921e+00 -2.027087e+00 4.200000e+01
      vertex   9.882299e+00 -1.402129e+00 2.700000e+01
    endloop
  endfacet
  facet normal -8.229839e-01 5.680647e-01 0.000000e+00
    outer loop
      vertex   9.882299e+00 -1.402129e+00 2.700000e+01
      vertex   9.450921e+00 -2.027087e+00 4.200000e+01
      vertex   9.882299e+00 -1.402129e+00 4.200000e+01
    endloop
  endfacet
  facet normal -9.350162e-01 3.546049e-01 0.000000e+00
    outer loop
      vertex   9.882299e+00 -1.402129e+00 2.700000e+01
      vertex   9.882299e+00 -1.402129e+00 4.200000e+01
      vertex   1.015158e+01 -6.920949e-01 2.700000e+01
    endloop
  endfacet
  facet normal -9.350162e-01 3.546049e-01 0.000000e+00
    outer loop
      vertex   1.015158e+01 -6.920949e-01 2.700000e+01
      vertex   9.882299e+00 -1.402129e+00 4.200000e+01
      vertex   1.015158e+01 -6.920949e-01 4.200000e+01
    endloop
  endfacet
  facet normal -9.927089e-01 1.205367e-01 0.000000e+00
    outer loop
      vertex   1.015158e+01 -6.920949e-01 2.700000e+01
      vertex   1.015158e+01 -6.920949e-01 4.200000e+01
      vertex   1.024311e+01 6.174949e-02 2.700000e+01
    endloop
  endfacet
  facet normal -9.927089e-01 1.205367e-01 0.000000e+00
    outer loop
      vertex   1.024311e+01 6.174949e-02 2.700000e+01
      vertex   1.015158e+01 -6.920949e-01 4.200000e+01
      vertex   1.024311e+01 6.174949e-02 4.200000e+01
    endloop
  endfacet
  facet normal -9.927089e-01 -1.205367e-01 0.000000e+00
    outer loop
      vertex   1.024311e+01 6.174949e-02 2.700000e+01
      vertex   1.024311e+01 6.174949e-02 4.200000e+01
      vertex   1.015158e+01 8.155938e-01 2.700000e+01
    endloop
  endfacet
  facet normal -9.927089e-01 -1.205367e-01 0.000000e+00
    outer loop
      vertex   1.015158e+01 8.155938e-01 2.700000e+01
      vertex   1.024311e+01 6.174949e-02 4.200000e+01
      vertex   1.015158e+01 8.155938e-01 4.200000e+01
    endloop
  endfacet
  facet normal -9.350162e-01 -3.546049e-01 0.000000e+00
    outer loop
      vertex   1.015158e+01 8.155938e-01 2.700000e+01
      vertex   1.015158e+01 8.155938e-01 4.200000e+01
      vertex   9.882299e+00 1.525627e+00 2.700000e+01
    endloop
  endfacet
  facet normal -9.350162e-01 -3.546049e-01 0.000000e+00
    outer loop
      vertex   9.882299e+00 1.525627e+00 2.700000e+01
      vertex   1.015158e+01 8.155938e-01 4.200000e+01
      vertex   9.882299e+00 1.525627e+00 4.200000e+01
    endloop
  endfacet
  facet normal -8.229839e-01 -5.680647e-01 0.000000e+00
    outer loop
      vertex   9.882299e+00 1.525627e+00 2.700000e+01
      vertex   9.882299e+00 1.525627e+00 4.200000e+01
      vertex   9.450921e+00 2.150586e+00 2.700000e+01
    endloop
  endfacet
  facet normal -8.229839e-01 -5.680647e-01 0.000000e+00
    outer loop
      vertex   9.450921e+00 2.150586e+00 2.700000e+01
      vertex   9.882299e+00 1.525627e+00 4.200000e+01
      vertex   9.450921e+00 2.150586e+00 4.200000e+01
    endloop
  endfacet
  facet normal -6.631227e-01 -7.485107e-01 0.000000e+00
    outer loop
      vertex   9.450921e+00 2.150586e+00 2.700000e+01
      vertex   9.450921e+00 2.150586e+00 4.200000e+01
      vertex   8.882516e+00 2.654149e+00 2.700000e+01
    endloop
  endfacet
  facet normal -6.631227e-01 -7.485107e-01 0.000000e+00
    outer loop
      vertex   8.882516e+00 2.654149e+00 2.700000e+01
      vertex   9.450921e+00 2.150586e+00 4.200000e+01
      vertex   8.882516e+00 2.654149e+00 4.200000e+01
    endloop
  endfacet
  facet normal -4.647232e-01 -8.854560e-01 0.000000e+00
    outer loop
      vertex   8.882516e+00 2.654149e+00 2.700000e+01
      vertex   8.882516e+00 2.654149e+00 4.200000e+01
      vertex   8.210118e+00 3.007051e+00 2.700000e+01
    endloop
  endfacet
  facet normal -4.647232e-01 -8.854560e-01 0.000000e+00
    outer loop
      vertex   8.210118e+00 3.007051e+00 2.700000e+01
      vertex   8.882516e+00 2.654149e+00 4.200000e+01
      vertex   8.210118e+00 3.007051e+00 4.200000e+01
    endloop
  endfacet
  facet normal -2.393157e-01 -9.709418e-01 0.000000e+00
    outer loop
      vertex   8.210118e+00 3.007051e+00 2.700000e+01
      vertex   8.210118e+00 3.007051e+00 4.200000e+01
      vertex   7.472803e+00 3.188782e+00 2.700000e+01
    endloop
  endfacet
  facet normal -2.393157e-01 -9.709418e-01 0.000000e+00
    outer loop
      vertex   7.472803e+00 3.188782e+00 2.700000e+01
      vertex   8.210118e+00 3.007051e+00 4.200000e+01
      vertex   7.472803e+00 3.188782e+00 4.200000e+01
    endloop
  endfacet
  facet normal 0.000000e+00 -1.000000e+00 0.000000e+00
    outer loop
      vertex   7.472803e+00 3.188782e+00 2.700000e+01
      vertex   7.472803e+00 3.188782e+00 4.200000e+01
      vertex   6.713422e+00 3.188782e+00 2.700000e+01
    endloop
  endfacet
  facet normal 0.000000e+00 -1.000000e+00 0.000000e+00
    outer loop
      vertex   6.713422e+00 3.188782e+00 2.700000e+01
      vertex   7.472803e+00 3.188782e+00 4.200000e+01
      vertex   6.713422e+00 3.188782e+00 4.200000e+01
    endloop
  endfacet
  facet normal 2.393157e-01 -9.709418e-01 0.000000e+00
    outer loop
      vertex   6.713422e+00 3.188782e+00 2.700000e+01
      vertex   6.713422e+00 3.188782e+00 4.200000e+01
      vertex   5.976107e+00 3.007051e+00 2.700000e+01
    endloop
  endfacet
  facet normal 2.393157e-01 -9.709418e-01 0.000000e+00
    outer loop
      vertex   5.976107e+00 3.007051e+00 2.700000e+01
      vertex   6.713422e+00 3.188782e+00 4.200000e+01
      vertex   5.976107e+00 3.007051e+00 4.200000e+01
    endloop
  endfacet
  facet normal 4.647232e-01 -8.854560e-01 0.000000e+00
    outer loop
      vertex   5.976107e+00 3.007051e+00 2.700000e+01
      vertex   5.976107e+00 3.007051e+00 4.200000e+01
      vertex   5.303708e+00 2.654149e+00 2.700000e+01
    endloop
  endfacet
  facet normal 4.647232e-01 -8.854560e-01 0.000000e+00
    outer loop
      vertex   5.303708e+00 2.654149e+00 2.700000e+01
      vertex   5.976107e+00 3.007051e+00 4.200000e+01
      vertex   5.303708e+00 2.654149e+00 4.200000e+01
    endloop
  endfacet
  facet normal 6.631227e-01 -7.485107e-01 0.000000e+00
    outer loop
      vertex   5.303708e+00 2.654149e+00 2.700000e+01
      vertex   5.303708e+00 2.654149e+00 4.200000e+01
      vertex   4.735303e+00 2.150586e+00 2.700000e+01
    endloop
  endfacet
  facet normal 6.631227e-01 -7.485107e-01 0.000000e+00
    outer loop
      vertex   4.735303e+00 2.150586e+00 2.700000e+01
      vertex   5.303708e+00 2.654149e+00 4.200000e+01
      vertex   4.735303e+00 2.150586e+00 4.200000e+01
    endloop
  endfacet
  facet normal 8.229839e-01 -5.680647e-01 0.000000e+00
    outer loop
      vertex   4.735303e+00 2.150586e+00 2.700000e+01
      vertex   4.735303e+00 2.150586e+00 4.200000e+01
      vertex   4.303926e+00 1.525627e+00 2.700000e+01
    endloop
  endfacet
  facet normal 8.229839e-01 -5.680647e-01 0.000000e+00
    outer loop
      vertex   4.303926e+00 1.525627e+00 2.700000e+01
      vertex   4.735303e+00 2.150586e+00 4.200000e+01
      vertex   4.303926e+00 1.525627e+00 4.200000e+01
    endloop
  endfacet
  facet normal 9.350162e-01 -3.546049e-01 0.000000e+00
    outer loop
      vertex   4.303926e+00 1.525627e+00 2.700000e+01
      vertex   4.303926e+00 1.525627e+00 4.200000e+01
      vertex   4.034645e+00 8.155938e-01 2.700000e+01
    endloop
  endfacet
  facet normal 9.350162e-01 -3.546049e-01 0.000000e+00
    outer loop
      vertex   4.034645e+00 8.155938e-01 2.700000e+01
      vertex   4.303926e+00 1.525627e+00 4.200000e+01
      vertex   4.034645e+00 8.155938e-01 4.200000e+01
    endloop
  endfacet
  facet normal 0.000000e+00 -0.000000e+00 1.000000e+00
    outer loop
      vertex   4.034645e+00 -6.920949e-01 2.700000e+01
      vertex   1.015158e+01 -6.920949e-01 2.700000e+01
      vertex   3.943112e+00 6.174949e-02 2.700000e+01
    endloop
  endfacet
  facet normal -0.000000e+00 0.000000e+00 1.000000e+00
    outer loop
      vertex   3.943112e+00 6.174949e-02 2.700000e+01
      vertex   1.015158e+01 -6.920949e-01 2.700000e+01
      vertex   1.024311e+01 6.174949e-02 2.700000e+01
    endloop
  endfacet
  facet normal 0.000000e+00 0.000000e+00 1.000000e+00
    outer loop
      vertex   3.943112e+00 6.174949e-02 2.700000e+01
      vertex   1.024311e+01 6.174949e-02 2.700000e+01
      vertex   4.034645e+00 8.155938e-01 2.700000e+01
    endloop
  endfacet
  facet normal -0.000000e+00 0.000000e+00 1.000000e+00
    outer loop
      vertex   4.034645e+00 8.155938e-01 2.700000e+01
      vertex   1.024311e+01 6.174949e-02 2.700000e+01
      vertex   1.015158e+01 8.155938e-01 2.700000e+01
    endloop
  endfacet
  facet normal 0.000000e+00 0.000000e+00 1.000000e+00
    outer loop
      vertex   4.034645e+00 8.155938e-01 2.700000e+01
      vertex   1.015158e+01 8.155938e-01 2.700000e+01
      vertex   4.303926e+00 1.525627e+00 2.700000e+01
    endloop
  endfacet
  facet normal 0.000000e+00 0.000000e+00 1.000000e+00
    outer loop
      vertex   4.303926e+00 1.525627e+00 2.700000e+01
      vertex   1.015158e+01 8.155938e-01 2.700000e+01
      vertex   9.882299e+00 1.525627e+00 2.700000e+01
    endloop
  endfacet
  facet normal -0.000000e+00 0.000000e+00 1.000000e+00
    outer loop
      vertex   4.303926e+00 1.525627e+00 2.700000e+01
      vertex   9.882299e+00 1.525627e+00 2.700000e+01
      vertex   4.735303e+00 2.150586e+00 2.700000e+01
    endloop
  endfacet
  facet normal -0.000000e+00 0.000000e+00 1.000000e+00
    outer loop
      vertex   4.735303e+00 2.150586e+00 2.700000e+01
      vertex   9.882299e+00 1.525627e+00 2.700000e+01
      vertex   9.450921e+00 2.150586e+00 2.700000e+01
    endloop
  endfacet
  facet normal 0.000000e+00 0.000000e+00 1.000000e+00
    outer loop
      vertex   4.735303e+00 2.150586e+00 2.700000e+01
      vertex   9.450921e+00 2.150586e+00 2.700000e+01
      vertex   5.303708e+00 2.654149e+00 2.700000e+01
    endloop
  endfacet
  facet normal -0.000000e+00 0.000000e+00 1.000000e+00
    outer loop
      vertex   5.303708e+00 2.654149e+00 2.700000e+01
      vertex   9.450921e+00 2.150586e+00 2.700000e+01
      vertex   8.882516e+00 2.654149e+00 2.700000e+01
    endloop
  endfacet
  facet normal 0.000000e+00 0.000000e+00 1.000000e+00
    outer loop
      vertex   5.303708e+00 2.654149e+00 2.700000e+01
      vertex   8.882516e+00 2.654149e+00 2.700000e+01
      vertex   5.976107e+00 3.007051e+00 2.700000e+01
    endloop
  endfacet
  facet normal -0.000000e+00 0.000000e+00 1.000000e+00
    outer loop
      vertex   5.976107e+00 3.007051e+00 2.700000e+01
      vertex   8.882516e+00 2.654149e+00 2.700000e+01
      vertex   8.210118e+00 3.007051e+00 2.700000e+01
    endloop
  endfacet
  facet normal 0.000000e+00 0.000000e+00 1.000000e+00
    outer loop
      vertex   5.976107e+00 3.007051e+00 2.700000e+01
      vertex   8.210118e+00 3.007051e+00 2.700000e+01
      vertex   6.713422e+00 3.188782e+00 2.700000e+01
    endloop
  endfacet
  facet normal -0.000000e+00 0.000000e+00 1.000000e+00
    outer loop
      vertex   6.713422e+00 3.188782e+00 2.700000e+01
      vertex   8.210118e+00 3.007051e+00 2.700000e+01
      vertex   7.472803e+00 3.188782e+00 2.700000e+01
    endloop
  endfacet
  facet normal 0.000000e+00 0.000000e+00 1.000000e+00
    outer loop
      vertex   1.015158e+01 -6.920949e-01 2.700000e+01
      vertex   4.034645e+00 -6.920949e-01 2.700000e+01
      vertex   9.882299e+00 -1.402129e+00 2.700000e+01
    endloop
  endfacet
  facet normal 0.000000e+00 0.000000e+00 1.000000e+00
    outer loop
      vertex   9.882299e+00 -1.402129e+00 2.700000e+01
      vertex   4.034645e+00 -6.920949e-01 2.700000e+01
      vertex   4.303926e+00 -1.402129e+00 2.700000e+01
    endloop
  endfacet
  facet normal 0.000000e+00 0.000000e+00 1.000000e+00
    outer loop
      vertex   9.882299e+00 -1.402129e+00 2.700000e+01
      vertex   4.303926e+00 -1.402129e+00 2.700000e+01
      vertex   9.450921e+00 -2.027087e+00 2.700000e+01
    endloop
  endfacet
  facet normal 0.000000e+00 0.000000e+00 1.000000e+00
    outer loop
      vertex   9.450921e+00 -2.027087e+00 2.700000e+01
      vertex   4.303926e+00 -1.402129e+00 2.700000e+01
      vertex   4.735303e+00 -2.027087e+00 2.700000e+01
    endloop
  endfacet
  facet normal 0.000000e+00 0.000000e+00 1.000000e+00
    outer loop
      vertex   9.450921e+00 -2.027087e+00 2.700000e+01
      vertex   4.735303e+00 -2.027087e+00 2.700000e+01
      vertex   8.882516e+00 -2.530650e+00 2.700000e+01
    endloop
  endfacet
  facet normal 0.000000e+00 0.000000e+00 1.000000e+00
    outer loop
      vertex   8.882516e+00 -2.530650e+00 2.700000e+01
      vertex   4.735303e+00 -2.027087e+00 2.700000e+01
      vertex   5.303708e+00 -2.530650e+00 2.700000e+01
    endloop
  endfacet
  facet normal 0.000000e+00 0.000000e+00 1.000000e+00
    outer loop
      vertex   8.882516e+00 -2.530650e+00 2.700000e+01
      vertex   5.303708e+00 -2.530650e+00 2.700000e+01
      vertex   8.210118e+00 -2.883552e+00 2.700000e+01
    endloop
  endfacet
  facet normal 0.000000e+00 0.000000e+00 1.000000e+00
    outer loop
      vertex   8.210118e+00 -2.883552e+00 2.700000e+01
      vertex   5.303708e+00 -2.530650e+00 2.700000e+01
      vertex   5.976107e+00 -2.883552e+00 2.700000e+01
    endloop
  endfacet
  facet normal 0.000000e+00 0.000000e+00 1.000000e+00
    outer loop
      vertex   8.210118e+00 -2.883552e+00 2.700000e+01
      vertex   5.976107e+00 -2.883552e+00 2.700000e+01
      vertex   7.472803e+00 -3.065283e+00 2.700000e+01
    endloop
  endfacet
  facet normal 0.000000e+00 0.000000e+00 1.000000e+00
    outer loop
      vertex   7.472803e+00 -3.065283e+00 2.700000e+01
      vertex   5.976107e+00 -2.883552e+00 2.700000e+01
      vertex   6.713422e+00 -3.065283e+00 2.700000e+01
    endloop
  endfacet
  facet normal 9.927089e-01 -1.205367e-01 0.000000e+00
    outer loop
      vertex   -4.965355e+00 9.815594e+00 2.700000e+01
      vertex   -4.965355e+00 9.815594e+00 4.200000e+01
      vertex   -5.056888e+00 9.061749e+00 2.700000e+01
    endloop
  endfacet
  facet normal 9.927089e-01 -1.205367e-01 0.000000e+00
    outer loop
      vertex   -5.056888e+00 9.061749e+00 2.700000e+01
      vertex   -4.965355e+00 9.815594e+00 4.200000e+01
      vertex   -5.056888e+00 9.061749e+00 4.200000e+01
    endloop
  endfacet
  facet normal 9.927089e-01 1.205367e-01 -0.000000e+00
    outer loop
      vertex   -5.056888e+00 9.061749e+00 2.700000e+01
      vertex   -5.056888e+00 9.061749e+00 4.200000e+01
      vertex   -4.965355e+00 8.307905e+00 2.700000e+01
    endloop
  endfacet
  facet normal 9.927089e-01 1.205367e-01 -0.000000e+00
    outer loop
      vertex   -4.965355e+00 8.307905e+00 2.700000e+01
      vertex   -5.056888e+00 9.061749e+00 4.200000e+01
      vertex   -4.965355e+00 8.307905e+00 4.200000e+01
    endloop
  endfacet
  facet normal 9.350162e-01 3.546049e-01 -0.000000e+00
    outer loop
      vertex   -4.965355e+00 8.307905e+00 2.700000e+01
      vertex   -4.965355e+00 8.307905e+00 4.200000e+01
      vertex   -4.696074e+00 7.597871e+00 2.700000e+01
    endloop
  endfacet
  facet normal 9.350162e-01 3.546049e-01 -0.000000e+00
    outer loop
      vertex   -4.696074e+00 7.597871e+00 2.700000e+01
      vertex   -4.965355e+00 8.307905e+00 4.200000e+01
      vertex   -4.696074e+00 7.597871e+00 4.200000e+01
    endloop
  endfacet
  facet normal 8.229839e-01 5.680647e-01 -0.000000e+00
    outer loop
      vertex   -4.696074e+00 7.597871e+00 2.700000e+01
      vertex   -4.696074e+00 7.597871e+00 4.200000e+01
      vertex   -4.264697e+00 6.972913e+00 2.700000e+01
    endloop
  endfacet
  facet normal 8.229839e-01 5.680647e-01 -0.000000e+00
    outer loop
      vertex   -4.264697e+00 6.972913e+00 2.700000e+01
      vertex   -4.696074e+00 7.597871e+00 4.200000e+01
      vertex   -4.264697e+00 6.972913e+00 4.200000e+01
    endloop
  endfacet
  facet normal 6.631227e-01 7.485107e-01 -0.000000e+00
    outer loop
      vertex   -4.264697e+00 6.972913e+00 2.700000e+01
      vertex   -4.264697e+00 6.972913e+00 4.200000e+01
      vertex   -3.696292e+00 6.469350e+00 2.700000e+01
    endloop
  endfacet
  facet normal 6.631227e-01 7.485107e-01 -0.000000e+00
    outer loop
      vertex   -3.696292e+00 6.469350e+00 2.700000e+01
      vertex   -4.264697e+00 6.972913e+00 4.200000e+01
      vertex   -3.696292e+00 6.469350e+00 4.200000e+01
    endloop
  endfacet
  facet normal 4.647232e-01 8.854560e-01 -0.000000e+00
    outer loop
      vertex   -3.696292e+00 6.469350e+00 2.700000e+01
      vertex   -3.696292e+00 6.469350e+00 4.200000e+01
      vertex   -3.023893e+00 6.116448e+00 2.700000e+01
    endloop
  endfacet
  facet normal 4.647232e-01 8.854560e-01 -0.000000e+00
    outer loop
      vertex   -3.023893e+00 6.116448e+00 2.700000e+01
      vertex   -3.696292e+00 6.469350e+00 4.200000e+01
      vertex   -3.023893e+00 6.116448e+00 4.200000e+01
    endloop
  endfacet
  facet normal 2.393157e-01 9.709418e-01 -0.000000e+00
    outer loop
      vertex   -3.023893e+00 6.116448e+00 2.700000e+01
      vertex   -3.023893e+00 6.116448e+00 4.200000e+01
      vertex   -2.286578e+00 5.934717e+00 2.700000e+01
    endloop
  endfacet
  facet normal 2.393157e-01 9.709418e-01 -0.000000e+00
    outer loop
      vertex   -2.286578e+00 5.934717e+00 2.700000e+01
      vertex   -3.023893e+00 6.116448e+00 4.200000e+01
      vertex   -2.286578e+00 5.934717e+00 4.200000e+01
    endloop
  endfacet
  facet normal 0.000000e+00 1.000000e+00 0.000000e+00
    outer loop
      vertex   -2.286578e+00 5.934717e+00 2.700000e+01
      vertex   -2.286578e+00 5.934717e+00 4.200000e+01
      vertex   -1.527197e+00 5.934717e+00 2.700000e+01
    endloop
  endfacet
  facet normal 0.000000e+00 1.000000e+00 -0.000000e+00
    outer loop
      vertex   -1.527197e+00 5.934717e+00 2.700000e+01
      vertex   -2.286578e+00 5.934717e+00 4.200000e+01
      vertex   -1.527197e+00 5.934717e+00 4.200000e+01
    endloop
  endfacet
  facet normal -2.393157e-01 9.709418e-01 0.000000e+00
    outer loop
      vertex   -1.527197e+00 5.934717e+00 2.700000e+01
      vertex   -1.527197e+00 5.934717e+00 4.200000e+01
      vertex   -7.898824e-01 6.116448e+00 2.700000e+01
    endloop
  endfacet
  facet normal -2.393157e-01 9.709418e-01 0.000000e+00
    outer loop
      vertex   -7.898824e-01 6.116448e+00 2.700000e+01
      vertex   -1.527197e+00 5.934717e+00 4.200000e+01
      vertex   -7.898824e-01 6.116448e+00 4.200000e+01
    endloop
  endfacet
  facet normal -4.647232e-01 8.854560e-01 0.000000e+00
    outer loop
      vertex   -7.898824e-01 6.116448e+00 2.700000e+01
      vertex   -7.898824e-01 6.116448e+00 4.200000e+01
      vertex   -1.174839e-01 6.469350e+00 2.700000e+01
    endloop
  endfacet
  facet normal -4.647232e-01 8.854560e-01 0.000000e+00
    outer loop
      vertex   -1.174839e-01 6.469350e+00 2.700000e+01
      vertex   -7.898824e-01 6.116448e+00 4.200000e+01
      vertex   -1.174839e-01 6.469350e+00 4.200000e+01
    endloop
  endfacet
  facet normal -6.631227e-01 7.485107e-01 0.000000e+00
    outer loop
      vertex   -1.174839e-01 6.469350e+00 2.700000e+01
      vertex   -1.174839e-01 6.469350e+00 4.200000e+01
      vertex   4.509210e-01 6.972913e+00 2.700000e+01
    endloop
  endfacet
  facet normal -6.631227e-01 7.485107e-01 0.000000e+00
    outer loop
      vertex   4.509210e-01 6.972913e+00 2.700000e+01
      vertex   -1.174839e-01 6.469350e+00 4.200000e+01
      vertex   4.509210e-01 6.972913e+00 4.200000e+01
    endloop
  endfacet
  facet normal -8.229839e-01 5.680647e-01 0.000000e+00
    outer loop
      vertex   4.509210e-01 6.972913e+00 2.700000e+01
      vertex   4.509210e-01 6.972913e+00 4.200000e+01
      vertex   8.822987e-01 7.597871e+00 2.700000e+01
    endloop
  endfacet
  facet normal -8.229839e-01 5.680647e-01 0.000000e+00
    outer loop
      vertex   8.822987e-01 7.597871e+00 2.700000e+01
      vertex   4.509210e-01 6.972913e+00 4.200000e+01
      vertex   8.822987e-01 7.597871e+00 4.200000e+01
    endloop
  endfacet
  facet normal -9.350162e-01 3.546049e-01 0.000000e+00
    outer loop
      vertex   8.822987e-01 7.597871e+00 2.700000e+01
      vertex   8.822987e-01 7.597871e+00 4.200000e+01
      vertex   1.151579e+00 8.307905e+00 2.700000e+01
    endloop
  endfacet
  facet normal -9.350162e-01 3.546049e-01 0.000000e+00
    outer loop
      vertex   1.151579e+00 8.307905e+00 2.700000e+01
      vertex   8.822987e-01 7.597871e+00 4.200000e+01
      vertex   1.151579e+00 8.307905e+00 4.200000e+01
    endloop
  endfacet
  facet normal -9.927089e-01 1.205367e-01 0.000000e+00
    outer loop
      vertex   1.151579e+00 8.307905e+00 2.700000e+01
      vertex   1.151579e+00 8.307905e+00 4.200000e+01
      vertex   1.243112e+00 9.061749e+00 2.700000e+01
    endloop
  endfacet
  facet normal -9.927089e-01 1.205367e-01 0.000000e+00
    outer loop
      vertex   1.243112e+00 9.061749e+00 2.700000e+01
      vertex   1.151579e+00 8.307905e+00 4.200000e+01
      vertex   1.243112e+00 9.061749e+00 4.200000e+01
    endloop
  endfacet
  facet normal -9.927089e-01 -1.205367e-01 0.000000e+00
    outer loop
      vertex   1.243112e+00 9.061749e+00 2.700000e+01
      vertex   1.243112e+00 9.061749e+00 4.200000e+01
      vertex   1.151579e+00 9.815594e+00 2.700000e+01
    endloop
  endfacet
  facet normal -9.927089e-01 -1.205367e-01 0.000000e+00
    outer loop
      vertex   1.151579e+00 9.815594e+00 2.700000e+01
      vertex   1.243112e+00 9.061749e+00 4.200000e+01
      vertex   1.151579e+00 9.815594e+00 4.200000e+01
    endloop
  endfacet
  facet normal -9.350162e-01 -3.546049e-01 0.000000e+00
    outer loop
      vertex   1.151579e+00 9.815594e+00 2.700000e+01
      vertex   1.151579e+00 9.815594e+00 4.200000e+01
      vertex   8.822987e-01 1.052563e+01 2.700000e+01
    endloop
  endfacet
  facet normal -9.350162e-01 -3.546049e-01 0.000000e+00
    outer loop
      vertex   8.822987e-01 1.052563e+01 2.700000e+01
      vertex   1.151579e+00 9.815594e+00 4.200000e+01
      vertex   8.822987e-01 1.052563e+01 4.200000e+01
    endloop
  endfacet
  facet normal -8.229839e-01 -5.680647e-01 0.000000e+00
    outer loop
      vertex   8.822987e-01 1.052563e+01 2.700000e+01
      vertex   8.822987e-01 1.052563e+01 4.200000e+01
      vertex   4.509210e-01 1.115059e+01 2.700000e+01
    endloop
  endfacet
  facet normal -8.229839e-01 -5.680647e-01 0.000000e+00
    outer loop
      vertex   4.509210e-01 1.115059e+01 2.700000e+01
      vertex   8.822987e-01 1.052563e+01 4.200000e+01
      vertex   4.509210e-01 1.115059e+01 4.200000e+01
    endloop
  endfacet
  facet normal -6.631227e-01 -7.485107e-01 0.000000e+00
    outer loop
      vertex   4.509210e-01 1.115059e+01 2.700000e+01
      vertex   4.509210e-01 1.115059e+01 4.200000e+01
      vertex   -1.174839e-01 1.165415e+01 2.700000e+01
    endloop
  endfacet
  facet normal -6.631227e-01 -7.485107e-01 0.000000e+00
    outer loop
      vertex   -1.174839e-01 1.165415e+01 2.700000e+01
      vertex   4.509210e-01 1.115059e+01 4.200000e+01
      vertex   -1.174839e-01 1.165415e+01 4.200000e+01
    endloop
  endfacet
  facet normal -4.647232e-01 -8.854560e-01 0.000000e+00
    outer loop
      vertex   -1.174839e-01 1.165415e+01 2.700000e+01
      vertex   -1.174839e-01 1.165415e+01 4.200000e+01
      vertex   -7.898824e-01 1.200705e+01 2.700000e+01
    endloop
  endfacet
  facet normal -4.647232e-01 -8.854560e-01 0.000000e+00
    outer loop
      vertex   -7.898824e-01 1.200705e+01 2.700000e+01
      vertex   -1.174839e-01 1.165415e+01 4.200000e+01
      vertex   -7.898824e-01 1.200705e+01 4.200000e+01
    endloop
  endfacet
  facet normal -2.393157e-01 -9.709418e-01 0.000000e+00
    outer loop
      vertex   -7.898824e-01 1.200705e+01 2.700000e+01
      vertex   -7.898824e-01 1.200705e+01 4.200000e+01
      vertex   -1.527197e+00 1.218878e+01 2.700000e+01
    endloop
  endfacet
  facet normal -2.393157e-01 -9.709418e-01 0.000000e+00
    outer loop
      vertex   -1.527197e+00 1.218878e+01 2.700000e+01
      vertex   -7.898824e-01 1.200705e+01 4.200000e+01
      vertex   -1.527197e+00 1.218878e+01 4.200000e+01
    endloop
  endfacet
  facet normal 0.000000e+00 -1.000000e+00 0.000000e+00
    outer loop
      vertex   -1.527197e+00 1.218878e+01 2.700000e+01
      vertex   -1.527197e+00 1.218878e+01 4.200000e+01
      vertex   -2.286578e+00 1.218878e+01 2.700000e+01
    endloop
  endfacet
  facet normal 0.000000e+00 -1.000000e+00 0.000000e+00
    outer loop
      vertex   -2.286578e+00 1.218878e+01 2.700000e+01
      vertex   -1.527197e+00 1.218878e+01 4.200000e+01
      vertex   -2.286578e+00 1.218878e+01 4.200000e+01
    endloop
  endfacet
  facet normal 2.393157e-01 -9.709418e-01 0.000000e+00
    outer loop
      vertex   -2.286578e+00 1.218878e+01 2.700000e+01
      vertex   -2.286578e+00 1.218878e+01 4.200000e+01
      vertex   -3.023893e+00 1.200705e+01 2.700000e+01
    endloop
  endfacet
  facet normal 2.393157e-01 -9.709418e-01 0.000000e+00
    outer loop
      vertex   -3.023893e+00 1.200705e+01 2.700000e+01
      vertex   -2.286578e+00 1.218878e+01 4.200000e+01
      vertex   -3.023893e+00 1.200705e+01 4.200000e+01
    endloop
  endfacet
  facet normal 4.647232e-01 -8.854560e-01 0.000000e+00
    outer loop
      vertex   -3.023893e+00 1.200705e+01 2.700000e+01
      vertex   -3.023893e+00 1.200705e+01 4.200000e+01
      vertex   -3.696292e+00 1.165415e+01 2.700000e+01
    endloop
  endfacet
  facet normal 4.647232e-01 -8.854560e-01 0.000000e+00
    outer loop
      vertex   -3.696292e+00 1.165415e+01 2.700000e+01
      vertex   -3.023893e+00 1.200705e+01 4.200000e+01
      vertex   -3.696292e+00 1.165415e+01 4.200000e+01
    endloop
  endfacet
  facet normal 6.631227e-01 -7.485107e-01 0.000000e+00
    outer loop
      vertex   -3.696292e+00 1.165415e+01 2.700000e+01
      vertex   -3.696292e+00 1.165415e+01 4.200000e+01
      vertex   -4.264697e+00 1.115059e+01 2.700000e+01
    endloop
  endfacet
  facet normal 6.631227e-01 -7.485107e-01 0.000000e+00
    outer loop
      vertex   -4.264697e+00 1.115059e+01 2.700000e+01
      vertex   -3.696292e+00 1.165415e+01 4.200000e+01
      vertex   -4.264697e+00 1.115059e+01 4.200000e+01
    endloop
  endfacet
  facet normal 8.229839e-01 -5.680647e-01 0.000000e+00
    outer loop
      vertex   -4.264697e+00 1.115059e+01 2.700000e+01
      vertex   -4.264697e+00 1.115059e+01 4.200000e+01
      vertex   -4.696074e+00 1.052563e+01 2.700000e+01
    endloop
  endfacet
  facet normal 8.229839e-01 -5.680647e-01 0.000000e+00
    outer loop
      vertex   -4.696074e+00 1.052563e+01 2.700000e+01
      vertex   -4.264697e+00 1.115059e+01 4.200000e+01
      vertex   -4.696074e+00 1.052563e+01 4.200000e+01
    endloop
  endfacet
  facet normal 9.350162e-01 -3.546049e-01 0.000000e+00
    outer loop
      vertex   -4.696074e+00 1.052563e+01 2.700000e+01
      vertex   -4.696074e+00 1.052563e+01 4.200000e+01
      vertex   -4.965355e+00 9.815594e+00 2.700000e+01
    endloop
  endfacet
  facet normal 9.350162e-01 -3.546049e-01 0.000000e+00
    outer loop
      vertex   -4.965355e+00 9.815594e+00 2.700000e+01
      vertex   -4.696074e+00 1.052563e+01 4.200000e+01
      vertex   -4.965355e+00 9.815594e+00 4.200000e+01
    endloop
  endfacet
  facet normal 0.000000e+00 -0.000000e+00 1.000000e+00
    outer loop
      vertex   -4.965355e+00 8.307905e+00 2.700000e+01
      vertex   1.151579e+00 8.307905e+00 2.700000e+01
      vertex   -5.056888e+00 9.061749e+00 2.700000e+01
    endloop
  endfacet
  facet normal -0.000000e+00 0.000000e+00 1.000000e+00
    outer loop
      vertex   -5.056888e+00 9.061749e+00 2.700000e+01
      vertex   1.151579e+00 8.307905e+00 2.700000e+01
      vertex   1.243112e+00 9.061749e+00 2.700000e+01
    endloop
  endfacet
  facet normal 0.000000e+00 0.000000e+00 1.000000e+00
    outer loop
      vertex   -5.056888e+00 9.061749e+00 2.700000e+01
      vertex   1.243112e+00 9.061749e+00 2.700000e+01
      vertex   -4.965355e+00 9.815594e+00 2.700000e+01
    endloop
  endfacet
  facet normal -0.000000e+00 0.000000e+00 1.000000e+00
    outer loop
      vertex   -4.965355e+00 9.815594e+00 2.700000e+01
      vertex   1.243112e+00 9.061749e+00 2.700000e+01
      vertex   1.151579e+00 9.815594e+00 2.700000e+01
    endloop
  endfacet
  facet normal 0.000000e+00 0.000000e+00 1.000000e+00
    outer loop
      vertex   -4.965355e+00 9.815594e+00 2.700000e+01
      vertex   1.151579e+00 9.815594e+00 2.700000e+01
      vertex   -4.696074e+00 1.052563e+01 2.700000e+01
    endloop
  endfacet
  facet normal -0.000000e+00 0.000000e+00 1.000000e+00
    outer loop
      vertex   -4.696074e+00 1.052563e+01 2.700000e+01
      vertex   1.151579e+00 9.815594e+00 2.700000e+01
      vertex   8.822987e-01 1.052563e+01 2.700000e+01
    endloop
  endfacet
  facet normal 0.000000e+00 0.000000e+00 1.000000e+00
    outer loop
      vertex   -4.696074e+00 1.052563e+01 2.700000e+01
      vertex   8.822987e-01 1.052563e+01 2.700000e+01
      vertex   -4.264697e+00 1.115059e+01 2.700000e+01
    endloop
  endfacet
  facet normal -0.000000e+00 0.000000e+00 1.000000e+00
    outer loop
      vertex   -4.264697e+00 1.115059e+01 2.700000e+01
      vertex   8.822987e-01 1.052563e+01 2.700000e+01
      vertex   4.509210e-01 1.115059e+01 2.700000e+01
    endloop
  endfacet
  facet normal 0.000000e+00 0.000000e+00 1.000000e+00
    outer loop
      vertex   -4.264697e+00 1.115059e+01 2.700000e+01
      vertex   4.509210e-01 1.115059e+01 2.700000e+01
      vertex   -3.696292e+00 1.165415e+01 2.700000e+01
    endloop
  endfacet
  facet normal -0.000000e+00 0.000000e+00 1.000000e+00
    outer loop
      vertex   -3.696292e+00 1.165415e+01 2.700000e+01
      vertex   4.509210e-01 1.115059e+01 2.700000e+01
      vertex   -1.174839e-01 1.165415e+01 2.700000e+01
    endloop
  endfacet
  facet normal 0.000000e+00 0.000000e+00 1.000000e+00
    outer loop
      vertex   -3.696292e+00 1.165415e+01 2.700000e+01
      vertex   -1.174839e-01 1.165415e+01 2.700000e+01
      vertex   -3.023893e+00 1.200705e+01 2.700000e+01
    endloop
  endfacet
  facet normal -0.000000e+00 0.000000e+00 1.000000e+00
    outer loop
      vertex   -3.023893e+00 1.200705e+01 2.700000e+01
      vertex   -1.174839e-01 1.165415e+01 2.700000e+01
      vertex   -7.898824e-01 1.200705e+01 2.700000e+01
    endloop
  endfacet
  facet normal 0.000000e+00 0.000000e+00 1.000000e+00
    outer loop
      vertex   -3.023893e+00 1.200705e+01 2.700000e+01
      vertex   -7.898824e-01 1.200705e+01 2.700000e+01
      vertex   -2.286578e+00 1.218878e+01 2.700000e+01
    endloop
  endfacet
  facet normal -0.000000e+00 0.000000e+00 1.000000e+00
    outer loop
      vertex   -2.286578e+00 1.218878e+01 2.700000e+01
      vertex   -7.898824e-01 1.200705e+01 2.700000e+01
      vertex   -1.527197e+00 1.218878e+01 2.700000e+01
    endloop
  endfacet
  facet normal 0.000000e+00 0.000000e+00 1.000000e+00
    outer loop
      vertex   1.151579e+00 8.307905e+00 2.700000e+01
      vertex   -4.965355e+00 8.307905e+00 2.700000e+01
      vertex   8.822987e-01 7.597871e+00 2.700000e+01
    endloop
  endfacet
  facet normal 0.000000e+00 0.000000e+00 1.000000e+00
    outer loop
      vertex   8.822987e-01 7.597871e+00 2.700000e+01
      vertex   -4.965355e+00 8.307905e+00 2.700000e+01
      vertex   -4.696074e+00 7.597871e+00 2.700000e+01
    endloop
  endfacet
  facet normal 0.000000e+00 0.000000e+00 1.000000e+00
    outer loop
      vertex   8.822987e-01 7.597871e+00 2.700000e+01
      vertex   -4.696074e+00 7.597871e+00 2.700000e+01
      vertex   4.509210e-01 6.972913e+00 2.700000e+01
    endloop
  endfacet
  facet normal 0.000000e+00 0.000000e+00 1.000000e+00
    outer loop
      vertex   4.509210e-01 6.972913e+00 2.700000e+01
      vertex   -4.696074e+00 7.597871e+00 2.700000e+01
      vertex   -4.264697e+00 6.972913e+00 2.700000e+01
    endloop
  endfacet
  facet normal 0.000000e+00 0.000000e+00 1.000000e+00
    outer loop
      vertex   4.509210e-01 6.972913e+00 2.700000e+01
      vertex   -4.264697e+00 6.972913e+00 2.700000e+01
      vertex   -1.174839e-01 6.469350e+00 2.700000e+01
    endloop
  endfacet
  facet normal 0.000000e+00 0.000000e+00 1.000000e+00
    outer loop
      vertex   -1.174839e-01 6.469350e+00 2.700000e+01
      vertex   -4.264697e+00 6.972913e+00 2.700000e+01
      vertex   -3.696292e+00 6.469350e+00 2.700000e+01
    endloop
  endfacet
  facet normal 0.000000e+00 0.000000e+00 1.000000e+00
    outer loop
      vertex   -1.174839e-01 6.469350e+00 2.700000e+01
      vertex   -3.696292e+00 6.469350e+00 2.700000e+01
      vertex   -7.898824e-01 6.116448e+00 2.700000e+01
    endloop
  endfacet
  facet normal 0.000000e+00 0.000000e+00 1.000000e+00
    outer loop
      vertex   -7.898824e-01 6.116448e+00 2.700000e+01
      vertex   -3.696292e+00 6.469350e+00 2.700000e+01
      vertex   -3.023893e+00 6.116448e+00 2.700000e+01
    endloop
  endfacet
  facet normal 0.000000e+00 0.000000e+00 1.000000e+00
    outer loop
      vertex   -7.898824e-01 6.116448e+00 2.700000e+01
      vertex   -3.023893e+00 6.116448e+00 2.700000e+01
      vertex   -1.527197e+00 5.934717e+00 2.700000e+01
    endloop
  endfacet
  facet normal 0.000000e+00 0.000000e+00 1.000000e+00
    outer loop
      vertex   -1.527197e+00 5.934717e+00 2.700000e+01
      vertex   -3.023893e+00 6.116448e+00 2.700000e+01
      vertex   -2.286578e+00 5.934717e+00 2.700000e+01
    endloop
  endfacet
  facet normal 9.927089e-01 -1.205367e-01 0.000000e+00
    outer loop
      vertex   -4.965355e+00 -8.184406e+00 2.700000e+01
      vertex   -4.965355e+00 -8.184406e+00 4.200000e+01
      vertex   -5.056888e+00 -8.938251e+00 2.700000e+01
    endloop
  endfacet
  facet normal 9.927089e-01 -1.205367e-01 0.000000e+00
    outer loop
      vertex   -5.056888e+00 -8.938251e+00 2.700000e+01
      vertex   -4.965355e+00 -8.184406e+00 4.200000e+01
      vertex   -5.056888e+00 -8.938251e+00 4.200000e+01
    endloop
  endfacet
  facet normal 9.927089e-01 1.205367e-01 -0.000000e+00
    outer loop
      vertex   -5.056888e+00 -8.938251e+00 2.700000e+01
      vertex   -5.056888e+00 -8.938251e+00 4.200000e+01
      vertex   -4.965355e+00 -9.692095e+00 2.700000e+01
    endloop
  endfacet
  facet normal 9.927089e-01 1.205367e-01 -0.000000e+00
    outer loop
      vertex   -4.965355e+00 -9.692095e+00 2.700000e+01
      vertex   -5.056888e+00 -8.938251e+00 4.200000e+01
      vertex   -4.965355e+00 -9.692095e+00 4.200000e+01
    endloop
  endfacet
  facet normal 9.350162e-01 3.546049e-01 -0.000000e+00
    outer loop
      vertex   -4.965355e+00 -9.692095e+00 2.700000e+01
      vertex   -4.965355e+00 -9.692095e+00 4.200000e+01
      vertex   -4.696074e+00 -1.040213e+01 2.700000e+01
    endloop
  endfacet
  facet normal 9.350162e-01 3.546049e-01 -0.000000e+00
    outer loop
      vertex   -4.696074e+00 -1.040213e+01 2.700000e+01
      vertex   -4.965355e+00 -9.692095e+00 4.200000e+01
      vertex   -4.696074e+00 -1.040213e+01 4.200000e+01
    endloop
  endfacet
  facet normal 8.229839e-01 5.680647e-01 -0.000000e+00
    outer loop
      vertex   -4.696074e+00 -1.040213e+01 2.700000e+01
      vertex   -4.696074e+00 -1.040213e+01 4.200000e+01
      vertex   -4.264697e+00 -1.102709e+01 2.700000e+01
    endloop
  endfacet
  facet normal 8.229839e-01 5.680647e-01 -0.000000e+00
    outer loop
      vertex   -4.264697e+00 -1.102709e+01 2.700000e+01
      vertex   -4.696074e+00 -1.040213e+01 4.200000e+01
      vertex   -4.264697e+00 -1.102709e+01 4.200000e+01
    endloop
  endfacet
  facet normal 6.631227e-01 7.485107e-01 -0.000000e+00
    outer loop
      vertex   -4.264697e+00 -1.102709e+01 2.700000e+01
      vertex   -4.264697e+00 -1.102709e+01 4.200000e+01
      vertex   -3.696292e+00 -1.153065e+01 2.700000e+01
    endloop
  endfacet
  facet normal 6.631227e-01 7.485107e-01 -0.000000e+00
    outer loop
      vertex   -3.696292e+00 -1.153065e+01 2.700000e+01
      vertex   -4.264697e+00 -1.102709e+01 4.200000e+01
      vertex   -3.696292e+00 -1.153065e+01 4.200000e+01
    endloop
  endfacet
  facet normal 4.647232e-01 8.854560e-01 -0.000000e+00
    outer loop
      vertex   -3.696292e+00 -1.153065e+01 2.700000e+01
      vertex   -3.696292e+00 -1.153065e+01 4.200000e+01
      vertex   -3.023893e+00 -1.188355e+01 2.700000e+01
    endloop
  endfacet
  facet normal 4.647232e-01 8.854560e-01 -0.000000e+00
    outer loop
      vertex   -3.023893e+00 -1.188355e+01 2.700000e+01
      vertex   -3.696292e+00 -1.153065e+01 4.200000e+01
      vertex   -3.023893e+00 -1.188355e+01 4.200000e+01
    endloop
  endfacet
  facet normal 2.393157e-01 9.709418e-01 -0.000000e+00
    outer loop
      vertex   -3.023893e+00 -1.188355e+01 2.700000e+01
      vertex   -3.023893e+00 -1.188355e+01 4.200000e+01
      vertex   -2.286578e+00 -1.206528e+01 2.700000e+01
    endloop
  endfacet
  facet normal 2.393157e-01 9.709418e-01 -0.000000e+00
    outer loop
      vertex   -2.286578e+00 -1.206528e+01 2.700000e+01
      vertex   -3.023893e+00 -1.188355e+01 4.200000e+01
      vertex   -2.286578e+00 -1.206528e+01 4.200000e+01
    endloop
  endfacet
  facet normal 0.000000e+00 1.000000e+00 0.000000e+00
    outer loop
      vertex   -2.286578e+00 -1.206528e+01 2.700000e+01
      vertex   -2.286578e+00 -1.206528e+01 4.200000e+01
      vertex   -1.527197e+00 -1.206528e+01 2.700000e+01
    endloop
  endfacet
  facet normal 0.000000e+00 1.000000e+00 -0.000000e+00
    outer loop
      vertex   -1.527197e+00 -1.206528e+01 2.700000e+01
      vertex   -2.286578e+00 -1.206528e+01 4.200000e+01
      vertex   -1.527197e+00 -1.206528e+01 4.200000e+01
    endloop
  endfacet
  facet normal -2.393157e-01 9.709418e-01 0.000000e+00
    outer loop
      vertex   -1.527197e+00 -1.206528e+01 2.700000e+01
      vertex   -1.527197e+00 -1.206528e+01 4.200000e+01
      vertex   -7.898824e-01 -1.188355e+01 2.700000e+01
    endloop
  endfacet
  facet normal -2.393157e-01 9.709418e-01 0.000000e+00
    outer loop
      vertex   -7.898824e-01 -1.188355e+01 2.700000e+01
      vertex   -1.527197e+00 -1.206528e+01 4.200000e+01
      vertex   -7.898824e-01 -1.188355e+01 4.200000e+01
    endloop
  endfacet
  facet normal -4.647232e-01 8.854560e-01 0.000000e+00
    outer loop
      vertex   -7.898824e-01 -1.188355e+01 2.700000e+01
      vertex   -7.898824e-01 -1.188355e+01 4.200000e+01
      vertex   -1.174839e-01 -1.153065e+01 2.700000e+01
    endloop
  endfacet
  facet normal -4.647232e-01 8.854560e-01 0.000000e+00
    outer loop
      vertex   -1.174839e-01 -1.153065e+01 2.700000e+01
      vertex   -7.898824e-01 -1.188355e+01 4.200000e+01
      vertex   -1.174839e-01 -1.153065e+01 4.200000e+01
    endloop
  endfacet
  facet normal -6.631227e-01 7.485107e-01 0.000000e+00
    outer loop
      vertex   -1.174839e-01 -1.153065e+01 2.700000e+01
      vertex   -1.174839e-01 -1.153065e+01 4.200000e+01
      vertex   4.509210e-01 -1.102709e+01 2.700000e+01
    endloop
  endfacet
  facet normal -6.631227e-01 7.485107e-01 0.000000e+00
    outer loop
      vertex   4.509210e-01 -1.102709e+01 2.700000e+01
      vertex   -1.174839e-01 -1.153065e+01 4.200000e+01
      vertex   4.509210e-01 -1.102709e+01 4.200000e+01
    endloop
  endfacet
  facet normal -8.229839e-01 5.680647e-01 0.000000e+00
    outer loop
      vertex   4.509210e-01 -1.102709e+01 2.700000e+01
      vertex   4.509210e-01 -1.102709e+01 4.200000e+01
      vertex   8.822987e-01 -1.040213e+01 2.700000e+01
    endloop
  endfacet
  facet normal -8.229839e-01 5.680647e-01 0.000000e+00
    outer loop
      vertex   8.822987e-01 -1.040213e+01 2.700000e+01
      vertex   4.509210e-01 -1.102709e+01 4.200000e+01
      vertex   8.822987e-01 -1.040213e+01 4.200000e+01
    endloop
  endfacet
  facet normal -9.350162e-01 3.546049e-01 0.000000e+00
    outer loop
      vertex   8.822987e-01 -1.040213e+01 2.700000e+01
      vertex   8.822987e-01 -1.040213e+01 4.200000e+01
      vertex   1.151579e+00 -9.692095e+00 2.700000e+01
    endloop
  endfacet
  facet normal -9.350162e-01 3.546049e-01 0.000000e+00
    outer loop
      vertex   1.151579e+00 -9.692095e+00 2.700000e+01
      vertex   8.822987e-01 -1.040213e+01 4.200000e+01
      vertex   1.151579e+00 -9.692095e+00 4.200000e+01
    endloop
  endfacet
  facet normal -9.927089e-01 1.205367e-01 0.000000e+00
    outer loop
      vertex   1.151579e+00 -9.692095e+00 2.700000e+01
      vertex   1.151579e+00 -9.692095e+00 4.200000e+01
      vertex   1.243112e+00 -8.938251e+00 2.700000e+01
    endloop
  endfacet
  facet normal -9.927089e-01 1.205367e-01 0.000000e+00
    outer loop
      vertex   1.243112e+00 -8.938251e+00 2.700000e+01
      vertex   1.151579e+00 -9.692095e+00 4.200000e+01
      vertex   1.243112e+00 -8.938251e+00 4.200000e+01
    endloop
  endfacet
  facet normal -9.927089e-01 -1.205367e-01 0.000000e+00
    outer loop
      vertex   1.243112e+00 -8.938251e+00 2.700000e+01
      vertex   1.243112e+00 -8.938251e+00 4.200000e+01
      vertex   1.151579e+00 -8.184406e+00 2.700000e+01
    endloop
  endfacet
  facet normal -9.927089e-01 -1.205367e-01 0.000000e+00
    outer loop
      vertex   1.151579e+00 -8.184406e+00 2.700000e+01
      vertex   1.243112e+00 -8.938251e+00 4.200000e+01
      vertex   1.151579e+00 -8.184406e+00 4.200000e+01
    endloop
  endfacet
  facet normal -9.350162e-01 -3.546049e-01 0.000000e+00
    outer loop
      vertex   1.151579e+00 -8.184406e+00 2.700000e+01
      vertex   1.151579e+00 -8.184406e+00 4.200000e+01
      vertex   8.822987e-01 -7.474373e+00 2.700000e+01
    endloop
  endfacet
  facet normal -9.350162e-01 -3.546049e-01 0.000000e+00
    outer loop
      vertex   8.822987e-01 -7.474373e+00 2.700000e+01
      vertex   1.151579e+00 -8.184406e+00 4.200000e+01
      vertex   8.822987e-01 -7.474373e+00 4.200000e+01
    endloop
  endfacet
  facet normal -8.229839e-01 -5.680647e-01 0.000000e+00
    outer loop
      vertex   8.822987e-01 -7.474373e+00 2.700000e+01
      vertex   8.822987e-01 -7.474373e+00 4.200000e+01
      vertex   4.509210e-01 -6.849414e+00 2.700000e+01
    endloop
  endfacet
  facet normal -8.229839e-01 -5.680647e-01 0.000000e+00
    outer loop
      vertex   4.509210e-01 -6.849414e+00 2.700000e+01
      vertex   8.822987e-01 -7.474373e+00 4.200000e+01
      vertex   4.509210e-01 -6.849414e+00 4.200000e+01
    endloop
  endfacet
  facet normal -6.631227e-01 -7.485107e-01 0.000000e+00
    outer loop
      vertex   4.509210e-01 -6.849414e+00 2.700000e+01
      vertex   4.509210e-01 -6.849414e+00 4.200000e+01
      vertex   -1.174839e-01 -6.345851e+00 2.700000e+01
    endloop
  endfacet
  facet normal -6.631227e-01 -7.485107e-01 0.000000e+00
    outer loop
      vertex   -1.174839e-01 -6.345851e+00 2.700000e+01
      vertex   4.509210e-01 -6.849414e+00 4.200000e+01
      vertex   -1.174839e-01 -6.345851e+00 4.200000e+01
    endloop
  endfacet
  facet normal -4.647232e-01 -8.854560e-01 0.000000e+00
    outer loop
      vertex   -1.174839e-01 -6.345851e+00 2.700000e+01
      vertex   -1.174839e-01 -6.345851e+00 4.200000e+01
      vertex   -7.898824e-01 -5.992949e+00 2.700000e+01
    endloop
  endfacet
  facet normal -4.647232e-01 -8.854560e-01 0.000000e+00
    outer loop
      vertex   -7.898824e-01 -5.992949e+00 2.700000e+01
      vertex   -1.174839e-01 -6.345851e+00 4.200000e+01
      vertex   -7.898824e-01 -5.992949e+00 4.200000e+01
    endloop
  endfacet
  facet normal -2.393157e-01 -9.709418e-01 0.000000e+00
    outer loop
      vertex   -7.898824e-01 -5.992949e+00 2.700000e+01
      vertex   -7.898824e-01 -5.992949e+00 4.200000e+01
      vertex   -1.527197e+00 -5.811218e+00 2.700000e+01
    endloop
  endfacet
  facet normal -2.393157e-01 -9.709418e-01 0.000000e+00
    outer loop
      vertex   -1.527197e+00 -5.811218e+00 2.700000e+01
      vertex   -7.898824e-01 -5.992949e+00 4.200000e+01
      vertex   -1.527197e+00 -5.811218e+00 4.200000e+01
    endloop
  endfacet
  facet normal 0.000000e+00 -1.000000e+00 0.000000e+00
    outer loop
      vertex   -1.527197e+00 -5.811218e+00 2.700000e+01
      vertex   -1.527197e+00 -5.811218e+00 4.200000e+01
      vertex   -2.286578e+00 -5.811218e+00 2.700000e+01
    endloop
  endfacet
  facet normal 0.000000e+00 -1.000000e+00 0.000000e+00
    outer loop
      vertex   -2.286578e+00 -5.811218e+00 2.700000e+01
      vertex   -1.527197e+00 -5.811218e+00 4.200000e+01
      vertex   -2.286578e+00 -5.811218e+00 4.200000e+01
    endloop
  endfacet
  facet normal 2.393157e-01 -9.709418e-01 0.000000e+00
    outer loop
      vertex   -2.286578e+00 -5.811218e+00 2.700000e+01
      vertex   -2.286578e+00 -5.811218e+00 4.200000e+01
      vertex   -3.023893e+00 -5.992949e+00 2.700000e+01
    endloop
  endfacet
  facet normal 2.393157e-01 -9.709418e-01 0.000000e+00
    outer loop
      vertex   -3.023893e+00 -5.992949e+00 2.700000e+01
      vertex   -2.286578e+00 -5.811218e+00 4.200000e+01
      vertex   -3.023893e+00 -5.992949e+00 4.200000e+01
    endloop
  endfacet
  facet normal 4.647232e-01 -8.854560e-01 0.000000e+00
    outer loop
      vertex   -3.023893e+00 -5.992949e+00 2.700000e+01
      vertex   -3.023893e+00 -5.992949e+00 4.200000e+01
      vertex   -3.696292e+00 -6.345851e+00 2.700000e+01
    endloop
  endfacet
  facet normal 4.647232e-01 -8.854560e-01 0.000000e+00
    outer loop
      vertex   -3.696292e+00 -6.345851e+00 2.700000e+01
      vertex   -3.023893e+00 -5.992949e+00 4.200000e+01
      vertex   -3.696292e+00 -6.345851e+00 4.200000e+01
    endloop
  endfacet
  facet normal 6.631227e-01 -7.485107e-01 0.000000e+00
    outer loop
      vertex   -3.696292e+00 -6.345851e+00 2.700000e+01
      vertex   -3.696292e+00 -6.345851e+00 4.200000e+01
      vertex   -4.264697e+00 -6.849414e+00 2.700000e+01
    endloop
  endfacet
  facet normal 6.631227e-01 -7.485107e-01 0.000000e+00
    outer loop
      vertex   -4.264697e+00 -6.849414e+00 2.700000e+01
      vertex   -3.696292e+00 -6.345851e+00 4.200000e+01
      vertex   -4.264697e+00 -6.849414e+00 4.200000e+01
    endloop
  endfacet
  facet normal 8.229839e-01 -5.680647e-01 0.000000e+00
    outer loop
      vertex   -4.264697e+00 -6.849414e+00 2.700000e+01
      vertex   -4.264697e+00 -6.849414e+00 4.200000e+01
      vertex   -4.696074e+00 -7.474373e+00 2.700000e+01
    endloop
  endfacet
  facet normal 8.229839e-01 -5.680647e-01 0.000000e+00
    outer loop
      vertex   -4.696074e+00 -7.474373e+00 2.700000e+01
      vertex   -4.264697e+00 -6.849414e+00 4.200000e+01
      vertex   -4.696074e+00 -7.474373e+00 4.200000e+01
    endloop
  endfacet
  facet normal 9.350162e-01 -3.546049e-01 0.000000e+00
    outer loop
      vertex   -4.696074e+00 -7.474373e+00 2.700000e+01
      vertex   -4.696074e+00 -7.474373e+00 4.200000e+01
      vertex   -4.965355e+00 -8.184406e+00 2.700000e+01
    endloop
  endfacet
  facet normal 9.350162e-01 -3.546049e-01 0.000000e+00
    outer loop
      vertex   -4.965355e+00 -8.184406e+00 2.700000e+01
      vertex   -4.696074e+00 -7.474373e+00 4.200000e+01
      vertex   -4.965355e+00 -8.184406e+00 4.200000e+01
    endloop
  endfacet
  facet normal 0.000000e+00 -0.000000e+00 1.000000e+00
    outer loop
      vertex   -4.965355e+00 -9.692095e+00 2.700000e+01
      vertex   1.151579e+00 -9.692095e+00 2.700000e+01
      vertex   -5.056888e+00 -8.938251e+00 2.700000e+01
    endloop
  endfacet
  facet normal -0.000000e+00 0.000000e+00 1.000000e+00
    outer loop
      vertex   -5.056888e+00 -8.938251e+00 2.700000e+01
      vertex   1.151579e+00 -9.692095e+00 2.700000e+01
      vertex   1.243112e+00 -8.938251e+00 2.700000e+01
    endloop
  endfacet
  facet normal 0.000000e+00 0.000000e+00 1.000000e+00
    outer loop
      vertex   -5.056888e+00 -8.938251e+00 2.700000e+01
      vertex   1.243112e+00 -8.938251e+00 2.700000e+01
      vertex   -4.965355e+00 -8.184406e+00 2.700000e+01
    endloop
  endfacet
  facet normal -0.000000e+00 0.000000e+00 1.000000e+00
    outer loop
      vertex   -4.965355e+00 -8.184406e+00 2.700000e+01
      vertex   1.243112e+00 -8.938251e+00 2.700000e+01
      vertex   1.151579e+00 -8.184406e+00 2.700000e+01
    endloop
  endfacet
  facet normal 0.000000e+00 0.000000e+00 1.000000e+00
    outer loop
      vertex   -4.965355e+00 -8.184406e+00 2.700000e+01
      vertex   1.151579e+00 -8.184406e+00 2.700000e+01
      vertex   -4.696074e+00 -7.474373e+00 2.700000e+01
    endloop
  endfacet
  facet normal -0.000000e+00 0.000000e+00 1.000000e+00
    outer loop
      vertex   -4.696074e+00 -7.474373e+00 2.700000e+01
      vertex   1.151579e+00 -8.184406e+00 2.700000e+01
      vertex   8.822987e-01 -7.474373e+00 2.700000e+01
    endloop
  endfacet
  facet normal 0.000000e+00 0.000000e+00 1.000000e+00
    outer loop
      vertex   -4.696074e+00 -7.474373e+00 2.700000e+01
      vertex   8.822987e-01 -7.474373e+00 2.700000e+01
      vertex   -4.264697e+00 -6.849414e+00 2.700000e+01
    endloop
  endfacet
  facet normal -0.000000e+00 0.000000e+00 1.000000e+00
    outer loop
      vertex   -4.264697e+00 -6.849414e+00 2.700000e+01
      vertex   8.822987e-01 -7.474373e+00 2.700000e+01
      vertex   4.509210e-01 -6.849414e+00 2.700000e+01
    endloop
  endfacet
  facet normal 0.000000e+00 0.000000e+00 1.000000e+00
    outer loop
      vertex   -4.264697e+00 -6.849414e+00 2.700000e+01
      vertex   4.509210e-01 -6.849414e+00 2.700000e+01
      vertex   -3.696292e+00 -6.345851e+00 2.700000e+01
    endloop
  endfacet
  facet normal -0.000000e+00 0.000000e+00 1.000000e+00
    outer loop
      vertex   -3.696292e+00 -6.345851e+00 2.700000e+01
      vertex   4.509210e-01 -6.849414e+00 2.700000e+01
      vertex   -1.174839e-01 -6.345851e+00 2.700000e+01
    endloop
  endfacet
  facet normal 0.000000e+00 0.000000e+00 1.000000e+00
    outer loop
      vertex   -3.696292e+00 -6.345851e+00 2.700000e+01
      vertex   -1.174839e-01 -6.345851e+00 2.700000e+01
      vertex   -3.023893e+00 -5.992949e+00 2.700000e+01
    endloop
  endfacet
  facet normal -0.000000e+00 0.000000e+00 1.000000e+00
    outer loop
      vertex   -3.023893e+00 -5.992949e+00 2.700000e+01
      vertex   -1.174839e-01 -6.345851e+00 2.700000e+01
      vertex   -7.898824e-01 -5.992949e+00 2.700000e+01
    endloop
  endfacet
  facet normal 0.000000e+00 0.000000e+00 1.000000e+00
    outer loop
      vertex   -3.023893e+00 -5.992949e+00 2.700000e+01
      vertex   -7.898824e-01 -5.992949e+00 2.700000e+01
      vertex   -2.286578e+00 -5.811218e+00 2.700000e+01
    endloop
  endfacet
  facet normal -0.000000e+00 0.000000e+00 1.000000e+00
    outer loop
      vertex   -2.286578e+00 -5.811218e+00 2.700000e+01
      vertex   -7.898824e-01 -5.992949e+00 2.700000e+01
      vertex   -1.527197e+00 -5.811218e+00 2.700000e+01
    endloop
  endfacet
  facet normal 0.000000e+00 0.000000e+00 1.000000e+00
    outer loop
      vertex   1.151579e+00 -9.692095e+00 2.700000e+01
      vertex   -4.965355e+00 -9.692095e+00 2.700000e+01
      vertex   8.822987e-01 -1.040213e+01 2.700000e+01
    endloop
  endfacet
  facet normal 0.000000e+00 0.000000e+00 1.000000e+00
    outer loop
      vertex   8.822987e-01 -1.040213e+01 2.700000e+01
      vertex   -4.965355e+00 -9.692095e+00 2.700000e+01
      vertex   -4.696074e+00 -1.040213e+01 2.700000e+01
    endloop
  endfacet
  facet normal 0.000000e+00 0.000000e+00 1.000000e+00
    outer loop
      vertex   8.822987e-01 -1.040213e+01 2.700000e+01
      vertex   -4.696074e+00 -1.040213e+01 2.700000e+01
      vertex   4.509210e-01 -1.102709e+01 2.700000e+01
    endloop
  endfacet
  facet normal 0.000000e+00 0.000000e+00 1.000000e+00
    outer loop
      vertex   4.509210e-01 -1.102709e+01 2.700000e+01
      vertex   -4.696074e+00 -1.040213e+01 2.700000e+01
      vertex   -4.264697e+00 -1.102709e+01 2.700000e+01
    endloop
  endfacet
  facet normal 0.000000e+00 0.000000e+00 1.000000e+00
    outer loop
      vertex   4.509210e-01 -1.102709e+01 2.700000e+01
      vertex   -4.264697e+00 -1.102709e+01 2.700000e+01
      vertex   -1.174839e-01 -1.153065e+01 2.700000e+01
    endloop
  endfacet
  facet normal 0.000000e+00 0.000000e+00 1.000000e+00
    outer loop
      vertex   -1.174839e-01 -1.153065e+01 2.700000e+01
      vertex   -4.264697e+00 -1.102709e+01 2.700000e+01
      vertex   -3.696292e+00 -1.153065e+01 2.700000e+01
    endloop
  endfacet
  facet normal 0.000000e+00 0.000000e+00 1.000000e+00
    outer loop
      vertex   -1.174839e-01 -1.153065e+01 2.700000e+01
      vertex   -3.696292e+00 -1.153065e+01 2.700000e+01
      vertex   -7.898824e-01 -1.188355e+01 2.700000e+01
    endloop
  endfacet
  facet normal 0.000000e+00 0.000000e+00 1.000000e+00
    outer loop
      vertex   -7.898824e-01 -1.188355e+01 2.700000e+01
      vertex   -3.696292e+00 -1.153065e+01 2.700000e+01
      vertex   -3.023893e+00 -1.188355e+01 2.700000e+01
    endloop
  endfacet
  facet normal 0.000000e+00 0.000000e+00 1.000000e+00
    outer loop
      vertex   -7.898824e-01 -1.188355e+01 2.700000e+01
      vertex   -3.023893e+00 -1.188355e+01 2.700000e+01
      vertex   -1.527197e+00 -1.206528e+01 2.700000e+01
    endloop
  endfacet
  facet normal 0.000000e+00 0.000000e+00 1.000000e+00
    outer loop
      vertex   -1.527197e+00 -1.206528e+01 2.700000e+01
      vertex   -3.023893e+00 -1.188355e+01 2.700000e+01
      vertex   -2.286578e+00 -1.206528e+01 2.700000e+01
    endloop
  endfacet
  facet normal 9.927089e-01 -1.205367e-01 0.000000e+00
    outer loop
      vertex   -1.396535e+01 8.155938e-01 2.700000e+01
      vertex   -1.396535e+01 8.155938e-01 4.200000e+01
      vertex   -1.405689e+01 6.174949e-02 2.700000e+01
    endloop
  endfacet
  facet normal 9.927089e-01 -1.205367e-01 0.000000e+00
    outer loop
      vertex   -1.405689e+01 6.174949e-02 2.700000e+01
      vertex   -1.396535e+01 8.155938e-01 4.200000e+01
      vertex   -1.405689e+01 6.174949e-02 4.200000e+01
    endloop
  endfacet
  facet normal 9.927089e-01 1.205367e-01 -0.000000e+00
    outer loop
      vertex   -1.405689e+01 6.174949e-02 2.700000e+01
      vertex   -1.405689e+01 6.174949e-02 4.200000e+01
      vertex   -1.396535e+01 -6.920949e-01 2.700000e+01
    endloop
  endfacet
  facet normal 9.927089e-01 1.205367e-01 -0.000000e+00
    outer loop
      vertex   -1.396535e+01 -6.920949e-01 2.700000e+01
      vertex   -1.405689e+01 6.174949e-02 4.200000e+01
      vertex   -1.396535e+01 -6.920949e-01 4.200000e+01
    endloop
  endfacet
  facet normal 9.350162e-01 3.546049e-01 -0.000000e+00
    outer loop
      vertex   -1.396535e+01 -6.920949e-01 2.700000e+01
      vertex   -1.396535e+01 -6.920949e-01 4.200000e+01
      vertex   -1.369607e+01 -1.402129e+00 2.700000e+01
    endloop
  endfacet
  facet normal 9.350162e-01 3.546049e-01 -0.000000e+00
    outer loop
      vertex   -1.369607e+01 -1.402129e+00 2.700000e+01
      vertex   -1.396535e+01 -6.920949e-01 4.200000e+01
      vertex   -1.369607e+01 -1.402129e+00 4.200000e+01
    endloop
  endfacet
  facet normal 8.229839e-01 5.680647e-01 -0.000000e+00
    outer loop
      vertex   -1.369607e+01 -1.402129e+00 2.700000e+01
      vertex   -1.369607e+01 -1.402129e+00 4.200000e+01
      vertex   -1.326470e+01 -2.027087e+00 2.700000e+01
    endloop
  endfacet
  facet normal 8.229839e-01 5.680647e-01 -0.000000e+00
    outer loop
      vertex   -1.326470e+01 -2.027087e+00 2.700000e+01
      vertex   -1.369607e+01 -1.402129e+00 4.200000e+01
      vertex   -1.326470e+01 -2.027087e+00 4.200000e+01
    endloop
  endfacet
  facet normal 6.631227e-01 7.485107e-01 -0.000000e+00
    outer loop
      vertex   -1.326470e+01 -2.027087e+00 2.700000e+01
      vertex   -1.326470e+01 -2.027087e+00 4.200000e+01
      vertex   -1.269629e+01 -2.530650e+00 2.700000e+01
    endloop
  endfacet
  facet normal 6.631227e-01 7.485107e-01 -0.000000e+00
    outer loop
      vertex   -1.269629e+01 -2.530650e+00 2.700000e+01
      vertex   -1.326470e+01 -2.027087e+00 4.200000e+01
      vertex   -1.269629e+01 -2.530650e+00 4.200000e+01
    endloop
  endfacet
  facet normal 4.647232e-01 8.854560e-01 -0.000000e+00
    outer loop
      vertex   -1.269629e+01 -2.530650e+00 2.700000e+01
      vertex   -1.269629e+01 -2.530650e+00 4.200000e+01
      vertex   -1.202389e+01 -2.883552e+00 2.700000e+01
    endloop
  endfacet
  facet normal 4.647232e-01 8.854560e-01 -0.000000e+00
    outer loop
      vertex   -1.202389e+01 -2.883552e+00 2.700000e+01
      vertex   -1.269629e+01 -2.530650e+00 4.200000e+01
      vertex   -1.202389e+01 -2.883552e+00 4.200000e+01
    endloop
  endfacet
  facet normal 2.393157e-01 9.709418e-01 -0.000000e+00
    outer loop
      vertex   -1.202389e+01 -2.883552e+00 2.700000e+01
      vertex   -1.202389e+01 -2.883552e+00 4.200000e+01
      vertex   -1.128658e+01 -3.065283e+00 2.700000e+01
    endloop
  endfacet
  facet normal 2.393157e-01 9.709418e-01 -0.000000e+00
    outer loop
      vertex   -1.128658e+01 -3.065283e+00 2.700000e+01
      vertex   -1.202389e+01 -2.883552e+00 4.200000e+01
      vertex   -1.128658e+01 -3.065283e+00 4.200000e+01
    endloop
  endfacet
  facet normal 0.000000e+00 1.000000e+00 0.000000e+00
    outer loop
      vertex   -1.128658e+01 -3.065283e+00 2.700000e+01
      vertex   -1.128658e+01 -3.065283e+00 4.200000e+01
      vertex   -1.052720e+01 -3.065283e+00 2.700000e+01
    endloop
  endfacet
  facet normal 0.000000e+00 1.000000e+00 -0.000000e+00
    outer loop
      vertex   -1.052720e+01 -3.065283e+00 2.700000e+01
      vertex   -1.128658e+01 -3.065283e+00 4.200000e+01
      vertex   -1.052720e+01 -3.065283e+00 4.200000e+01
    endloop
  endfacet
  facet normal -2.393157e-01 9.709418e-01 0.000000e+00
    outer loop
      vertex   -1.052720e+01 -3.065283e+00 2.700000e+01
      vertex   -1.052720e+01 -3.065283e+00 4.200000e+01
      vertex   -9.789882e+00 -2.883552e+00 2.700000e+01
    endloop
  endfacet
  facet normal -2.393157e-01 9.709418e-01 0.000000e+00
    outer loop
      vertex   -9.789882e+00 -2.883552e+00 2.700000e+01
      vertex   -1.052720e+01 -3.065283e+00 4.200000e+01
      vertex   -9.789882e+00 -2.883552e+00 4.200000e+01
    endloop
  endfacet
  facet normal -4.647232e-01 8.854560e-01 0.000000e+00
    outer loop
      vertex   -9.789882e+00 -2.883552e+00 2.700000e+01
      vertex   -9.789882e+00 -2.883552e+00 4.200000e+01
      vertex   -9.117484e+00 -2.530650e+00 2.700000e+01
    endloop
  endfacet
  facet normal -4.647232e-01 8.854560e-01 0.000000e+00
    outer loop
      vertex   -9.117484e+00 -2.530650e+00 2.700000e+01
      vertex   -9.789882e+00 -2.883552e+00 4.200000e+01
      vertex   -9.117484e+00 -2.530650e+00 4.200000e+01
    endloop
  endfacet
  facet normal -6.631227e-01 7.485107e-01 0.000000e+00
    outer loop
      vertex   -9.117484e+00 -2.530650e+00 2.700000e+01
      vertex   -9.117484e+00 -2.530650e+00 4.200000e+01
      vertex   -8.549079e+00 -2.027087e+00 2.700000e+01
    endloop
  endfacet
  facet normal -6.631227e-01 7.485107e-01 0.000000e+00
    outer loop
      vertex   -8.549079e+00 -2.027087e+00 2.700000e+01
      vertex   -9.117484e+00 -2.530650e+00 4.200000e+01
      vertex   -8.549079e+00 -2.027087e+00 4.200000e+01
    endloop
  endfacet
  facet normal -8.229839e-01 5.680647e-01 0.000000e+00
    outer loop
      vertex   -8.549079e+00 -2.027087e+00 2.700000e+01
      vertex   -8.549079e+00 -2.027087e+00 4.200000e+01
      vertex   -8.117701e+00 -1.402129e+00 2.700000e+01
    endloop
  endfacet
  facet normal -8.229839e-01 5.680647e-01 0.000000e+00
    outer loop
      vertex   -8.117701e+00 -1.402129e+00 2.700000e+01
      vertex   -8.549079e+00 -2.027087e+00 4.200000e+01
      vertex   -8.117701e+00 -1.402129e+00 4.200000e+01
    endloop
  endfacet
  facet normal -9.350162e-01 3.546049e-01 0.000000e+00
    outer loop
      vertex   -8.117701e+00 -1.402129e+00 2.700000e+01
      vertex   -8.117701e+00 -1.402129e+00 4.200000e+01
      vertex   -7.848421e+00 -6.920949e-01 2.700000e+01
    endloop
  endfacet
  facet normal -9.350162e-01 3.546049e-01 0.000000e+00
    outer loop
      vertex   -7.848421e+00 -6.920949e-01 2.700000e+01
      vertex   -8.117701e+00 -1.402129e+00 4.200000e+01
      vertex   -7.848421e+00 -6.920949e-01 4.200000e+01
    endloop
  endfacet
  facet normal -9.927089e-01 1.205367e-01 0.000000e+00
    outer loop
      vertex   -7.848421e+00 -6.920949e-01 2.700000e+01
      vertex   -7.848421e+00 -6.920949e-01 4.200000e+01
      vertex   -7.756888e+00 6.174949e-02 2.700000e+01
    endloop
  endfacet
  facet normal -9.927089e-01 1.205367e-01 0.000000e+00
    outer loop
      vertex   -7.756888e+00 6.174949e-02 2.700000e+01
      vertex   -7.848421e+00 -6.920949e-01 4.200000e+01
      vertex   -7.756888e+00 6.174949e-02 4.200000e+01
    endloop
  endfacet
  facet normal -9.927089e-01 -1.205367e-01 0.000000e+00
    outer loop
      vertex   -7.756888e+00 6.174949e-02 2.700000e+01
      vertex   -7.756888e+00 6.174949e-02 4.200000e+01
      vertex   -7.848421e+00 8.155938e-01 2.700000e+01
    endloop
  endfacet
  facet normal -9.927089e-01 -1.205367e-01 0.000000e+00
    outer loop
      vertex   -7.848421e+00 8.155938e-01 2.700000e+01
      vertex   -7.756888e+00 6.174949e-02 4.200000e+01
      vertex   -7.848421e+00 8.155938e-01 4.200000e+01
    endloop
  endfacet
  facet normal -9.350162e-01 -3.546049e-01 0.000000e+00
    outer loop
      vertex   -7.848421e+00 8.155938e-01 2.700000e+01
      vertex   -7.848421e+00 8.155938e-01 4.200000e+01
      vertex   -8.117701e+00 1.525627e+00 2.700000e+01
    endloop
  endfacet
  facet normal -9.350162e-01 -3.546049e-01 0.000000e+00
    outer loop
      vertex   -8.117701e+00 1.525627e+00 2.700000e+01
      vertex   -7.848421e+00 8.155938e-01 4.200000e+01
      vertex   -8.117701e+00 1.525627e+00 4.200000e+01
    endloop
  endfacet
  facet normal -8.229839e-01 -5.680647e-01 0.000000e+00
    outer loop
      vertex   -8.117701e+00 1.525627e+00 2.700000e+01
      vertex   -8.117701e+00 1.525627e+00 4.200000e+01
      vertex   -8.549079e+00 2.150586e+00 2.700000e+01
    endloop
  endfacet
  facet normal -8.229839e-01 -5.680647e-01 0.000000e+00
    outer loop
      vertex   -8.549079e+00 2.150586e+00 2.700000e+01
      vertex   -8.117701e+00 1.525627e+00 4.200000e+01
      vertex   -8.549079e+00 2.150586e+00 4.200000e+01
    endloop
  endfacet
  facet normal -6.631227e-01 -7.485107e-01 0.000000e+00
    outer loop
      vertex   -8.549079e+00 2.150586e+00 2.700000e+01
      vertex   -8.549079e+00 2.150586e+00 4.200000e+01
      vertex   -9.117484e+00 2.654149e+00 2.700000e+01
    endloop
  endfacet
  facet normal -6.631227e-01 -7.485107e-01 0.000000e+00
    outer loop
      vertex   -9.117484e+00 2.654149e+00 2.700000e+01
      vertex   -8.549079e+00 2.150586e+00 4.200000e+01
      vertex   -9.117484e+00 2.654149e+00 4.200000e+01
    endloop
  endfacet
  facet normal -4.647232e-01 -8.854560e-01 0.000000e+00
    outer loop
      vertex   -9.117484e+00 2.654149e+00 2.700000e+01
      vertex   -9.117484e+00 2.654149e+00 4.200000e+01
      vertex   -9.789882e+00 3.007051e+00 2.700000e+01
    endloop
  endfacet
  facet normal -4.647232e-01 -8.854560e-01 0.000000e+00
    outer loop
      vertex   -9.789882e+00 3.007051e+00 2.700000e+01
      vertex   -9.117484e+00 2.654149e+00 4.200000e+01
      vertex   -9.789882e+00 3.007051e+00 4.200000e+01
    endloop
  endfacet
  facet normal -2.393157e-01 -9.709418e-01 0.000000e+00
    outer loop
      vertex   -9.789882e+00 3.007051e+00 2.700000e+01
      vertex   -9.789882e+00 3.007051e+00 4.200000e+01
      vertex   -1.052720e+01 3.188782e+00 2.700000e+01
    endloop
  endfacet
  facet normal -2.393157e-01 -9.709418e-01 0.000000e+00
    outer loop
      vertex   -1.052720e+01 3.188782e+00 2.700000e+01
      vertex   -9.789882e+00 3.007051e+00 4.200000e+01
      vertex   -1.052720e+01 3.188782e+00 4.200000e+01
    endloop
  endfacet
  facet normal 0.000000e+00 -1.000000e+00 0.000000e+00
    outer loop
      vertex   -1.052720e+01 3.188782e+00 2.700000e+01
      vertex   -1.052720e+01 3.188782e+00 4.200000e+01
      vertex   -1.128658e+01 3.188782e+00 2.700000e+01
    endloop
  endfacet
  facet normal 0.000000e+00 -1.000000e+00 0.000000e+00
    outer loop
      vertex   -1.128658e+01 3.188782e+00 2.700000e+01
      vertex   -1.052720e+01 3.188782e+00 4.200000e+01
      vertex   -1.128658e+01 3.188782e+00 4.200000e+01
    endloop
  endfacet
  facet normal 2.393157e-01 -9.709418e-01 0.000000e+00
    outer loop
      vertex   -1.128658e+01 3.188782e+00 2.700000e+01
      vertex   -1.128658e+01 3.188782e+00 4.200000e+01
      vertex   -1.202389e+01 3.007051e+00 2.700000e+01
    endloop
  endfacet
  facet normal 2.393157e-01 -9.709418e-01 0.000000e+00
    outer loop
      vertex   -1.202389e+01 3.007051e+00 2.700000e+01
      vertex   -1.128658e+01 3.188782e+00 4.200000e+01
      vertex   -1.202389e+01 3.007051e+00 4.200000e+01
    endloop
  endfacet
  facet normal 4.647232e-01 -8.854560e-01 0.000000e+00
    outer loop
      vertex   -1.202389e+01 3.007051e+00 2.700000e+01
      vertex   -1.202389e+01 3.007051e+00 4.200000e+01
      vertex   -1.269629e+01 2.654149e+00 2.700000e+01
    endloop
  endfacet
  facet normal 4.647232e-01 -8.854560e-01 0.000000e+00
    outer loop
      vertex   -1.269629e+01 2.654149e+00 2.700000e+01
      vertex   -1.202389e+01 3.007051e+00 4.200000e+01
      vertex   -1.269629e+01 2.654149e+00 4.200000e+01
    endloop
  endfacet
  facet normal 6.631227e-01 -7.485107e-01 0.000000e+00
    outer loop
      vertex   -1.269629e+01 2.654149e+00 2.700000e+01
      vertex   -1.269629e+01 2.654149e+00 4.200000e+01
      vertex   -1.326470e+01 2.150586e+00 2.700000e+01
    endloop
  endfacet
  facet normal 6.631227e-01 -7.485107e-01 0.000000e+00
    outer loop
      vertex   -1.326470e+01 2.150586e+00 2.700000e+01
      vertex   -1.269629e+01 2.654149e+00 4.200000e+01
      vertex   -1.326470e+01 2.150586e+00 4.200000e+01
    endloop
  endfacet
  facet normal 8.229839e-01 -5.680647e-01 0.000000e+00
    outer loop
      vertex   -1.326470e+01 2.150586e+00 2.700000e+01
      vertex   -1.326470e+01 2.150586e+00 4.200000e+01
      vertex   -1.369607e+01 1.525627e+00 2.700000e+01
    endloop
  endfacet
  facet normal 8.229839e-01 -5.680647e-01 0.000000e+00
    outer loop
      vertex   -1.369607e+01 1.525627e+00 2.700000e+01
      vertex   -1.326470e+01 2.150586e+00 4.200000e+01
      vertex   -1.369607e+01 1.525627e+00 4.200000e+01
    endloop
  endfacet
  facet normal 9.350162e-01 -3.546049e-01 0.000000e+00
    outer loop
      vertex   -1.369607e+01 1.525627e+00 2.700000e+01
      vertex   -1.369607e+01 1.525627e+00 4.200000e+01
      vertex   -1.396535e+01 8.155938e-01 2.700000e+01
    endloop
  endfacet
  facet normal 9.350162e-01 -3.546049e-01 0.000000e+00
    outer loop
      vertex   -1.396535e+01 8.155938e-01 2.700000e+01
      vertex   -1.369607e+01 1.525627e+00 4.200000e+01
      vertex   -1.396535e+01 8.155938e-01 4.200000e+01
    endloop
  endfacet
  facet normal 0.000000e+00 -0.000000e+00 1.000000e+00
    outer loop
      vertex   -1.396535e+01 -6.920949e-01 2.700000e+01
      vertex   -7.848421e+00 -6.920949e-01 2.700000e+01
      vertex   -1.405689e+01 6.174949e-02 2.700000e+01
    endloop
  endfacet
  facet normal -0.000000e+00 0.000000e+00 1.000000e+00
    outer loop
      vertex   -1.405689e+01 6.174949e-02 2.700000e+01
      vertex   -7.848421e+00 -6.920949e-01 2.700000e+01
      vertex   -7.756888e+00 6.174949e-02 2.700000e+01
    endloop
  endfacet
  facet normal 0.000000e+00 0.000000e+00 1.000000e+00
    outer loop
      vertex   -1.405689e+01 6.174949e-02 2.700000e+01
      vertex   -7.756888e+00 6.174949e-02 2.700000e+01
      vertex   -1.396535e+01 8.155938e-01 2.700000e+01
    endloop
  endfacet
  facet normal -0.000000e+00 0.000000e+00 1.000000e+00
    outer loop
      vertex   -1.396535e+01 8.155938e-01 2.700000e+01
      vertex   -7.756888e+00 6.174949e-02 2.700000e+01
      vertex   -7.848421e+00 8.155938e-01 2.700000e+01
    endloop
  endfacet
  facet normal 0.000000e+00 0.000000e+00 1.000000e+00
    outer loop
      vertex   -1.396535e+01 8.155938e-01 2.700000e+01
      vertex   -7.848421e+00 8.155938e-01 2.700000e+01
      vertex   -1.369607e+01 1.525627e+00 2.700000e+01
    endloop
  endfacet
  facet normal 0.000000e+00 0.000000e+00 1.000000e+00
    outer loop
      vertex   -1.369607e+01 1.525627e+00 2.700000e+01
      vertex   -7.848421e+00 8.155938e-01 2.700000e+01
      vertex   -8.117701e+00 1.525627e+00 2.700000e+01
    endloop
  endfacet
  facet normal -0.000000e+00 0.000000e+00 1.000000e+00
    outer loop
      vertex   -1.369607e+01 1.525627e+00 2.700000e+01
      vertex   -8.117701e+00 1.525627e+00 2.700000e+01
      vertex   -1.326470e+01 2.150586e+00 2.700000e+01
    endloop
  endfacet
  facet normal -0.000000e+00 0.000000e+00 1.000000e+00
    outer loop
      vertex   -1.326470e+01 2.150586e+00 2.700000e+01
      vertex   -8.117701e+00 1.525627e+00 2.700000e+01
      vertex   -8.549079e+00 2.150586e+00 2.700000e+01
    endloop
  endfacet
  facet normal 0.000000e+00 0.000000e+00 1.000000e+00
    outer loop
      vertex   -1.326470e+01 2.150586e+00 2.700000e+01
      vertex   -8.549079e+00 2.150586e+00 2.700000e+01
      vertex   -1.269629e+01 2.654149e+00 2.700000e+01
    endloop
  endfacet
  facet normal -0.000000e+00 0.000000e+00 1.000000e+00
    outer loop
      vertex   -1.269629e+01 2.654149e+00 2.700000e+01
      vertex   -8.549079e+00 2.150586e+00 2.700000e+01
      vertex   -9.117484e+00 2.654149e+00 2.700000e+01
    endloop
  endfacet
  facet normal 0.000000e+00 0.000000e+00 1.000000e+00
    outer loop
      vertex   -1.269629e+01 2.654149e+00 2.700000e+01
      vertex   -9.117484e+00 2.654149e+00 2.700000e+01
      vertex   -1.202389e+01 3.007051e+00 2.700000e+01
    endloop
  endfacet
  facet normal -0.000000e+00 0.000000e+00 1.000000e+00
    outer loop
      vertex   -1.202389e+01 3.007051e+00 2.700000e+01
      vertex   -9.117484e+00 2.654149e+00 2.700000e+01
      vertex   -9.789882e+00 3.007051e+00 2.700000e+01
    endloop
  endfacet
  facet normal 0.000000e+00 0.000000e+00 1.000000e+00
    outer loop
      vertex   -1.202389e+01 3.007051e+00 2.700000e+01
      vertex   -9.789882e+00 3.007051e+00 2.700000e+01
      vertex   -1.128658e+01 3.188782e+00 2.700000e+01
    endloop
  endfacet
  facet normal -0.000000e+00 0.000000e+00 1.000000e+00
    outer loop
      vertex   -1.128658e+01 3.188782e+00 2.700000e+01
      vertex   -9.789882e+00 3.007051e+00 2.700000e+01
      vertex   -1.052720e+01 3.188782e+00 2.700000e+01
    endloop
  endfacet
  facet normal 0.000000e+00 0.000000e+00 1.000000e+00
    outer loop
      vertex   -7.848421e+00 -6.920949e-01 2.700000e+01
      vertex   -1.396535e+01 -6.920949e-01 2.700000e+01
      vertex   -8.117701e+00 -1.402129e+00 2.700000e+01
    endloop
  endfacet
  facet normal 0.000000e+00 0.000000e+00 1.000000e+00
    outer loop
      vertex   -8.117701e+00 -1.402129e+00 2.700000e+01
      vertex   -1.396535e+01 -6.920949e-01 2.700000e+01
      vertex   -1.369607e+01 -1.402129e+00 2.700000e+01
    endloop
  endfacet
  facet normal 0.000000e+00 0.000000e+00 1.000000e+00
    outer loop
      vertex   -8.117701e+00 -1.402129e+00 2.700000e+01
      vertex   -1.369607e+01 -1.402129e+00 2.700000e+01
      vertex   -8.549079e+00 -2.027087e+00 2.700000e+01
    endloop
  endfacet
  facet normal 0.000000e+00 0.000000e+00 1.000000e+00
    outer loop
      vertex   -8.549079e+00 -2.027087e+00 2.700000e+01
      vertex   -1.369607e+01 -1.402129e+00 2.700000e+01
      vertex   -1.326470e+01 -2.027087e+00 2.700000e+01
    endloop
  endfacet
  facet normal 0.000000e+00 0.000000e+00 1.000000e+00
    outer loop
      vertex   -8.549079e+00 -2.027087e+00 2.700000e+01
      vertex   -1.326470e+01 -2.027087e+00 2.700000e+01
      vertex   -9.117484e+00 -2.530650e+00 2.700000e+01
    endloop
  endfacet
  facet normal 0.000000e+00 0.000000e+00 1.000000e+00
    outer loop
      vertex   -9.117484e+00 -2.530650e+00 2.700000e+01
      vertex   -1.326470e+01 -2.027087e+00 2.700000e+01
      vertex   -1.269629e+01 -2.530650e+00 2.700000e+01
    endloop
  endfacet
  facet normal 0.000000e+00 0.000000e+00 1.000000e+00
    outer loop
      vertex   -9.117484e+00 -2.530650e+00 2.700000e+01
      vertex   -1.269629e+01 -2.530650e+00 2.700000e+01
      vertex   -9.789882e+00 -2.883552e+00 2.700000e+01
    endloop
  endfacet
  facet normal 0.000000e+00 0.000000e+00 1.000000e+00
    outer loop
      vertex   -9.789882e+00 -2.883552e+00 2.700000e+01
      vertex   -1.269629e+01 -2.530650e+00 2.700000e+01
      vertex   -1.202389e+01 -2.883552e+00 2.700000e+01
    endloop
  endfacet
  facet normal 0.000000e+00 0.000000e+00 1.000000e+00
    outer loop
      vertex   -9.789882e+00 -2.883552e+00 2.700000e+01
      vertex   -1.202389e+01 -2.883552e+00 2.700000e+01
      vertex   -1.052720e+01 -3.065283e+00 2.700000e+01
    endloop
  endfacet
  facet normal 0.000000e+00 0.000000e+00 1.000000e+00
    outer loop
      vertex   -1.052720e+01 -3.065283e+00 2.700000e+01
      vertex   -1.202389e+01 -2.883552e+00 2.700000e+01
      vertex   -1.128658e+01 -3.065283e+00 2.700000e+01
    endloop
  endfacet
  facet normal 9.927089e-01 1.205367e-01 0.000000e+00
    outer loop
      vertex   -4.965355e+00 -9.692095e+00 -2.700000e+01
      vertex   -4.965355e+00 -9.692095e+00 -4.200000e+01
      vertex   -5.056888e+00 -8.938251e+00 -2.700000e+01
    endloop
  endfacet
  facet normal 9.927089e-01 1.205367e-01 0.000000e+00
    outer loop
      vertex   -5.056888e+00 -8.938251e+00 -2.700000e+01
      vertex   -4.965355e+00 -9.692095e+00 -4.200000e+01
      vertex   -5.056888e+00 -8.938251e+00 -4.200000e+01
    endloop
  endfacet
  facet normal 9.927089e-01 -1.205367e-01 0.000000e+00
    outer loop
      vertex   -5.056888e+00 -8.938251e+00 -2.700000e+01
      vertex   -5.056888e+00 -8.938251e+00 -4.200000e+01
      vertex   -4.965355e+00 -8.184406e+00 -2.700000e+01
    endloop
  endfacet
  facet normal 9.927089e-01 -1.205367e-01 0.000000e+00
    outer loop
      vertex   -4.965355e+00 -8.184406e+00 -2.700000e+01
      vertex   -5.056888e+00 -8.938251e+00 -4.200000e+01
      vertex   -4.965355e+00 -8.184406e+00 -4.200000e+01
    endloop
  endfacet
  facet normal 9.350162e-01 -3.546049e-01 0.000000e+00
    outer loop
      vertex   -4.965355e+00 -8.184406e+00 -2.700000e+01
      vertex   -4.965355e+00 -8.184406e+00 -4.200000e+01
      vertex   -4.696074e+00 -7.474373e+00 -2.700000e+01
    endloop
  endfacet
  facet normal 9.350162e-01 -3.546049e-01 0.000000e+00
    outer loop
      vertex   -4.696074e+00 -7.474373e+00 -2.700000e+01
      vertex   -4.965355e+00 -8.184406e+00 -4.200000e+01
      vertex   -4.696074e+00 -7.474373e+00 -4.200000e+01
    endloop
  endfacet
  facet normal 8.229839e-01 -5.680647e-01 0.000000e+00
    outer loop
      vertex   -4.696074e+00 -7.474373e+00 -2.700000e+01
      vertex   -4.696074e+00 -7.474373e+00 -4.200000e+01
      vertex   -4.264697e+00 -6.849414e+00 -2.700000e+01
    endloop
  endfacet
  facet normal 8.229839e-01 -5.680647e-01 0.000000e+00
    outer loop
      vertex   -4.264697e+00 -6.849414e+00 -2.700000e+01
      vertex   -4.696074e+00 -7.474373e+00 -4.200000e+01
      vertex   -4.264697e+00 -6.849414e+00 -4.200000e+01
    endloop
  endfacet
  facet normal 6.631227e-01 -7.485107e-01 0.000000e+00
    outer loop
      vertex   -4.264697e+00 -6.849414e+00 -2.700000e+01
      vertex   -4.264697e+00 -6.849414e+00 -4.200000e+01
      vertex   -3.696292e+00 -6.345851e+00 -2.700000e+01
    endloop
  endfacet
  facet normal 6.631227e-01 -7.485107e-01 0.000000e+00
    outer loop
      vertex   -3.696292e+00 -6.345851e+00 -2.700000e+01
      vertex   -4.264697e+00 -6.849414e+00 -4.200000e+01
      vertex   -3.696292e+00 -6.345851e+00 -4.200000e+01
    endloop
  endfacet
  facet normal 4.647232e-01 -8.854560e-01 0.000000e+00
    outer loop
      vertex   -3.696292e+00 -6.345851e+00 -2.700000e+01
      vertex   -3.696292e+00 -6.345851e+00 -4.200000e+01
      vertex   -3.023893e+00 -5.992949e+00 -2.700000e+01
    endloop
  endfacet
  facet normal 4.647232e-01 -8.854560e-01 0.000000e+00
    outer loop
      vertex   -3.023893e+00 -5.992949e+00 -2.700000e+01
      vertex   -3.696292e+00 -6.345851e+00 -4.200000e+01
      vertex   -3.023893e+00 -5.992949e+00 -4.200000e+01
    endloop
  endfacet
  facet normal 2.393157e-01 -9.709418e-01 0.000000e+00
    outer loop
      vertex   -3.023893e+00 -5.992949e+00 -2.700000e+01
      vertex   -3.023893e+00 -5.992949e+00 -4.200000e+01
      vertex   -2.286578e+00 -5.811218e+00 -2.700000e+01
    endloop
  endfacet
  facet normal 2.393157e-01 -9.709418e-01 0.000000e+00
    outer loop
      vertex   -2.286578e+00 -5.811218e+00 -2.700000e+01
      vertex   -3.023893e+00 -5.992949e+00 -4.200000e+01
      vertex   -2.286578e+00 -5.811218e+00 -4.200000e+01
    endloop
  endfacet
  facet normal 0.000000e+00 -1.000000e+00 0.000000e+00
    outer loop
      vertex   -2.286578e+00 -5.811218e+00 -2.700000e+01
      vertex   -2.286578e+00 -5.811218e+00 -4.200000e+01
      vertex   -1.527197e+00 -5.811218e+00 -2.700000e+01
    endloop
  endfacet
  facet normal 0.000000e+00 -1.000000e+00 -0.000000e+00
    outer loop
      vertex   -1.527197e+00 -5.811218e+00 -2.700000e+01
      vertex   -2.286578e+00 -5.811218e+00 -4.200000e+01
      vertex   -1.527197e+00 -5.811218e+00 -4.200000e+01
    endloop
  endfacet
  facet normal -2.393157e-01 -9.709418e-01 -0.000000e+00
    outer loop
      vertex   -1.527197e+00 -5.811218e+00 -2.700000e+01
      vertex   -1.527197e+00 -5.811218e+00 -4.200000e+01
      vertex   -7.898824e-01 -5.992949e+00 -2.700000e+01
    endloop
  endfacet
  facet normal -2.393157e-01 -9.709418e-01 -0.000000e+00
    outer loop
      vertex   -7.898824e-01 -5.992949e+00 -2.700000e+01
      vertex   -1.527197e+00 -5.811218e+00 -4.200000e+01
      vertex   -7.898824e-01 -5.992949e+00 -4.200000e+01
    endloop
  endfacet
  facet normal -4.647232e-01 -8.854560e-01 -0.000000e+00
    outer loop
      vertex   -7.898824e-01 -5.992949e+00 -2.700000e+01
      vertex   -7.898824e-01 -5.992949e+00 -4.200000e+01
      vertex   -1.174839e-01 -6.345851e+00 -2.700000e+01
    endloop
  endfacet
  facet normal -4.647232e-01 -8.854560e-01 -0.000000e+00
    outer loop
      vertex   -1.174839e-01 -6.345851e+00 -2.700000e+01
      vertex   -7.898824e-01 -5.992949e+00 -4.200000e+01
      vertex   -1.174839e-01 -6.345851e+00 -4.200000e+01
    endloop
  endfacet
  facet normal -6.631227e-01 -7.485107e-01 -0.000000e+00
    outer loop
      vertex   -1.174839e-01 -6.345851e+00 -2.700000e+01
      vertex   -1.174839e-01 -6.345851e+00 -4.200000e+01
      vertex   4.509210e-01 -6.849414e+00 -2.700000e+01
    endloop
  endfacet
  facet normal -6.631227e-01 -7.485107e-01 -0.000000e+00
    outer loop
      vertex   4.509210e-01 -6.849414e+00 -2.700000e+01
      vertex   -1.174839e-01 -6.345851e+00 -4.200000e+01
      vertex   4.509210e-01 -6.849414e+00 -4.200000e+01
    endloop
  endfacet
  facet normal -8.229839e-01 -5.680647e-01 -0.000000e+00
    outer loop
      vertex   4.509210e-01 -6.849414e+00 -2.700000e+01
      vertex   4.509210e-01 -6.849414e+00 -4.200000e+01
      vertex   8.822987e-01 -7.474373e+00 -2.700000e+01
    endloop
  endfacet
  facet normal -8.229839e-01 -5.680647e-01 -0.000000e+00
    outer loop
      vertex   8.822987e-01 -7.474373e+00 -2.700000e+01
      vertex   4.509210e-01 -6.849414e+00 -4.200000e+01
      vertex   8.822987e-01 -7.474373e+00 -4.200000e+01
    endloop
  endfacet
  facet normal -9.350162e-01 -3.546049e-01 -0.000000e+00
    outer loop
      vertex   8.822987e-01 -7.474373e+00 -2.700000e+01
      vertex   8.822987e-01 -7.474373e+00 -4.200000e+01
      vertex   1.151579e+00 -8.184406e+00 -2.700000e+01
    endloop
  endfacet
  facet normal -9.350162e-01 -3.546049e-01 -0.000000e+00
    outer loop
      vertex   1.151579e+00 -8.184406e+00 -2.700000e+01
      vertex   8.822987e-01 -7.474373e+00 -4.200000e+01
      vertex   1.151579e+00 -8.184406e+00 -4.200000e+01
    endloop
  endfacet
  facet normal -9.927089e-01 -1.205367e-01 -0.000000e+00
    outer loop
      vertex   1.151579e+00 -8.184406e+00 -2.700000e+01
      vertex   1.151579e+00 -8.184406e+00 -4.200000e+01
      vertex   1.243112e+00 -8.938251e+00 -2.700000e+01
    endloop
  endfacet
  facet normal -9.927089e-01 -1.205367e-01 -0.000000e+00
    outer loop
      vertex   1.243112e+00 -8.938251e+00 -2.700000e+01
      vertex   1.151579e+00 -8.184406e+00 -4.200000e+01
      vertex   1.243112e+00 -8.938251e+00 -4.200000e+01
    endloop
  endfacet
  facet normal -9.927089e-01 1.205367e-01 0.000000e+00
    outer loop
      vertex   1.243112e+00 -8.938251e+00 -2.700000e+01
      vertex   1.243112e+00 -8.938251e+00 -4.200000e+01
      vertex   1.151579e+00 -9.692095e+00 -2.700000e+01
    endloop
  endfacet
  facet normal -9.927089e-01 1.205367e-01 0.000000e+00
    outer loop
      vertex   1.151579e+00 -9.692095e+00 -2.700000e+01
      vertex   1.243112e+00 -8.938251e+00 -4.200000e+01
      vertex   1.151579e+00 -9.692095e+00 -4.200000e+01
    endloop
  endfacet
  facet normal -9.350162e-01 3.546049e-01 0.000000e+00
    outer loop
      vertex   1.151579e+00 -9.692095e+00 -2.700000e+01
      vertex   1.151579e+00 -9.692095e+00 -4.200000e+01
      vertex   8.822987e-01 -1.040213e+01 -2.700000e+01
    endloop
  endfacet
  facet normal -9.350162e-01 3.546049e-01 0.000000e+00
    outer loop
      vertex   8.822987e-01 -1.040213e+01 -2.700000e+01
      vertex   1.151579e+00 -9.692095e+00 -4.200000e+01
      vertex   8.822987e-01 -1.040213e+01 -4.200000e+01
    endloop
  endfacet
  facet normal -8.229839e-01 5.680647e-01 0.000000e+00
    outer loop
      vertex   8.822987e-01 -1.040213e+01 -2.700000e+01
      vertex   8.822987e-01 -1.040213e+01 -4.200000e+01
      vertex   4.509210e-01 -1.102709e+01 -2.700000e+01
    endloop
  endfacet
  facet normal -8.229839e-01 5.680647e-01 0.000000e+00
    outer loop
      vertex   4.509210e-01 -1.102709e+01 -2.700000e+01
      vertex   8.822987e-01 -1.040213e+01 -4.200000e+01
      vertex   4.509210e-01 -1.102709e+01 -4.200000e+01
    endloop
  endfacet
  facet normal -6.631227e-01 7.485107e-01 0.000000e+00
    outer loop
      vertex   4.509210e-01 -1.102709e+01 -2.700000e+01
      vertex   4.509210e-01 -1.102709e+01 -4.200000e+01
      vertex   -1.174839e-01 -1.153065e+01 -2.700000e+01
    endloop
  endfacet
  facet normal -6.631227e-01 7.485107e-01 0.000000e+00
    outer loop
      vertex   -1.174839e-01 -1.153065e+01 -2.700000e+01
      vertex   4.509210e-01 -1.102709e+01 -4.200000e+01
      vertex   -1.174839e-01 -1.153065e+01 -4.200000e+01
    endloop
  endfacet
  facet normal -4.647232e-01 8.854560e-01 0.000000e+00
    outer loop
      vertex   -1.174839e-01 -1.153065e+01 -2.700000e+01
      vertex   -1.174839e-01 -1.153065e+01 -4.200000e+01
      vertex   -7.898824e-01 -1.188355e+01 -2.700000e+01
    endloop
  endfacet
  facet normal -4.647232e-01 8.854560e-01 0.000000e+00
    outer loop
      vertex   -7.898824e-01 -1.188355e+01 -2.700000e+01
      vertex   -1.174839e-01 -1.153065e+01 -4.200000e+01
      vertex   -7.898824e-01 -1.188355e+01 -4.200000e+01
    endloop
  endfacet
  facet normal -2.393157e-01 9.709418e-01 0.000000e+00
    outer loop
      vertex   -7.898824e-01 -1.188355e+01 -2.700000e+01
      vertex   -7.898824e-01 -1.188355e+01 -4.200000e+01
      vertex   -1.527197e+00 -1.206528e+01 -2.700000e+01
    endloop
  endfacet
  facet normal -2.393157e-01 9.709418e-01 0.000000e+00
    outer loop
      vertex   -1.527197e+00 -1.206528e+01 -2.700000e+01
      vertex   -7.898824e-01 -1.188355e+01 -4.200000e+01
      vertex   -1.527197e+00 -1.206528e+01 -4.200000e+01
    endloop
  endfacet
  facet normal 0.000000e+00 1.000000e+00 0.000000e+00
    outer loop
      vertex   -1.527197e+00 -1.206528e+01 -2.700000e+01
      vertex   -1.527197e+00 -1.206528e+01 -4.200000e+01
      vertex   -2.286578e+00 -1.206528e+01 -2.700000e+01
    endloop
  endfacet
  facet normal 0.000000e+00 1.000000e+00 0.000000e+00
    outer loop
      vertex   -2.286578e+00 -1.206528e+01 -2.700000e+01
      vertex   -1.527197e+00 -1.206528e+01 -4.200000e+01
      vertex   -2.286578e+00 -1.206528e+01 -4.200000e+01
    endloop
  endfacet
  facet normal 2.393157e-01 9.709418e-01 0.000000e+00
    outer loop
      vertex   -2.286578e+00 -1.206528e+01 -2.700000e+01
      vertex   -2.286578e+00 -1.206528e+01 -4.200000e+01
      vertex   -3.023893e+00 -1.188355e+01 -2.700000e+01
    endloop
  endfacet
  facet normal 2.393157e-01 9.709418e-01 0.000000e+00
    outer loop
      vertex   -3.023893e+00 -1.188355e+01 -2.700000e+01
      vertex   -2.286578e+00 -1.206528e+01 -4.200000e+01
      vertex   -3.023893e+00 -1.188355e+01 -4.200000e+01
    endloop
  endfacet
  facet normal 4.647232e-01 8.854560e-01 0.000000e+00
    outer loop
      vertex   -3.023893e+00 -1.188355e+01 -2.700000e+01
      vertex   -3.023893e+00 -1.188355e+01 -4.200000e+01
      vertex   -3.696292e+00 -1.153065e+01 -2.700000e+01
    endloop
  endfacet
  facet normal 4.647232e-01 8.854560e-01 0.000000e+00
    outer loop
      vertex   -3.696292e+00 -1.153065e+01 -2.700000e+01
      vertex   -3.023893e+00 -1.188355e+01 -4.200000e+01
      vertex   -3.696292e+00 -1.153065e+01 -4.200000e+01
    endloop
  endfacet
  facet normal 6.631227e-01 7.485107e-01 0.000000e+00
    outer loop
      vertex   -3.696292e+00 -1.153065e+01 -2.700000e+01
      vertex   -3.696292e+00 -1.153065e+01 -4.200000e+01
      vertex   -4.264697e+00 -1.102709e+01 -2.700000e+01
    endloop
  endfacet
  facet normal 6.631227e-01 7.485107e-01 0.000000e+00
    outer loop
      vertex   -4.264697e+00 -1.102709e+01 -2.700000e+01
      vertex   -3.696292e+00 -1.153065e+01 -4.200000e+01
      vertex   -4.264697e+00 -1.102709e+01 -4.200000e+01
    endloop
  endfacet
  facet normal 8.229839e-01 5.680647e-01 0.000000e+00
    outer loop
      vertex   -4.264697e+00 -1.102709e+01 -2.700000e+01
      vertex   -4.264697e+00 -1.102709e+01 -4.200000e+01
      vertex   -4.696074e+00 -1.040213e+01 -2.700000e+01
    endloop
  endfacet
  facet normal 8.229839e-01 5.680647e-01 0.000000e+00
    outer loop
      vertex   -4.696074e+00 -1.040213e+01 -2.700000e+01
      vertex   -4.264697e+00 -1.102709e+01 -4.200000e+01
      vertex   -4.696074e+00 -1.040213e+01 -4.200000e+01
    endloop
  endfacet
  facet normal 9.350162e-01 3.546049e-01 0.000000e+00
    outer loop
      vertex   -4.696074e+00 -1.040213e+01 -2.700000e+01
      vertex   -4.696074e+00 -1.040213e+01 -4.200000e+01
      vertex   -4.965355e+00 -9.692095e+00 -2.700000e+01
    endloop
  endfacet
  facet normal 9.350162e-01 3.546049e-01 0.000000e+00
    outer loop
      vertex   -4.965355e+00 -9.692095e+00 -2.700000e+01
      vertex   -4.696074e+00 -1.040213e+01 -4.200000e+01
      vertex   -4.965355e+00 -9.692095e+00 -4.200000e+01
    endloop
  endfacet
  facet normal 0.000000e+00 -0.000000e+00 -1.000000e+00
    outer loop
      vertex   -4.965355e+00 -8.184406e+00 -2.700000e+01
      vertex   1.151579e+00 -8.184406e+00 -2.700000e+01
      vertex   -5.056888e+00 -8.938251e+00 -2.700000e+01
    endloop
  endfacet
  facet normal 0.000000e+00 0.000000e+00 -1.000000e+00
    outer loop
      vertex   -5.056888e+00 -8.938251e+00 -2.700000e+01
      vertex   1.151579e+00 -8.184406e+00 -2.700000e+01
      vertex   1.243112e+00 -8.938251e+00 -2.700000e+01
    endloop
  endfacet
  facet normal 0.000000e+00 0.000000e+00 -1.000000e+00
    outer loop
      vertex   -5.056888e+00 -8.938251e+00 -2.700000e+01
      vertex   1.243112e+00 -8.938251e+00 -2.700000e+01
      vertex   -4.965355e+00 -9.692095e+00 -2.700000e+01
    endloop
  endfacet
  facet normal 0.000000e+00 0.000000e+00 -1.000000e+00
    outer loop
      vertex   -4.965355e+00 -9.692095e+00 -2.700000e+01
      vertex   1.243112e+00 -8.938251e+00 -2.700000e+01
      vertex   1.151579e+00 -9.692095e+00 -2.700000e+01
    endloop
  endfacet
  facet normal 0.000000e+00 0.000000e+00 -1.000000e+00
    outer loop
      vertex   -4.965355e+00 -9.692095e+00 -2.700000e+01
      vertex   1.151579e+00 -9.692095e+00 -2.700000e+01
      vertex   -4.696074e+00 -1.040213e+01 -2.700000e+01
    endloop
  endfacet
  facet normal 0.000000e+00 0.000000e+00 -1.000000e+00
    outer loop
      vertex   -4.696074e+00 -1.040213e+01 -2.700000e+01
      vertex   1.151579e+00 -9.692095e+00 -2.700000e+01
      vertex   8.822987e-01 -1.040213e+01 -2.700000e+01
    endloop
  endfacet
  facet normal 0.000000e+00 0.000000e+00 -1.000000e+00
    outer loop
      vertex   -4.696074e+00 -1.040213e+01 -2.700000e+01
      vertex   8.822987e-01 -1.040213e+01 -2.700000e+01
      vertex   -4.264697e+00 -1.102709e+01 -2.700000e+01
    endloop
  endfacet
  facet normal 0.000000e+00 0.000000e+00 -1.000000e+00
    outer loop
      vertex   -4.264697e+00 -1.102709e+01 -2.700000e+01
      vertex   8.822987e-01 -1.040213e+01 -2.700000e+01
      vertex   4.509210e-01 -1.102709e+01 -2.700000e+01
    endloop
  endfacet
  facet normal 0.000000e+00 0.000000e+00 -1.000000e+00
    outer loop
      vertex   -4.264697e+00 -1.102709e+01 -2.700000e+01
      vertex   4.509210e-01 -1.102709e+01 -2.700000e+01
      vertex   -3.696292e+00 -1.153065e+01 -2.700000e+01
    endloop
  endfacet
  facet normal 0.000000e+00 0.000000e+00 -1.000000e+00
    outer loop
      vertex   -3.696292e+00 -1.153065e+01 -2.700000e+01
      vertex   4.509210e-01 -1.102709e+01 -2.700000e+01
      vertex   -1.174839e-01 -1.153065e+01 -2.700000e+01
    endloop
  endfacet
  facet normal 0.000000e+00 0.000000e+00 -1.000000e+00
    outer loop
      vertex   -3.696292e+00 -1.153065e+01 -2.700000e+01
      vertex   -1.174839e-01 -1.153065e+01 -2.700000e+01
      vertex   -3.023893e+00 -1.188355e+01 -2.700000e+01
    endloop
  endfacet
  facet normal 0.000000e+00 0.000000e+00 -1.000000e+00
    outer loop
      vertex   -3.023893e+00 -1.188355e+01 -2.700000e+01
      vertex   -1.174839e-01 -1.153065e+01 -2.700000e+01
      vertex   -7.898824e-01 -1.188355e+01 -2.700000e+01
    endloop
  endfacet
  facet normal 0.000000e+00 0.000000e+00 -1.000000e+00
    outer loop
      vertex   -3.023893e+00 -1.188355e+01 -2.700000e+01
      vertex   -7.898824e-01 -1.188355e+01 -2.700000e+01
      vertex   -2.286578e+00 -1.206528e+01 -2.700000e+01
    endloop
  endfacet
  facet normal 0.000000e+00 0.000000e+00 -1.000000e+00
    outer loop
      vertex   -2.286578e+00 -1.206528e+01 -2.700000e+01
      vertex   -7.898824e-01 -1.188355e+01 -2.700000e+01
      vertex   -1.527197e+00 -1.206528e+01 -2.700000e+01
    endloop
  endfacet
  facet normal 0.000000e+00 0.000000e+00 -1.000000e+00
    outer loop
      vertex   1.151579e+00 -8.184406e+00 -2.700000e+01
      vertex   -4.965355e+00 -8.184406e+00 -2.700000e+01
      vertex   8.822987e-01 -7.474373e+00 -2.700000e+01
    endloop
  endfacet
  facet normal -0.000000e+00 0.000000e+00 -1.000000e+00
    outer loop
      vertex   8.822987e-01 -7.474373e+00 -2.700000e+01
      vertex   -4.965355e+00 -8.184406e+00 -2.700000e+01
      vertex   -4.696074e+00 -7.474373e+00 -2.700000e+01
    endloop
  endfacet
  facet normal 0.000000e+00 0.000000e+00 -1.000000e+00
    outer loop
      vertex   8.822987e-01 -7.474373e+00 -2.700000e+01
      vertex   -4.696074e+00 -7.474373e+00 -2.700000e+01
      vertex   4.509210e-01 -6.849414e+00 -2.700000e+01
    endloop
  endfacet
  facet normal -0.000000e+00 0.000000e+00 -1.000000e+00
    outer loop
      vertex   4.509210e-01 -6.849414e+00 -2.700000e+01
      vertex   -4.696074e+00 -7.474373e+00 -2.700000e+01
      vertex   -4.264697e+00 -6.849414e+00 -2.700000e+01
    endloop
  endfacet
  facet normal 0.000000e+00 0.000000e+00 -1.000000e+00
    outer loop
      vertex   4.509210e-01 -6.849414e+00 -2.700000e+01
      vertex   -4.264697e+00 -6.849414e+00 -2.700000e+01
      vertex   -1.174839e-01 -6.345851e+00 -2.700000e+01
    endloop
  endfacet
  facet normal -0.000000e+00 0.000000e+00 -1.000000e+00
    outer loop
      vertex   -1.174839e-01 -6.345851e+00 -2.700000e+01
      vertex   -4.264697e+00 -6.849414e+00 -2.700000e+01
      vertex   -3.696292e+00 -6.345851e+00 -2.700000e+01
    endloop
  endfacet
  facet normal 0.000000e+00 0.000000e+00 -1.000000e+00
    outer loop
      vertex   -1.174839e-01 -6.345851e+00 -2.700000e+01
      vertex   -3.696292e+00 -6.345851e+00 -2.700000e+01
      vertex   -7.898824e-01 -5.992949e+00 -2.700000e+01
    endloop
  endfacet
  facet normal -0.000000e+00 0.000000e+00 -1.000000e+00
    outer loop
      vertex   -7.898824e-01 -5.992949e+00 -2.700000e+01
      vertex   -3.696292e+00 -6.345851e+00 -2.700000e+01
      vertex   -3.023893e+00 -5.992949e+00 -2.700000e+01
    endloop
  endfacet
  facet normal 0.000000e+00 0.000000e+00 -1.000000e+00
    outer loop
      vertex   -7.898824e-01 -5.992949e+00 -2.700000e+01
      vertex   -3.023893e+00 -5.992949e+00 -2.700000e+01
      vertex   -1.527197e+00 -5.811218e+00 -2.700000e+01
    endloop
  endfacet
  facet normal -0.000000e+00 0.000000e+00 -1.000000e+00
    outer loop
      vertex   -1.527197e+00 -5.811218e+00 -2.700000e+01
      vertex   -3.023893e+00 -5.992949e+00 -2.700000e+01
      vertex   -2.286578e+00 -5.811218e+00 -2.700000e+01
    endloop
  endfacet
  facet normal 9.927089e-01 1.205367e-01 0.000000e+00
    outer loop
      vertex   -1.396535e+01 -6.920949e-01 -2.700000e+01
      vertex   -1.396535e+01 -6.920949e-01 -4.200000e+01
      vertex   -1.405689e+01 6.174949e-02 -2.700000e+01
    endloop
  endfacet
  facet normal 9.927089e-01 1.205367e-01 0.000000e+00
    outer loop
      vertex   -1.405689e+01 6.174949e-02 -2.700000e+01
      vertex   -1.396535e+01 -6.920949e-01 -4.200000e+01
      vertex   -1.405689e+01 6.174949e-02 -4.200000e+01
    endloop
  endfacet
  facet normal 9.927089e-01 -1.205367e-01 0.000000e+00
    outer loop
      vertex   -1.405689e+01 6.174949e-02 -2.700000e+01
      vertex   -1.405689e+01 6.174949e-02 -4.200000e+01
      vertex   -1.396535e+01 8.155938e-01 -2.700000e+01
    endloop
  endfacet
  facet normal 9.927089e-01 -1.205367e-01 0.000000e+00
    outer loop
      vertex   -1.396535e+01 8.155938e-01 -2.700000e+01
      vertex   -1.405689e+01 6.174949e-02 -4.200000e+01
      vertex   -1.396535e+01 8.155938e-01 -4.200000e+01
    endloop
  endfacet
  facet normal 9.350162e-01 -3.546049e-01 0.000000e+00
    outer loop
      vertex   -1.396535e+01 8.155938e-01 -2.700000e+01
      vertex   -1.396535e+01 8.155938e-01 -4.200000e+01
      vertex   -1.369607e+01 1.525627e+00 -2.700000e+01
    endloop
  endfacet
  facet normal 9.350162e-01 -3.546049e-01 0.000000e+00
    outer loop
      vertex   -1.369607e+01 1.525627e+00 -2.700000e+01
      vertex   -1.396535e+01 8.155938e-01 -4.200000e+01
      vertex   -1.369607e+01 1.525627e+00 -4.200000e+01
    endloop
  endfacet
  facet normal 8.229839e-01 -5.680647e-01 0.000000e+00
    outer loop
      vertex   -1.369607e+01 1.525627e+00 -2.700000e+01
      vertex   -1.369607e+01 1.525627e+00 -4.200000e+01
      vertex   -1.326470e+01 2.150586e+00 -2.700000e+01
    endloop
  endfacet
  facet normal 8.229839e-01 -5.680647e-01 0.000000e+00
    outer loop
      vertex   -1.326470e+01 2.150586e+00 -2.700000e+01
      vertex   -1.369607e+01 1.525627e+00 -4.200000e+01
      vertex   -1.326470e+01 2.150586e+00 -4.200000e+01
    endloop
  endfacet
  facet normal 6.631227e-01 -7.485107e-01 0.000000e+00
    outer loop
      vertex   -1.326470e+01 2.150586e+00 -2.700000e+01
      vertex   -1.326470e+01 2.150586e+00 -4.200000e+01
      vertex   -1.269629e+01 2.654149e+00 -2.700000e+01
    endloop
  endfacet
  facet normal 6.631227e-01 -7.485107e-01 0.000000e+00
    outer loop
      vertex   -1.269629e+01 2.654149e+00 -2.700000e+01
      vertex   -1.326470e+01 2.150586e+00 -4.200000e+01
      vertex   -1.269629e+01 2.654149e+00 -4.200000e+01
    endloop
  endfacet
  facet normal 4.647232e-01 -8.854560e-01 0.000000e+00
    outer loop
      vertex   -1.269629e+01 2.654149e+00 -2.700000e+01
      vertex   -1.269629e+01 2.654149e+00 -4.200000e+01
      vertex   -1.202389e+01 3.007051e+00 -2.700000e+01
    endloop
  endfacet
  facet normal 4.647232e-01 -8.854560e-01 0.000000e+00
    outer loop
      vertex   -1.202389e+01 3.007051e+00 -2.700000e+01
      vertex   -1.269629e+01 2.654149e+00 -4.200000e+01
      vertex   -1.202389e+01 3.007051e+00 -4.200000e+01
    endloop
  endfacet
  facet normal 2.393157e-01 -9.709418e-01 0.000000e+00
    outer loop
      vertex   -1.202389e+01 3.007051e+00 -2.700000e+01
      vertex   -1.202389e+01 3.007051e+00 -4.200000e+01
      vertex   -1.128658e+01 3.188782e+00 -2.700000e+01
    endloop
  endfacet
  facet normal 2.393157e-01 -9.709418e-01 0.000000e+00
    outer loop
      vertex   -1.128658e+01 3.188782e+00 -2.700000e+01
      vertex   -1.202389e+01 3.007051e+00 -4.200000e+01
      vertex   -1.128658e+01 3.188782e+00 -4.200000e+01
    endloop
  endfacet
  facet normal 0.000000e+00 -1.000000e+00 0.000000e+00
    outer loop
      vertex   -1.128658e+01 3.188782e+00 -2.700000e+01
      vertex   -1.128658e+01 3.188782e+00 -4.200000e+01
      vertex   -1.052720e+01 3.188782e+00 -2.700000e+01
    endloop
  endfacet
  facet normal 0.000000e+00 -1.000000e+00 -0.000000e+00
    outer loop
      vertex   -1.052720e+01 3.188782e+00 -2.700000e+01
      vertex   -1.128658e+01 3.188782e+00 -4.200000e+01
      vertex   -1.052720e+01 3.188782e+00 -4.200000e+01
    endloop
  endfacet
  facet normal -2.393157e-01 -9.709418e-01 -0.000000e+00
    outer loop
      vertex   -1.052720e+01 3.188782e+00 -2.700000e+01
      vertex   -1.052720e+01 3.188782e+00 -4.200000e+01
      vertex   -9.789882e+00 3.007051e+00 -2.700000e+01
    endloop
  endfacet
  facet normal -2.393157e-01 -9.709418e-01 -0.000000e+00
    outer loop
      vertex   -9.789882e+00 3.007051e+00 -2.700000e+01
      vertex   -1.052720e+01 3.188782e+00 -4.200000e+01
      vertex   -9.789882e+00 3.007051e+00 -4.200000e+01
    endloop
  endfacet
  facet normal -4.647232e-01 -8.854560e-01 -0.000000e+00
    outer loop
      vertex   -9.789882e+00 3.007051e+00 -2.700000e+01
      vertex   -9.789882e+00 3.007051e+00 -4.200000e+01
      vertex   -9.117484e+00 2.654149e+00 -2.700000e+01
    endloop
  endfacet
  facet normal -4.647232e-01 -8.854560e-01 -0.000000e+00
    outer loop
      vertex   -9.117484e+00 2.654149e+00 -2.700000e+01
      vertex   -9.789882e+00 3.007051e+00 -4.200000e+01
      vertex   -9.117484e+00 2.654149e+00 -4.200000e+01
    endloop
  endfacet
  facet normal -6.631227e-01 -7.485107e-01 -0.000000e+00
    outer loop
      vertex   -9.117484e+00 2.654149e+00 -2.700000e+01
      vertex   -9.117484e+00 2.654149e+00 -4.200000e+01
      vertex   -8.549079e+00 2.150586e+00 -2.700000e+01
    endloop
  endfacet
  facet normal -6.631227e-01 -7.485107e-01 -0.000000e+00
    outer loop
      vertex   -8.549079e+00 2.150586e+00 -2.700000e+01
      vertex   -9.117484e+00 2.654149e+00 -4.200000e+01
      vertex   -8.549079e+00 2.150586e+00 -4.200000e+01
    endloop
  endfacet
  facet normal -8.229839e-01 -5.680647e-01 -0.000000e+00
    outer loop
      vertex   -8.549079e+00 2.150586e+00 -2.700000e+01
      vertex   -8.549079e+00 2.150586e+00 -4.200000e+01
      vertex   -8.117701e+00 1.525627e+00 -2.700000e+01
    endloop
  endfacet
  facet normal -8.229839e-01 -5.680647e-01 -0.000000e+00
    outer loop
      vertex   -8.117701e+00 1.525627e+00 -2.700000e+01
      vertex   -8.549079e+00 2.150586e+00 -4.200000e+01
      vertex   -8.117701e+00 1.525627e+00 -4.200000e+01
    endloop
  endfacet
  facet normal -9.350162e-01 -3.546049e-01 -0.000000e+00
    outer loop
      vertex   -8.117701e+00 1.525627e+00 -2.700000e+01
      vertex   -8.117701e+00 1.525627e+00 -4.200000e+01
      vertex   -7.848421e+00 8.155938e-01 -2.700000e+01
    endloop
  endfacet
  facet normal -9.350162e-01 -3.546049e-01 -0.000000e+00
    outer loop
      vertex   -7.848421e+00 8.155938e-01 -2.700000e+01
      vertex   -8.117701e+00 1.525627e+00 -4.200000e+01
      vertex   -7.848421e+00 8.155938e-01 -4.200000e+01
    endloop
  endfacet
  facet normal -9.927089e-01 -1.205367e-01 -0.000000e+00
    outer loop
      vertex   -7.848421e+00 8.155938e-01 -2.700000e+01
      vertex   -7.848421e+00 8.155938e-01 -4.200000e+01
      vertex   -7.756888e+00 6.174949e-02 -2.700000e+01
    endloop
  endfacet
  facet normal -9.927089e-01 -1.205367e-01 -0.000000e+00
    outer loop
      vertex   -7.756888e+00 6.174949e-02 -2.700000e+01
      vertex   -7.848421e+00 8.155938e-01 -4.200000e+01
      vertex   -7.756888e+00 6.174949e-02 -4.200000e+01
    endloop
  endfacet
  facet normal -9.927089e-01 1.205367e-01 0.000000e+00
    outer loop
      vertex   -7.756888e+00 6.174949e-02 -2.700000e+01
      vertex   -7.756888e+00 6.174949e-02 -4.200000e+01
      vertex   -7.848421e+00 -6.920949e-01 -2.700000e+01
    endloop
  endfacet
  facet normal -9.927089e-01 1.205367e-01 0.000000e+00
    outer loop
      vertex   -7.848421e+00 -6.920949e-01 -2.700000e+01
      vertex   -7.756888e+00 6.174949e-02 -4.200000e+01
      vertex   -7.848421e+00 -6.920949e-01 -4.200000e+01
    endloop
  endfacet
  facet normal -9.350162e-01 3.546049e-01 0.000000e+00
    outer loop
      vertex   -7.848421e+00 -6.920949e-01 -2.700000e+01
      vertex   -7.848421e+00 -6.920949e-01 -4.200000e+01
      vertex   -8.117701e+00 -1.402129e+00 -2.700000e+01
    endloop
  endfacet
  facet normal -9.350162e-01 3.546049e-01 0.000000e+00
    outer loop
      vertex   -8.117701e+00 -1.402129e+00 -2.700000e+01
      vertex   -7.848421e+00 -6.920949e-01 -4.200000e+01
      vertex   -8.117701e+00 -1.402129e+00 -4.200000e+01
    endloop
  endfacet
  facet normal -8.229839e-01 5.680647e-01 0.000000e+00
    outer loop
      vertex   -8.117701e+00 -1.402129e+00 -2.700000e+01
      vertex   -8.117701e+00 -1.402129e+00 -4.200000e+01
      vertex   -8.549079e+00 -2.027087e+00 -2.700000e+01
    endloop
  endfacet
  facet normal -8.229839e-01 5.680647e-01 0.000000e+00
    outer loop
      vertex   -8.549079e+00 -2.027087e+00 -2.700000e+01
      vertex   -8.117701e+00 -1.402129e+00 -4.200000e+01
      vertex   -8.549079e+00 -2.027087e+00 -4.200000e+01
    endloop
  endfacet
  facet normal -6.631227e-01 7.485107e-01 0.000000e+00
    outer loop
      vertex   -8.549079e+00 -2.027087e+00 -2.700000e+01
      vertex   -8.549079e+00 -2.027087e+00 -4.200000e+01
      vertex   -9.117484e+00 -2.530650e+00 -2.700000e+01
    endloop
  endfacet
  facet normal -6.631227e-01 7.485107e-01 0.000000e+00
    outer loop
      vertex   -9.117484e+00 -2.530650e+00 -2.700000e+01
      vertex   -8.549079e+00 -2.027087e+00 -4.200000e+01
      vertex   -9.117484e+00 -2.530650e+00 -4.200000e+01
    endloop
  endfacet
  facet normal -4.647232e-01 8.854560e-01 0.000000e+00
    outer loop
      vertex   -9.117484e+00 -2.530650e+00 -2.700000e+01
      vertex   -9.117484e+00 -2.530650e+00 -4.200000e+01
      vertex   -9.789882e+00 -2.883552e+00 -2.700000e+01
    endloop
  endfacet
  facet normal -4.647232e-01 8.854560e-01 0.000000e+00
    outer loop
      vertex   -9.789882e+00 -2.883552e+00 -2.700000e+01
      vertex   -9.117484e+00 -2.530650e+00 -4.200000e+01
      vertex   -9.789882e+00 -2.883552e+00 -4.200000e+01
    endloop
  endfacet
  facet normal -2.393157e-01 9.709418e-01 0.000000e+00
    outer loop
      vertex   -9.789882e+00 -2.883552e+00 -2.700000e+01
      vertex   -9.789882e+00 -2.883552e+00 -4.200000e+01
      vertex   -1.052720e+01 -3.065283e+00 -2.700000e+01
    endloop
  endfacet
  facet normal -2.393157e-01 9.709418e-01 0.000000e+00
    outer loop
      vertex   -1.052720e+01 -3.065283e+00 -2.700000e+01
      vertex   -9.789882e+00 -2.883552e+00 -4.200000e+01
      vertex   -1.052720e+01 -3.065283e+00 -4.200000e+01
    endloop
  endfacet
  facet normal 0.000000e+00 1.000000e+00 0.000000e+00
    outer loop
      vertex   -1.052720e+01 -3.065283e+00 -2.700000e+01
      vertex   -1.052720e+01 -3.065283e+00 -4.200000e+01
      vertex   -1.128658e+01 -3.065283e+00 -2.700000e+01
    endloop
  endfacet
  facet normal 0.000000e+00 1.000000e+00 0.000000e+00
    outer loop
      vertex   -1.128658e+01 -3.065283e+00 -2.700000e+01
      vertex   -1.052720e+01 -3.065283e+00 -4.200000e+01
      vertex   -1.128658e+01 -3.065283e+00 -4.200000e+01
    endloop
  endfacet
  facet normal 2.393157e-01 9.709418e-01 0.000000e+00
    outer loop
      vertex   -1.128658e+01 -3.065283e+00 -2.700000e+01
      vertex   -1.128658e+01 -3.065283e+00 -4.200000e+01
      vertex   -1.202389e+01 -2.883552e+00 -2.700000e+01
    endloop
  endfacet
  facet normal 2.393157e-01 9.709418e-01 0.000000e+00
    outer loop
      vertex   -1.202389e+01 -2.883552e+00 -2.700000e+01
      vertex   -1.128658e+01 -3.065283e+00 -4.200000e+01
      vertex   -1.202389e+01 -2.883552e+00 -4.200000e+01
    endloop
  endfacet
  facet normal 4.647232e-01 8.854560e-01 0.000000e+00
    outer loop
      vertex   -1.202389e+01 -2.883552e+00 -2.700000e+01
      vertex   -1.202389e+01 -2.883552e+00 -4.200000e+01
      vertex   -1.269629e+01 -2.530650e+00 -2.700000e+01
    endloop
  endfacet
  facet normal 4.647232e-01 8.854560e-01 0.000000e+00
    outer loop
      vertex   -1.269629e+01 -2.530650e+00 -2.700000e+01
      vertex   -1.202389e+01 -2.883552e+00 -4.200000e+01
      vertex   -1.269629e+01 -2.530650e+00 -4.200000e+01
    endloop
  endfacet
  facet normal 6.631227e-01 7.485107e-01 0.000000e+00
    outer loop
      vertex   -1.269629e+01 -2.530650e+00 -2.700000e+01
      vertex   -1.269629e+01 -2.530650e+00 -4.200000e+01
      vertex   -1.326470e+01 -2.027087e+00 -2.700000e+01
    endloop
  endfacet
  facet normal 6.631227e-01 7.485107e-01 0.000000e+00
    outer loop
      vertex   -1.326470e+01 -2.027087e+00 -2.700000e+01
      vertex   -1.269629e+01 -2.530650e+00 -4.200000e+01
      vertex   -1.326470e+01 -2.027087e+00 -4.200000e+01
    endloop
  endfacet
  facet normal 8.229839e-01 5.680647e-01 0.000000e+00
    outer loop
      vertex   -1.326470e+01 -2.027087e+00 -2.700000e+01
      vertex   -1.326470e+01 -2.027087e+00 -4.200000e+01
      vertex   -1.369607e+01 -1.402129e+00 -2.700000e+01
    endloop
  endfacet
  facet normal 8.229839e-01 5.680647e-01 0.000000e+00
    outer loop
      vertex   -1.369607e+01 -1.402129e+00 -2.700000e+01
      vertex   -1.326470e+01 -2.027087e+00 -4.200000e+01
      vertex   -1.369607e+01 -1.402129e+00 -4.200000e+01
    endloop
  endfacet
  facet normal 9.350162e-01 3.546049e-01 0.000000e+00
    outer loop
      vertex   -1.369607e+01 -1.402129e+00 -2.700000e+01
      vertex   -1.369607e+01 -1.402129e+00 -4.200000e+01
      vertex   -1.396535e+01 -6.920949e-01 -2.700000e+01
    endloop
  endfacet
  facet normal 9.350162e-01 3.546049e-01 0.000000e+00
    outer loop
      vertex   -1.396535e+01 -6.920949e-01 -2.700000e+01
      vertex   -1.369607e+01 -1.402129e+00 -4.200000e+01
      vertex   -1.396535e+01 -6.920949e-01 -4.200000e+01
    endloop
  endfacet
  facet normal 0.000000e+00 -0.000000e+00 -1.000000e+00
    outer loop
      vertex   -1.396535e+01 8.155938e-01 -2.700000e+01
      vertex   -7.848421e+00 8.155938e-01 -2.700000e+01
      vertex   -1.405689e+01 6.174949e-02 -2.700000e+01
    endloop
  endfacet
  facet normal 0.000000e+00 0.000000e+00 -1.000000e+00
    outer loop
      vertex   -1.405689e+01 6.174949e-02 -2.700000e+01
      vertex   -7.848421e+00 8.155938e-01 -2.700000e+01
      vertex   -7.756888e+00 6.174949e-02 -2.700000e+01
    endloop
  endfacet
  facet normal 0.000000e+00 0.000000e+00 -1.000000e+00
    outer loop
      vertex   -1.405689e+01 6.174949e-02 -2.700000e+01
      vertex   -7.756888e+00 6.174949e-02 -2.700000e+01
      vertex   -1.396535e+01 -6.920949e-01 -2.700000e+01
    endloop
  endfacet
  facet normal 0.000000e+00 0.000000e+00 -1.000000e+00
    outer loop
      vertex   -1.396535e+01 -6.920949e-01 -2.700000e+01
      vertex   -7.756888e+00 6.174949e-02 -2.700000e+01
      vertex   -7.848421e+00 -6.920949e-01 -2.700000e+01
    endloop
  endfacet
  facet normal 0.000000e+00 0.000000e+00 -1.000000e+00
    outer loop
      vertex   -1.396535e+01 -6.920949e-01 -2.700000e+01
      vertex   -7.848421e+00 -6.920949e-01 -2.700000e+01
      vertex   -1.369607e+01 -1.402129e+00 -2.700000e+01
    endloop
  endfacet
  facet normal 0.000000e+00 0.000000e+00 -1.000000e+00
    outer loop
      vertex   -1.369607e+01 -1.402129e+00 -2.700000e+01
      vertex   -7.848421e+00 -6.920949e-01 -2.700000e+01
      vertex   -8.117701e+00 -1.402129e+00 -2.700000e+01
    endloop
  endfacet
  facet normal 0.000000e+00 0.000000e+00 -1.000000e+00
    outer loop
      vertex   -1.369607e+01 -1.402129e+00 -2.700000e+01
      vertex   -8.117701e+00 -1.402129e+00 -2.700000e+01
      vertex   -1.326470e+01 -2.027087e+00 -2.700000e+01
    endloop
  endfacet
  facet normal 0.000000e+00 0.000000e+00 -1.000000e+00
    outer loop
      vertex   -1.326470e+01 -2.027087e+00 -2.700000e+01
      vertex   -8.117701e+00 -1.402129e+00 -2.700000e+01
      vertex   -8.549079e+00 -2.027087e+00 -2.700000e+01
    endloop
  endfacet
  facet normal 0.000000e+00 0.000000e+00 -1.000000e+00
    outer loop
      vertex   -1.326470e+01 -2.027087e+00 -2.700000e+01
      vertex   -8.549079e+00 -2.027087e+00 -2.700000e+01
      vertex   -1.269629e+01 -2.530650e+00 -2.700000e+01
    endloop
  endfacet
  facet normal 0.000000e+00 0.000000e+00 -1.000000e+00
    outer loop
      vertex   -1.269629e+01 -2.530650e+00 -2.700000e+01
      vertex   -8.549079e+00 -2.027087e+00 -2.700000e+01
      vertex   -9.117484e+00 -2.530650e+00 -2.700000e+01
    endloop
  endfacet
  facet normal 0.000000e+00 0.000000e+00 -1.000000e+00
    outer loop
      vertex   -1.269629e+01 -2.530650e+00 -2.700000e+01
      vertex   -9.117484e+00 -2.530650e+00 -2.700000e+01
      vertex   -1.202389e+01 -2.883552e+00 -2.700000e+01
    endloop
  endfacet
  facet normal 0.000000e+00 0.000000e+00 -1.000000e+00
    outer loop
      vertex   -1.202389e+01 -2.883552e+00 -2.700000e+01
      vertex   -9.117484e+00 -2.530650e+00 -2.700000e+01
      vertex   -9.789882e+00 -2.883552e+00 -2.700000e+01
    endloop
  endfacet
  facet normal 0.000000e+00 0.000000e+00 -1.000000e+00
    outer loop
      vertex   -1.202389e+01 -2.883552e+00 -2.700000e+01
      vertex   -9.789882e+00 -2.883552e+00 -2.700000e+01
      vertex   -1.128658e+01 -3.065283e+00 -2.700000e+01
    endloop
  endfacet
  facet normal 0.000000e+00 0.000000e+00 -1.000000e+00
    outer loop
      vertex   -1.128658e+01 -3.065283e+00 -2.700000e+01
      vertex   -9.789882e+00 -2.883552e+00 -2.700000e+01
      vertex   -1.052720e+01 -3.065283e+00 -2.700000e+01
    endloop
  endfacet
  facet normal 0.000000e+00 0.000000e+00 -1.000000e+00
    outer loop
      vertex   -7.848421e+00 8.155938e-01 -2.700000e+01
      vertex   -1.396535e+01 8.155938e-01 -2.700000e+01
      vertex   -8.117701e+00 1.525627e+00 -2.700000e+01
    endloop
  endfacet
  facet normal -0.000000e+00 0.000000e+00 -1.000000e+00
    outer loop
      vertex   -8.117701e+00 1.525627e+00 -2.700000e+01
      vertex   -1.396535e+01 8.155938e-01 -2.700000e+01
      vertex   -1.369607e+01 1.525627e+00 -2.700000e+01
    endloop
  endfacet
  facet normal 0.000000e+00 0.000000e+00 -1.000000e+00
    outer loop
      vertex   -8.117701e+00 1.525627e+00 -2.700000e+01
      vertex   -1.369607e+01 1.525627e+00 -2.700000e+01
      vertex   -8.549079e+00 2.150586e+00 -2.700000e+01
    endloop
  endfacet
  facet normal -0.000000e+00 0.000000e+00 -1.000000e+00
    outer loop
      vertex   -8.549079e+00 2.150586e+00 -2.700000e+01
      vertex   -1.369607e+01 1.525627e+00 -2.700000e+01
      vertex   -1.326470e+01 2.150586e+00 -2.700000e+01
    endloop
  endfacet
  facet normal 0.000000e+00 0.000000e+00 -1.000000e+00
    outer loop
      vertex   -8.549079e+00 2.150586e+00 -2.700000e+01
      vertex   -1.326470e+01 2.150586e+00 -2.700000e+01
      vertex   -9.117484e+00 2.654149e+00 -2.700000e+01
    endloop
  endfacet
  facet normal -0.000000e+00 0.000000e+00 -1.000000e+00
    outer loop
      vertex   -9.117484e+00 2.654149e+00 -2.700000e+01
      vertex   -1.326470e+01 2.150586e+00 -2.700000e+01
      vertex   -1.269629e+01 2.654149e+00 -2.700000e+01
    endloop
  endfacet
  facet normal 0.000000e+00 0.000000e+00 -1.000000e+00
    outer loop
      vertex   -9.117484e+00 2.654149e+00 -2.700000e+01
      vertex   -1.269629e+01 2.654149e+00 -2.700000e+01
      vertex   -9.789882e+00 3.007051e+00 -2.700000e+01
    endloop
  endfacet
  facet normal -0.000000e+00 0.000000e+00 -1.000000e+00
    outer loop
      vertex   -9.789882e+00 3.007051e+00 -2.700000e+01
      vertex   -1.269629e+01 2.654149e+00 -2.700000e+01
      vertex   -1.202389e+01 3.007051e+00 -2.700000e+01
    endloop
  endfacet
  facet normal 0.000000e+00 0.000000e+00 -1.000000e+00
    outer loop
      vertex   -9.789882e+00 3.007051e+00 -2.700000e+01
      vertex   -1.202389e+01 3.007051e+00 -2.700000e+01
      vertex   -1.052720e+01 3.188782e+00 -2.700000e+01
    endloop
  endfacet
  facet normal -0.000000e+00 0.000000e+00 -1.000000e+00
    outer loop
      vertex   -1.052720e+01 3.188782e+00 -2.700000e+01
      vertex   -1.202389e+01 3.007051e+00 -2.700000e+01
      vertex   -1.128658e+01 3.188782e+00 -2.700000e+01
    endloop
  endfacet
  facet normal 9.927089e-01 1.205367e-01 0.000000e+00
    outer loop
      vertex   4.034645e+00 -6.920949e-01 -2.700000e+01
      vertex   4.034645e+00 -6.920949e-01 -4.200000e+01
      vertex   3.943112e+00 6.174949e-02 -2.700000e+01
    endloop
  endfacet
  facet normal 9.927089e-01 1.205367e-01 0.000000e+00
    outer loop
      vertex   3.943112e+00 6.174949e-02 -2.700000e+01
      vertex   4.034645e+00 -6.920949e-01 -4.200000e+01
      vertex   3.943112e+00 6.174949e-02 -4.200000e+01
    endloop
  endfacet
  facet normal 9.927089e-01 -1.205367e-01 0.000000e+00
    outer loop
      vertex   3.943112e+00 6.174949e-02 -2.700000e+01
      vertex   3.943112e+00 6.174949e-02 -4.200000e+01
      vertex   4.034645e+00 8.155938e-01 -2.700000e+01
    endloop
  endfacet
  facet normal 9.927089e-01 -1.205367e-01 0.000000e+00
    outer loop
      vertex   4.034645e+00 8.155938e-01 -2.700000e+01
      vertex   3.943112e+00 6.174949e-02 -4.200000e+01
      vertex   4.034645e+00 8.155938e-01 -4.200000e+01
    endloop
  endfacet
  facet normal 9.350162e-01 -3.546049e-01 0.000000e+00
    outer loop
      vertex   4.034645e+00 8.155938e-01 -2.700000e+01
      vertex   4.034645e+00 8.155938e-01 -4.200000e+01
      vertex   4.303926e+00 1.525627e+00 -2.700000e+01
    endloop
  endfacet
  facet normal 9.350162e-01 -3.546049e-01 0.000000e+00
    outer loop
      vertex   4.303926e+00 1.525627e+00 -2.700000e+01
      vertex   4.034645e+00 8.155938e-01 -4.200000e+01
      vertex   4.303926e+00 1.525627e+00 -4.200000e+01
    endloop
  endfacet
  facet normal 8.229839e-01 -5.680647e-01 0.000000e+00
    outer loop
      vertex   4.303926e+00 1.525627e+00 -2.700000e+01
      vertex   4.303926e+00 1.525627e+00 -4.200000e+01
      vertex   4.735303e+00 2.150586e+00 -2.700000e+01
    endloop
  endfacet
  facet normal 8.229839e-01 -5.680647e-01 0.000000e+00
    outer loop
      vertex   4.735303e+00 2.150586e+00 -2.700000e+01
      vertex   4.303926e+00 1.525627e+00 -4.200000e+01
      vertex   4.735303e+00 2.150586e+00 -4.200000e+01
    endloop
  endfacet
  facet normal 6.631227e-01 -7.485107e-01 0.000000e+00
    outer loop
      vertex   4.735303e+00 2.150586e+00 -2.700000e+01
      vertex   4.735303e+00 2.150586e+00 -4.200000e+01
      vertex   5.303708e+00 2.654149e+00 -2.700000e+01
    endloop
  endfacet
  facet normal 6.631227e-01 -7.485107e-01 0.000000e+00
    outer loop
      vertex   5.303708e+00 2.654149e+00 -2.700000e+01
      vertex   4.735303e+00 2.150586e+00 -4.200000e+01
      vertex   5.303708e+00 2.654149e+00 -4.200000e+01
    endloop
  endfacet
  facet normal 4.647232e-01 -8.854560e-01 0.000000e+00
    outer loop
      vertex   5.303708e+00 2.654149e+00 -2.700000e+01
      vertex   5.303708e+00 2.654149e+00 -4.200000e+01
      vertex   5.976107e+00 3.007051e+00 -2.700000e+01
    endloop
  endfacet
  facet normal 4.647232e-01 -8.854560e-01 0.000000e+00
    outer loop
      vertex   5.976107e+00 3.007051e+00 -2.700000e+01
      vertex   5.303708e+00 2.654149e+00 -4.200000e+01
      vertex   5.976107e+00 3.007051e+00 -4.200000e+01
    endloop
  endfacet
  facet normal 2.393157e-01 -9.709418e-01 0.000000e+00
    outer loop
      vertex   5.976107e+00 3.007051e+00 -2.700000e+01
      vertex   5.976107e+00 3.007051e+00 -4.200000e+01
      vertex   6.713422e+00 3.188782e+00 -2.700000e+01
    endloop
  endfacet
  facet normal 2.393157e-01 -9.709418e-01 0.000000e+00
    outer loop
      vertex   6.713422e+00 3.188782e+00 -2.700000e+01
      vertex   5.976107e+00 3.007051e+00 -4.200000e+01
      vertex   6.713422e+00 3.188782e+00 -4.200000e+01
    endloop
  endfacet
  facet normal 0.000000e+00 -1.000000e+00 0.000000e+00
    outer loop
      vertex   6.713422e+00 3.188782e+00 -2.700000e+01
      vertex   6.713422e+00 3.188782e+00 -4.200000e+01
      vertex   7.472803e+00 3.188782e+00 -2.700000e+01
    endloop
  endfacet
  facet normal 0.000000e+00 -1.000000e+00 -0.000000e+00
    outer loop
      vertex   7.472803e+00 3.188782e+00 -2.700000e+01
      vertex   6.713422e+00 3.188782e+00 -4.200000e+01
      vertex   7.472803e+00 3.188782e+00 -4.200000e+01
    endloop
  endfacet
  facet normal -2.393157e-01 -9.709418e-01 -0.000000e+00
    outer loop
      vertex   7.472803e+00 3.188782e+00 -2.700000e+01
      vertex   7.472803e+00 3.188782e+00 -4.200000e+01
      vertex   8.210118e+00 3.007051e+00 -2.700000e+01
    endloop
  endfacet
  facet normal -2.393157e-01 -9.709418e-01 -0.000000e+00
    outer loop
      vertex   8.210118e+00 3.007051e+00 -2.700000e+01
      vertex   7.472803e+00 3.188782e+00 -4.200000e+01
      vertex   8.210118e+00 3.007051e+00 -4.200000e+01
    endloop
  endfacet
  facet normal -4.647232e-01 -8.854560e-01 -0.000000e+00
    outer loop
      vertex   8.210118e+00 3.007051e+00 -2.700000e+01
      vertex   8.210118e+00 3.007051e+00 -4.200000e+01
      vertex   8.882516e+00 2.654149e+00 -2.700000e+01
    endloop
  endfacet
  facet normal -4.647232e-01 -8.854560e-01 -0.000000e+00
    outer loop
      vertex   8.882516e+00 2.654149e+00 -2.700000e+01
      vertex   8.210118e+00 3.007051e+00 -4.200000e+01
      vertex   8.882516e+00 2.654149e+00 -4.200000e+01
    endloop
  endfacet
  facet normal -6.631227e-01 -7.485107e-01 -0.000000e+00
    outer loop
      vertex   8.882516e+00 2.654149e+00 -2.700000e+01
      vertex   8.882516e+00 2.654149e+00 -4.200000e+01
      vertex   9.450921e+00 2.150586e+00 -2.700000e+01
    endloop
  endfacet
  facet normal -6.631227e-01 -7.485107e-01 -0.000000e+00
    outer loop
      vertex   9.450921e+00 2.150586e+00 -2.700000e+01
      vertex   8.882516e+00 2.654149e+00 -4.200000e+01
      vertex   9.450921e+00 2.150586e+00 -4.200000e+01
    endloop
  endfacet
  facet normal -8.229839e-01 -5.680647e-01 -0.000000e+00
    outer loop
      vertex   9.450921e+00 2.150586e+00 -2.700000e+01
      vertex   9.450921e+00 2.150586e+00 -4.200000e+01
      vertex   9.882299e+00 1.525627e+00 -2.700000e+01
    endloop
  endfacet
  facet normal -8.229839e-01 -5.680647e-01 -0.000000e+00
    outer loop
      vertex   9.882299e+00 1.525627e+00 -2.700000e+01
      vertex   9.450921e+00 2.150586e+00 -4.200000e+01
      vertex   9.882299e+00 1.525627e+00 -4.200000e+01
    endloop
  endfacet
  facet normal -9.350162e-01 -3.546049e-01 -0.000000e+00
    outer loop
      vertex   9.882299e+00 1.525627e+00 -2.700000e+01
      vertex   9.882299e+00 1.525627e+00 -4.200000e+01
      vertex   1.015158e+01 8.155938e-01 -2.700000e+01
    endloop
  endfacet
  facet normal -9.350162e-01 -3.546049e-01 -0.000000e+00
    outer loop
      vertex   1.015158e+01 8.155938e-01 -2.700000e+01
      vertex   9.882299e+00 1.525627e+00 -4.200000e+01
      vertex   1.015158e+01 8.155938e-01 -4.200000e+01
    endloop
  endfacet
  facet normal -9.927089e-01 -1.205367e-01 -0.000000e+00
    outer loop
      vertex   1.015158e+01 8.155938e-01 -2.700000e+01
      vertex   1.015158e+01 8.155938e-01 -4.200000e+01
      vertex   1.024311e+01 6.174949e-02 -2.700000e+01
    endloop
  endfacet
  facet normal -9.927089e-01 -1.205367e-01 -0.000000e+00
    outer loop
      vertex   1.024311e+01 6.174949e-02 -2.700000e+01
      vertex   1.015158e+01 8.155938e-01 -4.200000e+01
      vertex   1.024311e+01 6.174949e-02 -4.200000e+01
    endloop
  endfacet
  facet normal -9.927089e-01 1.205367e-01 0.000000e+00
    outer loop
      vertex   1.024311e+01 6.174949e-02 -2.700000e+01
      vertex   1.024311e+01 6.174949e-02 -4.200000e+01
      vertex   1.015158e+01 -6.920949e-01 -2.700000e+01
    endloop
  endfacet
  facet normal -9.927089e-01 1.205367e-01 0.000000e+00
    outer loop
      vertex   1.015158e+01 -6.920949e-01 -2.700000e+01
      vertex   1.024311e+01 6.174949e-02 -4.200000e+01
      vertex   1.015158e+01 -6.920949e-01 -4.200000e+01
    endloop
  endfacet
  facet normal -9.350162e-01 3.546049e-01 0.000000e+00
    outer loop
      vertex   1.015158e+01 -6.920949e-01 -2.700000e+01
      vertex   1.015158e+01 -6.920949e-01 -4.200000e+01
      vertex   9.882299e+00 -1.402129e+00 -2.700000e+01
    endloop
  endfacet
  facet normal -9.350162e-01 3.546049e-01 0.000000e+00
    outer loop
      vertex   9.882299e+00 -1.402129e+00 -2.700000e+01
      vertex   1.015158e+01 -6.920949e-01 -4.200000e+01
      vertex   9.882299e+00 -1.402129e+00 -4.200000e+01
    endloop
  endfacet
  facet normal -8.229839e-01 5.680647e-01 0.000000e+00
    outer loop
      vertex   9.882299e+00 -1.402129e+00 -2.700000e+01
      vertex   9.882299e+00 -1.402129e+00 -4.200000e+01
      vertex   9.450921e+00 -2.027087e+00 -2.700000e+01
    endloop
  endfacet
  facet normal -8.229839e-01 5.680647e-01 0.000000e+00
    outer loop
      vertex   9.450921e+00 -2.027087e+00 -2.700000e+01
      vertex   9.882299e+00 -1.402129e+00 -4.200000e+01
      vertex   9.450921e+00 -2.027087e+00 -4.200000e+01
    endloop
  endfacet
  facet normal -6.631227e-01 7.485107e-01 0.000000e+00
    outer loop
      vertex   9.450921e+00 -2.027087e+00 -2.700000e+01
      vertex   9.450921e+00 -2.027087e+00 -4.200000e+01
      vertex   8.882516e+00 -2.530650e+00 -2.700000e+01
    endloop
  endfacet
  facet normal -6.631227e-01 7.485107e-01 0.000000e+00
    outer loop
      vertex   8.882516e+00 -2.530650e+00 -2.700000e+01
      vertex   9.450921e+00 -2.027087e+00 -4.200000e+01
      vertex   8.882516e+00 -2.530650e+00 -4.200000e+01
    endloop
  endfacet
  facet normal -4.647232e-01 8.854560e-01 0.000000e+00
    outer loop
      vertex   8.882516e+00 -2.530650e+00 -2.700000e+01
      vertex   8.882516e+00 -2.530650e+00 -4.200000e+01
      vertex   8.210118e+00 -2.883552e+00 -2.700000e+01
    endloop
  endfacet
  facet normal -4.647232e-01 8.854560e-01 0.000000e+00
    outer loop
      vertex   8.210118e+00 -2.883552e+00 -2.700000e+01
      vertex   8.882516e+00 -2.530650e+00 -4.200000e+01
      vertex   8.210118e+00 -2.883552e+00 -4.200000e+01
    endloop
  endfacet
  facet normal -2.393157e-01 9.709418e-01 0.000000e+00
    outer loop
      vertex   8.210118e+00 -2.883552e+00 -2.700000e+01
      vertex   8.210118e+00 -2.883552e+00 -4.200000e+01
      vertex   7.472803e+00 -3.065283e+00 -2.700000e+01
    endloop
  endfacet
  facet normal -2.393157e-01 9.709418e-01 0.000000e+00
    outer loop
      vertex   7.472803e+00 -3.065283e+00 -2.700000e+01
      vertex   8.210118e+00 -2.883552e+00 -4.200000e+01
      vertex   7.472803e+00 -3.065283e+00 -4.200000e+01
    endloop
  endfacet
  facet normal 0.000000e+00 1.000000e+00 0.000000e+00
    outer loop
      vertex   7.472803e+00 -3.065283e+00 -2.700000e+01
      vertex   7.472803e+00 -3.065283e+00 -4.200000e+01
      vertex   6.713422e+00 -3.065283e+00 -2.700000e+01
    endloop
  endfacet
  facet normal 0.000000e+00 1.000000e+00 0.000000e+00
    outer loop
      vertex   6.713422e+00 -3.065283e+00 -2.700000e+01
      vertex   7.472803e+00 -3.065283e+00 -4.200000e+01
      vertex   6.713422e+00 -3.065283e+00 -4.200000e+01
    endloop
  endfacet
  facet normal 2.393157e-01 9.709418e-01 0.000000e+00
    outer loop
      vertex   6.713422e+00 -3.065283e+00 -2.700000e+01
      vertex   6.713422e+00 -3.065283e+00 -4.200000e+01
      vertex   5.976107e+00 -2.883552e+00 -2.700000e+01
    endloop
  endfacet
  facet normal 2.393157e-01 9.709418e-01 0.000000e+00
    outer loop
      vertex   5.976107e+00 -2.883552e+00 -2.700000e+01
      vertex   6.713422e+00 -3.065283e+00 -4.200000e+01
      vertex   5.976107e+00 -2.883552e+00 -4.200000e+01
    endloop
  endfacet
  facet normal 4.647232e-01 8.854560e-01 0.000000e+00
    outer loop
      vertex   5.976107e+00 -2.883552e+00 -2.700000e+01
      vertex   5.976107e+00 -2.883552e+00 -4.200000e+01
      vertex   5.303708e+00 -2.530650e+00 -2.700000e+01
    endloop
  endfacet
  facet normal 4.647232e-01 8.854560e-01 0.000000e+00
    outer loop
      vertex   5.303708e+00 -2.530650e+00 -2.700000e+01
      vertex   5.976107e+00 -2.883552e+00 -4.200000e+01
      vertex   5.303708e+00 -2.530650e+00 -4.200000e+01
    endloop
  endfacet
  facet normal 6.631227e-01 7.485107e-01 0.000000e+00
    outer loop
      vertex   5.303708e+00 -2.530650e+00 -2.700000e+01
      vertex   5.303708e+00 -2.530650e+00 -4.200000e+01
      vertex   4.735303e+00 -2.027087e+00 -2.700000e+01
    endloop
  endfacet
  facet normal 6.631227e-01 7.485107e-01 0.000000e+00
    outer loop
      vertex   4.735303e+00 -2.027087e+00 -2.700000e+01
      vertex   5.303708e+00 -2.530650e+00 -4.200000e+01
      vertex   4.735303e+00 -2.027087e+00 -4.200000e+01
    endloop
  endfacet
  facet normal 8.229839e-01 5.680647e-01 0.000000e+00
    outer loop
      vertex   4.735303e+00 -2.027087e+00 -2.700000e+01
      vertex   4.735303e+00 -2.027087e+00 -4.200000e+01
      vertex   4.303926e+00 -1.402129e+00 -2.700000e+01
    endloop
  endfacet
  facet normal 8.229839e-01 5.680647e-01 0.000000e+00
    outer loop
      vertex   4.303926e+00 -1.402129e+00 -2.700000e+01
      vertex   4.735303e+00 -2.027087e+00 -4.200000e+01
      vertex   4.303926e+00 -1.402129e+00 -4.200000e+01
    endloop
  endfacet
  facet normal 9.350162e-01 3.546049e-01 0.000000e+00
    outer loop
      vertex   4.303926e+00 -1.402129e+00 -2.700000e+01
      vertex   4.303926e+00 -1.402129e+00 -4.200000e+01
      vertex   4.034645e+00 -6.920949e-01 -2.700000e+01
    endloop
  endfacet
  facet normal 9.350162e-01 3.546049e-01 0.000000e+00
    outer loop
      vertex   4.034645e+00 -6.920949e-01 -2.700000e+01
      vertex   4.303926e+00 -1.402129e+00 -4.200000e+01
      vertex   4.034645e+00 -6.920949e-01 -4.200000e+01
    endloop
  endfacet
  facet normal 0.000000e+00 -0.000000e+00 -1.000000e+00
    outer loop
      vertex   4.034645e+00 8.155938e-01 -2.700000e+01
      vertex   1.015158e+01 8.155938e-01 -2.700000e+01
      vertex   3.943112e+00 6.174949e-02 -2.700000e+01
    endloop
  endfacet
  facet normal 0.000000e+00 0.000000e+00 -1.000000e+00
    outer loop
      vertex   3.943112e+00 6.174949e-02 -2.700000e+01
      vertex   1.015158e+01 8.155938e-01 -2.700000e+01
      vertex   1.024311e+01 6.174949e-02 -2.700000e+01
    endloop
  endfacet
  facet normal 0.000000e+00 0.000000e+00 -1.000000e+00
    outer loop
      vertex   3.943112e+00 6.174949e-02 -2.700000e+01
      vertex   1.024311e+01 6.174949e-02 -2.700000e+01
      vertex   4.034645e+00 -6.920949e-01 -2.700000e+01
    endloop
  endfacet
  facet normal 0.000000e+00 0.000000e+00 -1.000000e+00
    outer loop
      vertex   4.034645e+00 -6.920949e-01 -2.700000e+01
      vertex   1.024311e+01 6.174949e-02 -2.700000e+01
      vertex   1.015158e+01 -6.920949e-01 -2.700000e+01
    endloop
  endfacet
  facet normal 0.000000e+00 0.000000e+00 -1.000000e+00
    outer loop
      vertex   4.034645e+00 -6.920949e-01 -2.700000e+01
      vertex   1.015158e+01 -6.920949e-01 -2.700000e+01
      vertex   4.303926e+00 -1.402129e+00 -2.700000e+01
    endloop
  endfacet
  facet normal 0.000000e+00 0.000000e+00 -1.000000e+00
    outer loop
      vertex   4.303926e+00 -1.402129e+00 -2.700000e+01
      vertex   1.015158e+01 -6.920949e-01 -2.700000e+01
      vertex   9.882299e+00 -1.402129e+00 -2.700000e+01
    endloop
  endfacet
  facet normal 0.000000e+00 0.000000e+00 -1.000000e+00
    outer loop
      vertex   4.303926e+00 -1.402129e+00 -2.700000e+01
      vertex   9.882299e+00 -1.402129e+00 -2.700000e+01
      vertex   4.735303e+00 -2.027087e+00 -2.700000e+01
    endloop
  endfacet
  facet normal 0.000000e+00 0.000000e+00 -1.000000e+00
    outer loop
      vertex   4.735303e+00 -2.027087e+00 -2.700000e+01
      vertex   9.882299e+00 -1.402129e+00 -2.700000e+01
      vertex   9.450921e+00 -2.027087e+00 -2.700000e+01
    endloop
  endfacet
  facet normal 0.000000e+00 0.000000e+00 -1.000000e+00
    outer loop
      vertex   4.735303e+00 -2.027087e+00 -2.700000e+01
      vertex   9.450921e+00 -2.027087e+00 -2.700000e+01
      vertex   5.303708e+00 -2.530650e+00 -2.700000e+01
    endloop
  endfacet
  facet normal 0.000000e+00 0.000000e+00 -1.000000e+00
    outer loop
      vertex   5.303708e+00 -2.530650e+00 -2.700000e+01
      vertex   9.450921e+00 -2.027087e+00 -2.700000e+01
      vertex   8.882516e+00 -2.530650e+00 -2.700000e+01
    endloop
  endfacet
  facet normal 0.000000e+00 0.000000e+00 -1.000000e+00
    outer loop
      vertex   5.303708e+00 -2.530650e+00 -2.700000e+01
      vertex   8.882516e+00 -2.530650e+00 -2.700000e+01
      vertex   5.976107e+00 -2.883552e+00 -2.700000e+01
    endloop
  endfacet
  facet normal 0.000000e+00 0.000000e+00 -1.000000e+00
    outer loop
      vertex   5.976107e+00 -2.883552e+00 -2.700000e+01
      vertex   8.882516e+00 -2.530650e+00 -2.700000e+01
      vertex   8.210118e+00 -2.883552e+00 -2.700000e+01
    endloop
  endfacet
  facet normal 0.000000e+00 0.000000e+00 -1.000000e+00
    outer loop
      vertex   5.976107e+00 -2.883552e+00 -2.700000e+01
      vertex   8.210118e+00 -2.883552e+00 -2.700000e+01
      vertex   6.713422e+00 -3.065283e+00 -2.700000e+01
    endloop
  endfacet
  facet normal 0.000000e+00 0.000000e+00 -1.000000e+00
    outer loop
      vertex   6.713422e+00 -3.065283e+00 -2.700000e+01
      vertex   8.210118e+00 -2.883552e+00 -2.700000e+01
      vertex   7.472803e+00 -3.065283e+00 -2.700000e+01
    endloop
  endfacet
  facet normal 0.000000e+00 0.000000e+00 -1.000000e+00
    outer loop
      vertex   1.015158e+01 8.155938e-01 -2.700000e+01
      vertex   4.034645e+00 8.155938e-01 -2.700000e+01
      vertex   9.882299e+00 1.525627e+00 -2.700000e+01
    endloop
  endfacet
  facet normal -0.000000e+00 0.000000e+00 -1.000000e+00
    outer loop
      vertex   9.882299e+00 1.525627e+00 -2.700000e+01
      vertex   4.034645e+00 8.155938e-01 -2.700000e+01
      vertex   4.303926e+00 1.525627e+00 -2.700000e+01
    endloop
  endfacet
  facet normal 0.000000e+00 0.000000e+00 -1.000000e+00
    outer loop
      vertex   9.882299e+00 1.525627e+00 -2.700000e+01
      vertex   4.303926e+00 1.525627e+00 -2.700000e+01
      vertex   9.450921e+00 2.150586e+00 -2.700000e+01
    endloop
  endfacet
  facet normal -0.000000e+00 0.000000e+00 -1.000000e+00
    outer loop
      vertex   9.450921e+00 2.150586e+00 -2.700000e+01
      vertex   4.303926e+00 1.525627e+00 -2.700000e+01
      vertex   4.735303e+00 2.150586e+00 -2.700000e+01
    endloop
  endfacet
  facet normal 0.000000e+00 0.000000e+00 -1.000000e+00
    outer loop
      vertex   9.450921e+00 2.150586e+00 -2.700000e+01
      vertex   4.735303e+00 2.150586e+00 -2.700000e+01
      vertex   8.882516e+00 2.654149e+00 -2.700000e+01
    endloop
  endfacet
  facet normal -0.000000e+00 0.000000e+00 -1.000000e+00
    outer loop
      vertex   8.882516e+00 2.654149e+00 -2.700000e+01
      vertex   4.735303e+00 2.150586e+00 -2.700000e+01
      vertex   5.303708e+00 2.654149e+00 -2.700000e+01
    endloop
  endfacet
  facet normal 0.000000e+00 0.000000e+00 -1.000000e+00
    outer loop
      vertex   8.882516e+00 2.654149e+00 -2.700000e+01
      vertex   5.303708e+00 2.654149e+00 -2.700000e+01
      vertex   8.210118e+00 3.007051e+00 -2.700000e+01
    endloop
  endfacet
  facet normal -0.000000e+00 0.000000e+00 -1.000000e+00
    outer loop
      vertex   8.210118e+00 3.007051e+00 -2.700000e+01
      vertex   5.303708e+00 2.654149e+00 -2.700000e+01
      vertex   5.976107e+00 3.007051e+00 -2.700000e+01
    endloop
  endfacet
  facet normal 0.000000e+00 0.000000e+00 -1.000000e+00
    outer loop
      vertex   8.210118e+00 3.007051e+00 -2.700000e+01
      vertex   5.976107e+00 3.007051e+00 -2.700000e+01
      vertex   7.472803e+00 3.188782e+00 -2.700000e+01
    endloop
  endfacet
  facet normal -0.000000e+00 0.000000e+00 -1.000000e+00
    outer loop
      vertex   7.472803e+00 3.188782e+00 -2.700000e+01
      vertex   5.976107e+00 3.007051e+00 -2.700000e+01
      vertex   6.713422e+00 3.188782e+00 -2.700000e+01
    endloop
  endfacet
  facet normal 9.927089e-01 1.205367e-01 0.000000e+00
    outer loop
      vertex   -4.965355e+00 8.307905e+00 -2.700000e+01
      vertex   -4.965355e+00 8.307905e+00 -4.200000e+01
      vertex   -5.056888e+00 9.061749e+00 -2.700000e+01
    endloop
  endfacet
  facet normal 9.927089e-01 1.205367e-01 0.000000e+00
    outer loop
      vertex   -5.056888e+00 9.061749e+00 -2.700000e+01
      vertex   -4.965355e+00 8.307905e+00 -4.200000e+01
      vertex   -5.056888e+00 9.061749e+00 -4.200000e+01
    endloop
  endfacet
  facet normal 9.927089e-01 -1.205367e-01 0.000000e+00
    outer loop
      vertex   -5.056888e+00 9.061749e+00 -2.700000e+01
      vertex   -5.056888e+00 9.061749e+00 -4.200000e+01
      vertex   -4.965355e+00 9.815594e+00 -2.700000e+01
    endloop
  endfacet
  facet normal 9.927089e-01 -1.205367e-01 0.000000e+00
    outer loop
      vertex   -4.965355e+00 9.815594e+00 -2.700000e+01
      vertex   -5.056888e+00 9.061749e+00 -4.200000e+01
      vertex   -4.965355e+00 9.815594e+00 -4.200000e+01
    endloop
  endfacet
  facet normal 9.350162e-01 -3.546049e-01 0.000000e+00
    outer loop
      vertex   -4.965355e+00 9.815594e+00 -2.700000e+01
      vertex   -4.965355e+00 9.815594e+00 -4.200000e+01
      vertex   -4.696074e+00 1.052563e+01 -2.700000e+01
    endloop
  endfacet
  facet normal 9.350162e-01 -3.546049e-01 0.000000e+00
    outer loop
      vertex   -4.696074e+00 1.052563e+01 -2.700000e+01
      vertex   -4.965355e+00 9.815594e+00 -4.200000e+01
      vertex   -4.696074e+00 1.052563e+01 -4.200000e+01
    endloop
  endfacet
  facet normal 8.229839e-01 -5.680647e-01 0.000000e+00
    outer loop
      vertex   -4.696074e+00 1.052563e+01 -2.700000e+01
      vertex   -4.696074e+00 1.052563e+01 -4.200000e+01
      vertex   -4.264697e+00 1.115059e+01 -2.700000e+01
    endloop
  endfacet
  facet normal 8.229839e-01 -5.680647e-01 0.000000e+00
    outer loop
      vertex   -4.264697e+00 1.115059e+01 -2.700000e+01
      vertex   -4.696074e+00 1.052563e+01 -4.200000e+01
      vertex   -4.264697e+00 1.115059e+01 -4.200000e+01
    endloop
  endfacet
  facet normal 6.631227e-01 -7.485107e-01 0.000000e+00
    outer loop
      vertex   -4.264697e+00 1.115059e+01 -2.700000e+01
      vertex   -4.264697e+00 1.115059e+01 -4.200000e+01
      vertex   -3.696292e+00 1.165415e+01 -2.700000e+01
    endloop
  endfacet
  facet normal 6.631227e-01 -7.485107e-01 0.000000e+00
    outer loop
      vertex   -3.696292e+00 1.165415e+01 -2.700000e+01
      vertex   -4.264697e+00 1.115059e+01 -4.200000e+01
      vertex   -3.696292e+00 1.165415e+01 -4.200000e+01
    endloop
  endfacet
  facet normal 4.647232e-01 -8.854560e-01 0.000000e+00
    outer loop
      vertex   -3.696292e+00 1.165415e+01 -2.700000e+01
      vertex   -3.696292e+00 1.165415e+01 -4.200000e+01
      vertex   -3.023893e+00 1.200705e+01 -2.700000e+01
    endloop
  endfacet
  facet normal 4.647232e-01 -8.854560e-01 0.000000e+00
    outer loop
      vertex   -3.023893e+00 1.200705e+01 -2.700000e+01
      vertex   -3.696292e+00 1.165415e+01 -4.200000e+01
      vertex   -3.023893e+00 1.200705e+01 -4.200000e+01
    endloop
  endfacet
  facet normal 2.393157e-01 -9.709418e-01 0.000000e+00
    outer loop
      vertex   -3.023893e+00 1.200705e+01 -2.700000e+01
      vertex   -3.023893e+00 1.200705e+01 -4.200000e+01
      vertex   -2.286578e+00 1.218878e+01 -2.700000e+01
    endloop
  endfacet
  facet normal 2.393157e-01 -9.709418e-01 0.000000e+00
    outer loop
      vertex   -2.286578e+00 1.218878e+01 -2.700000e+01
      vertex   -3.023893e+00 1.200705e+01 -4.200000e+01
      vertex   -2.286578e+00 1.218878e+01 -4.200000e+01
    endloop
  endfacet
  facet normal 0.000000e+00 -1.000000e+00 0.000000e+00
    outer loop
      vertex   -2.286578e+00 1.218878e+01 -2.700000e+01
      vertex   -2.286578e+00 1.218878e+01 -4.200000e+01
      vertex   -1.527197e+00 1.218878e+01 -2.700000e+01
    endloop
  endfacet
  facet normal 0.000000e+00 -1.000000e+00 -0.000000e+00
    outer loop
      vertex   -1.527197e+00 1.218878e+01 -2.700000e+01
      vertex   -2.286578e+00 1.218878e+01 -4.200000e+01
      vertex   -1.527197e+00 1.218878e+01 -4.200000e+01
    endloop
  endfacet
  facet normal -2.393157e-01 -9.709418e-01 -0.000000e+00
    outer loop
      vertex   -1.527197e+00 1.218878e+01 -2.700000e+01
      vertex   -1.527197e+00 1.218878e+01 -4.200000e+01
      vertex   -7.898824e-01 1.200705e+01 -2.700000e+01
    endloop
  endfacet
  facet normal -2.393157e-01 -9.709418e-01 -0.000000e+00
    outer loop
      vertex   -7.898824e-01 1.200705e+01 -2.700000e+01
      vertex   -1.527197e+00 1.218878e+01 -4.200000e+01
      vertex   -7.898824e-01 1.200705e+01 -4.200000e+01
    endloop
  endfacet
  facet normal -4.647232e-01 -8.854560e-01 -0.000000e+00
    outer loop
      vertex   -7.898824e-01 1.200705e+01 -2.700000e+01
      vertex   -7.898824e-01 1.200705e+01 -4.200000e+01
      vertex   -1.174839e-01 1.165415e+01 -2.700000e+01
    endloop
  endfacet
  facet normal -4.647232e-01 -8.854560e-01 -0.000000e+00
    outer loop
      vertex   -1.174839e-01 1.165415e+01 -2.700000e+01
      vertex   -7.898824e-01 1.200705e+01 -4.200000e+01
      vertex   -1.174839e-01 1.165415e+01 -4.200000e+01
    endloop
  endfacet
  facet normal -6.631227e-01 -7.485107e-01 -0.000000e+00
    outer loop
      vertex   -1.174839e-01 1.165415e+01 -2.700000e+01
      vertex   -1.174839e-01 1.165415e+01 -4.200000e+01
      vertex   4.509210e-01 1.115059e+01 -2.700000e+01
    endloop
  endfacet
  facet normal -6.631227e-01 -7.485107e-01 -0.000000e+00
    outer loop
      vertex   4.509210e-01 1.115059e+01 -2.700000e+01
      vertex   -1.174839e-01 1.165415e+01 -4.200000e+01
      vertex   4.509210e-01 1.115059e+01 -4.200000e+01
    endloop
  endfacet
  facet normal -8.229839e-01 -5.680647e-01 -0.000000e+00
    outer loop
      vertex   4.509210e-01 1.115059e+01 -2.700000e+01
      vertex   4.509210e-01 1.115059e+01 -4.200000e+01
      vertex   8.822987e-01 1.052563e+01 -2.700000e+01
    endloop
  endfacet
  facet normal -8.229839e-01 -5.680647e-01 -0.000000e+00
    outer loop
      vertex   8.822987e-01 1.052563e+01 -2.700000e+01
      vertex   4.509210e-01 1.115059e+01 -4.200000e+01
      vertex   8.822987e-01 1.052563e+01 -4.200000e+01
    endloop
  endfacet
  facet normal -9.350162e-01 -3.546049e-01 -0.000000e+00
    outer loop
      vertex   8.822987e-01 1.052563e+01 -2.700000e+01
      vertex   8.822987e-01 1.052563e+01 -4.200000e+01
      vertex   1.151579e+00 9.815594e+00 -2.700000e+01
    endloop
  endfacet
  facet normal -9.350162e-01 -3.546049e-01 -0.000000e+00
    outer loop
      vertex   1.151579e+00 9.815594e+00 -2.700000e+01
      vertex   8.822987e-01 1.052563e+01 -4.200000e+01
      vertex   1.151579e+00 9.815594e+00 -4.200000e+01
    endloop
  endfacet
  facet normal -9.927089e-01 -1.205367e-01 -0.000000e+00
    outer loop
      vertex   1.151579e+00 9.815594e+00 -2.700000e+01
      vertex   1.151579e+00 9.815594e+00 -4.200000e+01
      vertex   1.243112e+00 9.061749e+00 -2.700000e+01
    endloop
  endfacet
  facet normal -9.927089e-01 -1.205367e-01 -0.000000e+00
    outer loop
      vertex   1.243112e+00 9.061749e+00 -2.700000e+01
      vertex   1.151579e+00 9.815594e+00 -4.200000e+01
      vertex   1.243112e+00 9.061749e+00 -4.200000e+01
    endloop
  endfacet
  facet normal -9.927089e-01 1.205367e-01 0.000000e+00
    outer loop
      vertex   1.243112e+00 9.061749e+00 -2.700000e+01
      vertex   1.243112e+00 9.061749e+00 -4.200000e+01
      vertex   1.151579e+00 8.307905e+00 -2.700000e+01
    endloop
  endfacet
  facet normal -9.927089e-01 1.205367e-01 0.000000e+00
    outer loop
      vertex   1.151579e+00 8.307905e+00 -2.700000e+01
      vertex   1.243112e+00 9.061749e+00 -4.200000e+01
      vertex   1.151579e+00 8.307905e+00 -4.200000e+01
    endloop
  endfacet
  facet normal -9.350162e-01 3.546049e-01 0.000000e+00
    outer loop
      vertex   1.151579e+00 8.307905e+00 -2.700000e+01
      vertex   1.151579e+00 8.307905e+00 -4.200000e+01
      vertex   8.822987e-01 7.597871e+00 -2.700000e+01
    endloop
  endfacet
  facet normal -9.350162e-01 3.546049e-01 0.000000e+00
    outer loop
      vertex   8.822987e-01 7.597871e+00 -2.700000e+01
      vertex   1.151579e+00 8.307905e+00 -4.200000e+01
      vertex   8.822987e-01 7.597871e+00 -4.200000e+01
    endloop
  endfacet
  facet normal -8.229839e-01 5.680647e-01 0.000000e+00
    outer loop
      vertex   8.822987e-01 7.597871e+00 -2.700000e+01
      vertex   8.822987e-01 7.597871e+00 -4.200000e+01
      vertex   4.509210e-01 6.972913e+00 -2.700000e+01
    endloop
  endfacet
  facet normal -8.229839e-01 5.680647e-01 0.000000e+00
    outer loop
      vertex   4.509210e-01 6.972913e+00 -2.700000e+01
      vertex   8.822987e-01 7.597871e+00 -4.200000e+01
      vertex   4.509210e-01 6.972913e+00 -4.200000e+01
    endloop
  endfacet
  facet normal -6.631227e-01 7.485107e-01 0.000000e+00
    outer loop
      vertex   4.509210e-01 6.972913e+00 -2.700000e+01
      vertex   4.509210e-01 6.972913e+00 -4.200000e+01
      vertex   -1.174839e-01 6.469350e+00 -2.700000e+01
    endloop
  endfacet
  facet normal -6.631227e-01 7.485107e-01 0.000000e+00
    outer loop
      vertex   -1.174839e-01 6.469350e+00 -2.700000e+01
      vertex   4.509210e-01 6.972913e+00 -4.200000e+01
      vertex   -1.174839e-01 6.469350e+00 -4.200000e+01
    endloop
  endfacet
  facet normal -4.647232e-01 8.854560e-01 0.000000e+00
    outer loop
      vertex   -1.174839e-01 6.469350e+00 -2.700000e+01
      vertex   -1.174839e-01 6.469350e+00 -4.200000e+01
      vertex   -7.898824e-01 6.116448e+00 -2.700000e+01
    endloop
  endfacet
  facet normal -4.647232e-01 8.854560e-01 0.000000e+00
    outer loop
      vertex   -7.898824e-01 6.116448e+00 -2.700000e+01
      vertex   -1.174839e-01 6.469350e+00 -4.200000e+01
      vertex   -7.898824e-01 6.116448e+00 -4.200000e+01
    endloop
  endfacet
  facet normal -2.393157e-01 9.709418e-01 0.000000e+00
    outer loop
      vertex   -7.898824e-01 6.116448e+00 -2.700000e+01
      vertex   -7.898824e-01 6.116448e+00 -4.200000e+01
      vertex   -1.527197e+00 5.934717e+00 -2.700000e+01
    endloop
  endfacet
  facet normal -2.393157e-01 9.709418e-01 0.000000e+00
    outer loop
      vertex   -1.527197e+00 5.934717e+00 -2.700000e+01
      vertex   -7.898824e-01 6.116448e+00 -4.200000e+01
      vertex   -1.527197e+00 5.934717e+00 -4.200000e+01
    endloop
  endfacet
  facet normal 0.000000e+00 1.000000e+00 0.000000e+00
    outer loop
      vertex   -1.527197e+00 5.934717e+00 -2.700000e+01
      vertex   -1.527197e+00 5.934717e+00 -4.200000e+01
      vertex   -2.286578e+00 5.934717e+00 -2.700000e+01
    endloop
  endfacet
  facet normal 0.000000e+00 1.000000e+00 0.000000e+00
    outer loop
      vertex   -2.286578e+00 5.934717e+00 -2.700000e+01
      vertex   -1.527197e+00 5.934717e+00 -4.200000e+01
      vertex   -2.286578e+00 5.934717e+00 -4.200000e+01
    endloop
  endfacet
  facet normal 2.393157e-01 9.709418e-01 0.000000e+00
    outer loop
      vertex   -2.286578e+00 5.934717e+00 -2.700000e+01
      vertex   -2.286578e+00 5.934717e+00 -4.200000e+01
      vertex   -3.023893e+00 6.116448e+00 -2.700000e+01
    endloop
  endfacet
  facet normal 2.393157e-01 9.709418e-01 0.000000e+00
    outer loop
      vertex   -3.023893e+00 6.116448e+00 -2.700000e+01
      vertex   -2.286578e+00 5.934717e+00 -4.200000e+01
      vertex   -3.023893e+00 6.116448e+00 -4.200000e+01
    endloop
  endfacet
  facet normal 4.647232e-01 8.854560e-01 0.000000e+00
    outer loop
      vertex   -3.023893e+00 6.116448e+00 -2.700000e+01
      vertex   -3.023893e+00 6.116448e+00 -4.200000e+01
      vertex   -3.696292e+00 6.469350e+00 -2.700000e+01
    endloop
  endfacet
  facet normal 4.647232e-01 8.854560e-01 0.000000e+00
    outer loop
      vertex   -3.696292e+00 6.469350e+00 -2.700000e+01
      vertex   -3.023893e+00 6.116448e+00 -4.200000e+01
      vertex   -3.696292e+00 6.469350e+00 -4.200000e+01
    endloop
  endfacet
  facet normal 6.631227e-01 7.485107e-01 0.000000e+00
    outer loop
      vertex   -3.696292e+00 6.469350e+00 -2.700000e+01
      vertex   -3.696292e+00 6.469350e+00 -4.200000e+01
      vertex   -4.264697e+00 6.972913e+00 -2.700000e+01
    endloop
  endfacet
  facet normal 6.631227e-01 7.485107e-01 0.000000e+00
    outer loop
      vertex   -4.264697e+00 6.972913e+00 -2.700000e+01
      vertex   -3.696292e+00 6.469350e+00 -4.200000e+01
      vertex   -4.264697e+00 6.972913e+00 -4.200000e+01
    endloop
  endfacet
  facet normal 8.229839e-01 5.680647e-01 0.000000e+00
    outer loop
      vertex   -4.264697e+00 6.972913e+00 -2.700000e+01
      vertex   -4.264697e+00 6.972913e+00 -4.200000e+01
      vertex   -4.696074e+00 7.597871e+00 -2.700000e+01
    endloop
  endfacet
  facet normal 8.229839e-01 5.680647e-01 0.000000e+00
    outer loop
      vertex   -4.696074e+00 7.597871e+00 -2.700000e+01
      vertex   -4.264697e+00 6.972913e+00 -4.200000e+01
      vertex   -4.696074e+00 7.597871e+00 -4.200000e+01
    endloop
  endfacet
  facet normal 9.350162e-01 3.546049e-01 0.000000e+00
    outer loop
      vertex   -4.696074e+00 7.597871e+00 -2.700000e+01
      vertex   -4.696074e+00 7.597871e+00 -4.200000e+01
      vertex   -4.965355e+00 8.307905e+00 -2.700000e+01
    endloop
  endfacet
  facet normal 9.350162e-01 3.546049e-01 0.000000e+00
    outer loop
      vertex   -4.965355e+00 8.307905e+00 -2.700000e+01
      vertex   -4.696074e+00 7.597871e+00 -4.200000e+01
      vertex   -4.965355e+00 8.307905e+00 -4.200000e+01
    endloop
  endfacet
  facet normal 0.000000e+00 -0.000000e+00 -1.000000e+00
    outer loop
      vertex   -4.965355e+00 9.815594e+00 -2.700000e+01
      vertex   1.151579e+00 9.815594e+00 -2.700000e+01
      vertex   -5.056888e+00 9.061749e+00 -2.700000e+01
    endloop
  endfacet
  facet normal 0.000000e+00 0.000000e+00 -1.000000e+00
    outer loop
      vertex   -5.056888e+00 9.061749e+00 -2.700000e+01
      vertex   1.151579e+00 9.815594e+00 -2.700000e+01
      vertex   1.243112e+00 9.061749e+00 -2.700000e+01
    endloop
  endfacet
  facet normal 0.000000e+00 0.000000e+00 -1.000000e+00
    outer loop
      vertex   -5.056888e+00 9.061749e+00 -2.700000e+01
      vertex   1.243112e+00 9.061749e+00 -2.700000e+01
      vertex   -4.965355e+00 8.307905e+00 -2.700000e+01
    endloop
  endfacet
  facet normal 0.000000e+00 0.000000e+00 -1.000000e+00
    outer loop
      vertex   -4.965355e+00 8.307905e+00 -2.700000e+01
      vertex   1.243112e+00 9.061749e+00 -2.700000e+01
      vertex   1.151579e+00 8.307905e+00 -2.700000e+01
    endloop
  endfacet
  facet normal 0.000000e+00 0.000000e+00 -1.000000e+00
    outer loop
      vertex   -4.965355e+00 8.307905e+00 -2.700000e+01
      vertex   1.151579e+00 8.307905e+00 -2.700000e+01
      vertex   -4.696074e+00 7.597871e+00 -2.700000e+01
    endloop
  endfacet
  facet normal 0.000000e+00 0.000000e+00 -1.000000e+00
    outer loop
      vertex   -4.696074e+00 7.597871e+00 -2.700000e+01
      vertex   1.151579e+00 8.307905e+00 -2.700000e+01
      vertex   8.822987e-01 7.597871e+00 -2.700000e+01
    endloop
  endfacet
  facet normal 0.000000e+00 0.000000e+00 -1.000000e+00
    outer loop
      vertex   -4.696074e+00 7.597871e+00 -2.700000e+01
      vertex   8.822987e-01 7.597871e+00 -2.700000e+01
      vertex   -4.264697e+00 6.972913e+00 -2.700000e+01
    endloop
  endfacet
  facet normal 0.000000e+00 0.000000e+00 -1.000000e+00
    outer loop
      vertex   -4.264697e+00 6.972913e+00 -2.700000e+01
      vertex   8.822987e-01 7.597871e+00 -2.700000e+01
      vertex   4.509210e-01 6.972913e+00 -2.700000e+01
    endloop
  endfacet
  facet normal 0.000000e+00 0.000000e+00 -1.000000e+00
    outer loop
      vertex   -4.264697e+00 6.972913e+00 -2.700000e+01
      vertex   4.509210e-01 6.972913e+00 -2.700000e+01
      vertex   -3.696292e+00 6.469350e+00 -2.700000e+01
    endloop
  endfacet
  facet normal 0.000000e+00 0.000000e+00 -1.000000e+00
    outer loop
      vertex   -3.696292e+00 6.469350e+00 -2.700000e+01
      vertex   4.509210e-01 6.972913e+00 -2.700000e+01
      vertex   -1.174839e-01 6.469350e+00 -2.700000e+01
    endloop
  endfacet
  facet normal 0.000000e+00 0.000000e+00 -1.000000e+00
    outer loop
      vertex   -3.696292e+00 6.469350e+00 -2.700000e+01
      vertex   -1.174839e-01 6.469350e+00 -2.700000e+01
      vertex   -3.023893e+00 6.116448e+00 -2.700000e+01
    endloop
  endfacet
  facet normal 0.000000e+00 0.000000e+00 -1.000000e+00
    outer loop
      vertex   -3.023893e+00 6.116448e+00 -2.700000e+01
      vertex   -1.174839e-01 6.469350e+00 -2.700000e+01
      vertex   -7.898824e-01 6.116448e+00 -2.700000e+01
    endloop
  endfacet
  facet normal 0.000000e+00 0.000000e+00 -1.000000e+00
    outer loop
      vertex   -3.023893e+00 6.116448e+00 -2.700000e+01
      vertex   -7.898824e-01 6.116448e+00 -2.700000e+01
      vertex   -2.286578e+00 5.934717e+00 -2.700000e+01
    endloop
  endfacet
  facet normal 0.000000e+00 0.000000e+00 -1.000000e+00
    outer loop
      vertex   -2.286578e+00 5.934717e+00 -2.700000e+01
      vertex   -7.898824e-01 6.116448e+00 -2.700000e+01
      vertex   -1.527197e+00 5.934717e+00 -2.700000e+01
    endloop
  endfacet
  facet normal 0.000000e+00 0.000000e+00 -1.000000e+00
    outer loop
      vertex   1.151579e+00 9.815594e+00 -2.700000e+01
      vertex   -4.965355e+00 9.815594e+00 -2.700000e+01
      vertex   8.822987e-01 1.052563e+01 -2.700000e+01
    endloop
  endfacet
  facet normal -0.000000e+00 0.000000e+00 -1.000000e+00
    outer loop
      vertex   8.822987e-01 1.052563e+01 -2.700000e+01
      vertex   -4.965355e+00 9.815594e+00 -2.700000e+01
      vertex   -4.696074e+00 1.052563e+01 -2.700000e+01
    endloop
  endfacet
  facet normal 0.000000e+00 0.000000e+00 -1.000000e+00
    outer loop
      vertex   8.822987e-01 1.052563e+01 -2.700000e+01
      vertex   -4.696074e+00 1.052563e+01 -2.700000e+01
      vertex   4.509210e-01 1.115059e+01 -2.700000e+01
    endloop
  endfacet
  facet normal -0.000000e+00 0.000000e+00 -1.000000e+00
    outer loop
      vertex   4.509210e-01 1.115059e+01 -2.700000e+01
      vertex   -4.696074e+00 1.052563e+01 -2.700000e+01
      vertex   -4.264697e+00 1.115059e+01 -2.700000e+01
    endloop
  endfacet
  facet normal 0.000000e+00 0.000000e+00 -1.000000e+00
    outer loop
      vertex   4.509210e-01 1.115059e+01 -2.700000e+01
      vertex   -4.264697e+00 1.115059e+01 -2.700000e+01
      vertex   -1.174839e-01 1.165415e+01 -2.700000e+01
    endloop
  endfacet
  facet normal -0.000000e+00 0.000000e+00 -1.000000e+00
    outer loop
      vertex   -1.174839e-01 1.165415e+01 -2.700000e+01
      vertex   -4.264697e+00 1.115059e+01 -2.700000e+01
      vertex   -3.696292e+00 1.165415e+01 -2.700000e+01
    endloop
  endfacet
  facet normal 0.000000e+00 0.000000e+00 -1.000000e+00
    outer loop
      vertex   -1.174839e-01 1.165415e+01 -2.700000e+01
      vertex   -3.696292e+00 1.165415e+01 -2.700000e+01
      vertex   -7.898824e-01 1.200705e+01 -2.700000e+01
    endloop
  endfacet
  facet normal -0.000000e+00 0.000000e+00 -1.000000e+00
    outer loop
      vertex   -7.898824e-01 1.200705e+01 -2.700000e+01
      vertex   -3.696292e+00 1.165415e+01 -2.700000e+01
      vertex   -3.023893e+00 1.200705e+01 -2.700000e+01
    endloop
  endfacet
  facet normal 0.000000e+00 0.000000e+00 -1.000000e+00
    outer loop
      vertex   -7.898824e-01 1.200705e+01 -2.700000e+01
      vertex   -3.023893e+00 1.200705e+01 -2.700000e+01
      vertex   -1.527197e+00 1.218878e+01 -2.700000e+01
    endloop
  endfacet
  facet normal -0.000000e+00 0.000000e+00 -1.000000e+00
    outer loop
      vertex   -1.527197e+00 1.218878e+01 -2.700000e+01
      vertex   -3.023893e+00 1.200705e+01 -2.700000e+01
      vertex   -2.286578e+00 1.218878e+01 -2.700000e+01
    endloop
  endfacet
  facet normal -1.864829e-05 7.178906e-01 -6.961559e-01
    outer loop
      vertex   -2.650076e+00 1.504320e+01 -1.471604e+01
      vertex   -2.690689e+01 1.526016e+01 -1.449166e+01
      vertex   -1.906888e+00 1.506175e+01 -1.469694e+01
    endloop
  endfacet
  facet normal -1.764262e-05 7.179519e-01 -6.960927e-01
    outer loop
      vertex   -1.906888e+00 1.506175e+01 -1.469694e+01
      vertex   -2.690689e+01 1.526016e+01 -1.449166e+01
      vertex   1.309311e+01 1.511614e+01 -1.464122e+01
    endloop
  endfacet
  facet normal -1.265073e-05 7.172822e-01 -6.967828e-01
    outer loop
      vertex   -1.906888e+00 1.506175e+01 -1.469694e+01
      vertex   1.309311e+01 1.511614e+01 -1.464122e+01
      vertex   -1.163700e+00 1.504320e+01 -1.471604e+01
    endloop
  endfacet
  facet normal 2.980862e-05 7.132335e-01 -7.009265e-01
    outer loop
      vertex   -1.163700e+00 1.504320e+01 -1.471604e+01
      vertex   1.309311e+01 1.511614e+01 -1.464122e+01
      vertex   -4.199535e-01 1.498765e+01 -1.477255e+01
    endloop
  endfacet
  facet normal 1.219658e-04 7.084662e-01 -7.057447e-01
    outer loop
      vertex   -4.199535e-01 1.498765e+01 -1.477255e+01
      vertex   1.309311e+01 1.511614e+01 -1.464122e+01
      vertex   3.213464e-01 1.489520e+01 -1.486522e+01
    endloop
  endfacet
  facet normal 2.924193e-04 7.035659e-01 -7.106299e-01
    outer loop
      vertex   3.213464e-01 1.489520e+01 -1.486522e+01
      vertex   1.309311e+01 1.511614e+01 -1.464122e+01
      vertex   1.057195e+00 1.476597e+01 -1.499286e+01
    endloop
  endfacet
  facet normal 8.781111e-04 6.933993e-01 -7.205530e-01
    outer loop
      vertex   1.057195e+00 1.476597e+01 -1.499286e+01
      vertex   1.309311e+01 1.511614e+01 -1.464122e+01
      vertex   2.501600e+00 1.439912e+01 -1.534412e+01
    endloop
  endfacet
  facet normal 1.782590e-03 6.864916e-01 -7.271356e-01
    outer loop
      vertex   2.501600e+00 1.439912e+01 -1.534412e+01
      vertex   1.309311e+01 1.511614e+01 -1.464122e+01
      vertex   1.309311e+01 1.381382e+01 -1.587074e+01
    endloop
  endfacet
  facet normal 2.230276e-04 6.710859e-01 -7.413796e-01
    outer loop
      vertex   2.501600e+00 1.439912e+01 -1.534412e+01
      vertex   1.309311e+01 1.381382e+01 -1.587074e+01
      vertex   3.893826e+00 1.389474e+01 -1.580026e+01
    endloop
  endfacet
  facet normal -2.251366e-04 6.421117e-01 -7.666111e-01
    outer loop
      vertex   3.893826e+00 1.389474e+01 -1.580026e+01
      vertex   1.309311e+01 1.381382e+01 -1.587074e+01
      vertex   5.216625e+00 1.326070e+01 -1.633172e+01
    endloop
  endfacet
  facet normal 0.000000e+00 6.402217e-01 -7.681902e-01
    outer loop
      vertex   5.216625e+00 1.326070e+01 -1.633172e+01
      vertex   1.309311e+01 1.381382e+01 -1.587074e+01
      vertex   5.309311e+01 1.381382e+01 -1.587074e+01
    endloop
  endfacet
  facet normal 6.105798e-04 6.085063e-01 -7.935488e-01
    outer loop
      vertex   5.216625e+00 1.326070e+01 -1.633172e+01
      vertex   5.309311e+01 1.381382e+01 -1.587074e+01
      vertex   1.309311e+01 1.224294e+01 -1.710609e+01
    endloop
  endfacet
  facet normal 0.000000e+00 6.181590e-01 -7.860531e-01
    outer loop
      vertex   1.309311e+01 1.224294e+01 -1.710609e+01
      vertex   5.309311e+01 1.381382e+01 -1.587074e+01
      vertex   5.309311e+01 1.224294e+01 -1.710609e+01
    endloop
  endfacet
  facet normal 0.000000e+00 5.641301e-01 -8.256859e-01
    outer loop
      vertex   1.309311e+01 1.224294e+01 -1.710609e+01
      vertex   5.309311e+01 1.224294e+01 -1.710609e+01
      vertex   7.601207e+00 1.166113e+01 -1.750361e+01
    endloop
  endfacet
  facet normal 4.364475e-04 5.406408e-01 -8.412535e-01
    outer loop
      vertex   7.601207e+00 1.166113e+01 -1.750361e+01
      vertex   5.309311e+01 1.224294e+01 -1.710609e+01
      vertex   5.309311e+01 1.056175e+01 -1.818653e+01
    endloop
  endfacet
  facet normal -3.431319e-17 5.276714e-01 -8.494486e-01
    outer loop
      vertex   7.601207e+00 1.166113e+01 -1.750361e+01
      vertex   5.309311e+01 1.056175e+01 -1.818653e+01
      vertex   1.309311e+01 1.056175e+01 -1.818653e+01
    endloop
  endfacet
  facet normal -4.969905e-17 4.786013e-01 -8.780324e-01
    outer loop
      vertex   1.309311e+01 1.056175e+01 -1.818653e+01
      vertex   5.309311e+01 1.056175e+01 -1.818653e+01
      vertex   9.581111e+00 9.703880e+00 -1.865414e+01
    endloop
  endfacet
  facet normal -1.108397e-03 4.820954e-01 -8.761180e-01
    outer loop
      vertex   1.309311e+01 1.056175e+01 -1.818653e+01
      vertex   9.581111e+00 9.703880e+00 -1.865414e+01
      vertex   8.637125e+00 1.073056e+01 -1.808801e+01
    endloop
  endfacet
  facet normal -9.639158e-05 7.136714e-01 -7.004806e-01
    outer loop
      vertex   -2.650076e+00 1.504320e+01 -1.471604e+01
      vertex   -3.393822e+00 1.498765e+01 -1.477255e+01
      vertex   -2.690689e+01 1.526016e+01 -1.449166e+01
    endloop
  endfacet
  facet normal -2.111959e-04 7.088227e-01 -7.053866e-01
    outer loop
      vertex   -2.690689e+01 1.526016e+01 -1.449166e+01
      vertex   -3.393822e+00 1.498765e+01 -1.477255e+01
      vertex   -4.135122e+00 1.489520e+01 -1.486522e+01
    endloop
  endfacet
  facet normal -3.738935e-04 7.038004e-01 -7.103976e-01
    outer loop
      vertex   -2.690689e+01 1.526016e+01 -1.449166e+01
      vertex   -4.135122e+00 1.489520e+01 -1.486522e+01
      vertex   -4.870970e+00 1.476597e+01 -1.499286e+01
    endloop
  endfacet
  facet normal -8.414646e-04 6.933242e-01 -7.206253e-01
    outer loop
      vertex   -4.870970e+00 1.476597e+01 -1.499286e+01
      vertex   -6.315376e+00 1.439912e+01 -1.534412e+01
      vertex   -2.690689e+01 1.526016e+01 -1.449166e+01
    endloop
  endfacet
  facet normal -1.105860e-03 6.900786e-01 -7.237336e-01
    outer loop
      vertex   -2.690689e+01 1.526016e+01 -1.449166e+01
      vertex   -6.315376e+00 1.439912e+01 -1.534412e+01
      vertex   -2.690689e+01 1.381382e+01 -1.587074e+01
    endloop
  endfacet
  facet normal 0.000000e+00 6.900790e-01 -7.237340e-01
    outer loop
      vertex   -2.690689e+01 1.526016e+01 -1.449166e+01
      vertex   -2.690689e+01 1.381382e+01 -1.587074e+01
      vertex   -6.690689e+01 1.381382e+01 -1.587074e+01
    endloop
  endfacet
  facet normal 0.000000e+00 6.181590e-01 -7.860531e-01
    outer loop
      vertex   -6.690689e+01 1.381382e+01 -1.587074e+01
      vertex   -2.690689e+01 1.381382e+01 -1.587074e+01
      vertex   -6.690689e+01 1.224294e+01 -1.710609e+01
    endloop
  endfacet
  facet normal 0.000000e+00 6.181590e-01 -7.860531e-01
    outer loop
      vertex   -6.690689e+01 1.224294e+01 -1.710609e+01
      vertex   -2.690689e+01 1.381382e+01 -1.587074e+01
      vertex   -2.690689e+01 1.224294e+01 -1.710609e+01
    endloop
  endfacet
  facet normal 0.000000e+00 5.406408e-01 -8.412535e-01
    outer loop
      vertex   -6.690689e+01 1.224294e+01 -1.710609e+01
      vertex   -2.690689e+01 1.224294e+01 -1.710609e+01
      vertex   -6.690689e+01 1.056175e+01 -1.818653e+01
    endloop
  endfacet
  facet normal 0.000000e+00 5.406408e-01 -8.412535e-01
    outer loop
      vertex   -6.690689e+01 1.056175e+01 -1.818653e+01
      vertex   -2.690689e+01 1.224294e+01 -1.710609e+01
      vertex   -2.690689e+01 1.056175e+01 -1.818653e+01
    endloop
  endfacet
  facet normal 0.000000e+00 4.582265e-01 -8.888354e-01
    outer loop
      vertex   -6.690689e+01 1.056175e+01 -1.818653e+01
      vertex   -2.690689e+01 1.056175e+01 -1.818653e+01
      vertex   -6.690689e+01 8.785465e+00 -1.910227e+01
    endloop
  endfacet
  facet normal 0.000000e+00 4.582265e-01 -8.888354e-01
    outer loop
      vertex   -6.690689e+01 8.785465e+00 -1.910227e+01
      vertex   -2.690689e+01 1.056175e+01 -1.818653e+01
      vertex   -2.690689e+01 8.785465e+00 -1.910227e+01
    endloop
  endfacet
  facet normal 0.000000e+00 3.716625e-01 -9.283679e-01
    outer loop
      vertex   -6.690689e+01 8.785465e+00 -1.910227e+01
      vertex   -2.690689e+01 8.785465e+00 -1.910227e+01
      vertex   -6.690689e+01 6.930177e+00 -1.984502e+01
    endloop
  endfacet
  facet normal 0.000000e+00 3.716625e-01 -9.283679e-01
    outer loop
      vertex   -6.690689e+01 6.930177e+00 -1.984502e+01
      vertex   -2.690689e+01 8.785465e+00 -1.910227e+01
      vertex   -2.690689e+01 6.930177e+00 -1.984502e+01
    endloop
  endfacet
  facet normal 0.000000e+00 2.817326e-01 -9.594930e-01
    outer loop
      vertex   -6.690689e+01 6.930177e+00 -1.984502e+01
      vertex   -2.690689e+01 6.930177e+00 -1.984502e+01
      vertex   -6.690689e+01 5.012687e+00 -2.040804e+01
    endloop
  endfacet
  facet normal 0.000000e+00 2.817326e-01 -9.594930e-01
    outer loop
      vertex   -6.690689e+01 5.012687e+00 -2.040804e+01
      vertex   -2.690689e+01 6.930177e+00 -1.984502e+01
      vertex   -2.690689e+01 5.012687e+00 -2.040804e+01
    endloop
  endfacet
  facet normal 0.000000e+00 1.893698e-01 -9.819058e-01
    outer loop
      vertex   -6.690689e+01 5.012687e+00 -2.040804e+01
      vertex   -2.690689e+01 5.012687e+00 -2.040804e+01
      vertex   -2.690689e+01 3.055382e+00 -2.078553e+01
    endloop
  endfacet
  facet normal -1.629788e-03 1.893696e-01 -9.819045e-01
    outer loop
      vertex   -2.690689e+01 3.055382e+00 -2.078553e+01
      vertex   -2.690689e+01 5.012687e+00 -2.040804e+01
      vertex   -1.622544e+01 4.530705e+00 -2.051873e+01
    endloop
  endfacet
  facet normal -4.523411e-06 1.779874e-01 -9.840328e-01
    outer loop
      vertex   -2.690689e+01 3.055382e+00 -2.078553e+01
      vertex   -1.622544e+01 4.530705e+00 -2.051873e+01
      vertex   -1.660486e+01 3.056675e+00 -2.078534e+01
    endloop
  endfacet
  facet normal -1.055188e-04 6.709075e-01 -7.415410e-01
    outer loop
      vertex   -6.315376e+00 1.439912e+01 -1.534412e+01
      vertex   -7.707602e+00 1.389474e+01 -1.580026e+01
      vertex   -2.690689e+01 1.381382e+01 -1.587074e+01
    endloop
  endfacet
  facet normal 1.068165e-04 6.422567e-01 -7.664896e-01
    outer loop
      vertex   -2.690689e+01 1.381382e+01 -1.587074e+01
      vertex   -7.707602e+00 1.389474e+01 -1.580026e+01
      vertex   -9.030400e+00 1.326070e+01 -1.633172e+01
    endloop
  endfacet
  facet normal -1.143282e-03 6.181586e-01 -7.860526e-01
    outer loop
      vertex   -2.690689e+01 1.381382e+01 -1.587074e+01
      vertex   -9.030400e+00 1.326070e+01 -1.633172e+01
      vertex   -2.690689e+01 1.224294e+01 -1.710609e+01
    endloop
  endfacet
  facet normal -4.111185e-04 6.100813e-01 -7.923387e-01
    outer loop
      vertex   -2.690689e+01 1.224294e+01 -1.710609e+01
      vertex   -9.030400e+00 1.326070e+01 -1.633172e+01
      vertex   -1.027050e+01 1.251034e+01 -1.690884e+01
    endloop
  endfacet
  facet normal 5.023456e-04 5.732146e-01 -8.194051e-01
    outer loop
      vertex   -2.690689e+01 1.224294e+01 -1.710609e+01
      vertex   -1.027050e+01 1.251034e+01 -1.690884e+01
      vertex   -1.141498e+01 1.166113e+01 -1.750361e+01
    endloop
  endfacet
  facet normal -1.281625e-03 5.406404e-01 -8.412528e-01
    outer loop
      vertex   -2.690689e+01 1.224294e+01 -1.710609e+01
      vertex   -1.141498e+01 1.166113e+01 -1.750361e+01
      vertex   -2.690689e+01 1.056175e+01 -1.818653e+01
    endloop
  endfacet
  facet normal -4.441741e-04 5.321802e-01 -8.466310e-01
    outer loop
      vertex   -2.690689e+01 1.056175e+01 -1.818653e+01
      vertex   -1.141498e+01 1.166113e+01 -1.750361e+01
      vertex   -1.245090e+01 1.073056e+01 -1.808801e+01
    endloop
  endfacet
  facet normal 3.332218e-04 4.826424e-01 -8.758174e-01
    outer loop
      vertex   -2.690689e+01 1.056175e+01 -1.818653e+01
      vertex   -1.245090e+01 1.073056e+01 -1.808801e+01
      vertex   -1.339489e+01 9.703880e+00 -1.865414e+01
    endloop
  endfacet
  facet normal -1.667440e-03 4.582259e-01 -8.888342e-01
    outer loop
      vertex   -2.690689e+01 1.056175e+01 -1.818653e+01
      vertex   -1.339489e+01 9.703880e+00 -1.865414e+01
      vertex   -2.690689e+01 8.785465e+00 -1.910227e+01
    endloop
  endfacet
  facet normal 6.481964e-04 4.307998e-01 -9.024473e-01
    outer loop
      vertex   -2.690689e+01 8.785465e+00 -1.910227e+01
      vertex   -1.339489e+01 9.703880e+00 -1.865414e+01
      vertex   -1.426604e+01 8.555652e+00 -1.920290e+01
    endloop
  endfacet
  facet normal -5.453597e-04 3.757728e-01 -9.267117e-01
    outer loop
      vertex   -2.690689e+01 8.785465e+00 -1.910227e+01
      vertex   -1.426604e+01 8.555652e+00 -1.920290e+01
      vertex   -1.504229e+01 7.300522e+00 -1.971138e+01
    endloop
  endfacet
  facet normal -1.144829e-03 3.716622e-01 -9.283673e-01
    outer loop
      vertex   -2.690689e+01 8.785465e+00 -1.910227e+01
      vertex   -1.504229e+01 7.300522e+00 -1.971138e+01
      vertex   -2.690689e+01 6.930177e+00 -1.984502e+01
    endloop
  endfacet
  facet normal 9.134513e-04 3.133919e-01 -9.496234e-01
    outer loop
      vertex   -2.690689e+01 6.930177e+00 -1.984502e+01
      vertex   -1.504229e+01 7.300522e+00 -1.971138e+01
      vertex   -1.570144e+01 5.953293e+00 -2.015663e+01
    endloop
  endfacet
  facet normal -2.121048e-03 2.817319e-01 -9.594908e-01
    outer loop
      vertex   -2.690689e+01 6.930177e+00 -1.984502e+01
      vertex   -1.570144e+01 5.953293e+00 -2.015663e+01
      vertex   -2.690689e+01 5.012687e+00 -2.040804e+01
    endloop
  endfacet
  facet normal 1.070832e-03 2.463003e-01 -9.691930e-01
    outer loop
      vertex   -2.690689e+01 5.012687e+00 -2.040804e+01
      vertex   -1.570144e+01 5.953293e+00 -2.015663e+01
      vertex   -1.622544e+01 4.530705e+00 -2.051873e+01
    endloop
  endfacet
  facet normal 4.597294e-06 1.068045e-01 -9.942800e-01
    outer loop
      vertex   -1.660486e+01 3.056675e+00 -2.078534e+01
      vertex   -1.683185e+01 1.557355e+00 -2.094640e+01
      vertex   -2.690689e+01 3.055382e+00 -2.078553e+01
    endloop
  endfacet
  facet normal -1.743213e-03 9.517614e-02 -9.954589e-01
    outer loop
      vertex   -2.690689e+01 3.055382e+00 -2.078553e+01
      vertex   -1.683185e+01 1.557355e+00 -2.094640e+01
      vertex   -2.690689e+01 1.060970e+00 -2.097621e+01
    endloop
  endfacet
  facet normal 6.034488e-06 9.517628e-02 -9.954604e-01
    outer loop
      vertex   -2.690689e+01 3.055382e+00 -2.078553e+01
      vertex   -2.690689e+01 1.060970e+00 -2.097621e+01
      vertex   -6.690689e+01 3.050361e+00 -2.078625e+01
    endloop
  endfacet
  facet normal 0.000000e+00 9.505604e-02 -9.954719e-01
    outer loop
      vertex   -6.690689e+01 3.050361e+00 -2.078625e+01
      vertex   -2.690689e+01 1.060970e+00 -2.097621e+01
      vertex   -6.690689e+01 1.060970e+00 -2.097621e+01
    endloop
  endfacet
  facet normal 0.000000e+00 0.000000e+00 -1.000000e+00
    outer loop
      vertex   -6.690689e+01 1.060970e+00 -2.097621e+01
      vertex   -2.690689e+01 1.060970e+00 -2.097621e+01
      vertex   -6.690689e+01 -9.374707e-01 -2.097621e+01
    endloop
  endfacet
  facet normal -7.927625e-04 1.586762e-02 -9.998738e-01
    outer loop
      vertex   -6.690689e+01 -9.374707e-01 -2.097621e+01
      vertex   -2.690689e+01 1.060970e+00 -2.097621e+01
      vertex   -1.690689e+01 6.174949e-02 -2.100000e+01
    endloop
  endfacet
  facet normal 0.000000e+00 -2.379770e-02 -9.997168e-01
    outer loop
      vertex   -6.690689e+01 -9.374707e-01 -2.097621e+01
      vertex   -1.690689e+01 6.174949e-02 -2.100000e+01
      vertex   -2.690689e+01 -9.374707e-01 -2.097621e+01
    endloop
  endfacet
  facet normal 1.195843e-03 -3.575696e-02 -9.993598e-01
    outer loop
      vertex   -2.690689e+01 -9.374707e-01 -2.097621e+01
      vertex   -1.690689e+01 6.174949e-02 -2.100000e+01
      vertex   -1.683185e+01 -1.433856e+00 -2.094640e+01
    endloop
  endfacet
  facet normal -1.743213e-03 -9.517614e-02 -9.954589e-01
    outer loop
      vertex   -2.690689e+01 -9.374707e-01 -2.097621e+01
      vertex   -1.683185e+01 -1.433856e+00 -2.094640e+01
      vertex   -2.690689e+01 -2.931883e+00 -2.078553e+01
    endloop
  endfacet
  facet normal 4.597294e-06 -1.068045e-01 -9.942800e-01
    outer loop
      vertex   -2.690689e+01 -2.931883e+00 -2.078553e+01
      vertex   -1.683185e+01 -1.433856e+00 -2.094640e+01
      vertex   -1.660486e+01 -2.933176e+00 -2.078534e+01
    endloop
  endfacet
  facet normal -4.523411e-06 -1.779874e-01 -9.840328e-01
    outer loop
      vertex   -2.690689e+01 -2.931883e+00 -2.078553e+01
      vertex   -1.660486e+01 -2.933176e+00 -2.078534e+01
      vertex   -1.622544e+01 -4.407206e+00 -2.051873e+01
    endloop
  endfacet
  facet normal 1.195843e-03 3.575696e-02 -9.993598e-01
    outer loop
      vertex   -1.683185e+01 1.557355e+00 -2.094640e+01
      vertex   -1.690689e+01 6.174949e-02 -2.100000e+01
      vertex   -2.690689e+01 1.060970e+00 -2.097621e+01
    endloop
  endfacet
  facet normal -1.629788e-03 -1.893696e-01 -9.819045e-01
    outer loop
      vertex   -2.690689e+01 -2.931883e+00 -2.078553e+01
      vertex   -1.622544e+01 -4.407206e+00 -2.051873e+01
      vertex   -2.690689e+01 -4.889188e+00 -2.040804e+01
    endloop
  endfacet
  facet normal 1.070832e-03 -2.463003e-01 -9.691930e-01
    outer loop
      vertex   -2.690689e+01 -4.889188e+00 -2.040804e+01
      vertex   -1.622544e+01 -4.407206e+00 -2.051873e+01
      vertex   -1.570144e+01 -5.829794e+00 -2.015663e+01
    endloop
  endfacet
  facet normal -2.121048e-03 -2.817319e-01 -9.594908e-01
    outer loop
      vertex   -2.690689e+01 -4.889188e+00 -2.040804e+01
      vertex   -1.570144e+01 -5.829794e+00 -2.015663e+01
      vertex   -2.690689e+01 -6.806678e+00 -1.984502e+01
    endloop
  endfacet
  facet normal 9.134513e-04 -3.133919e-01 -9.496234e-01
    outer loop
      vertex   -2.690689e+01 -6.806678e+00 -1.984502e+01
      vertex   -1.570144e+01 -5.829794e+00 -2.015663e+01
      vertex   -1.504229e+01 -7.177023e+00 -1.971138e+01
    endloop
  endfacet
  facet normal -1.144829e-03 -3.716622e-01 -9.283673e-01
    outer loop
      vertex   -2.690689e+01 -6.806678e+00 -1.984502e+01
      vertex   -1.504229e+01 -7.177023e+00 -1.971138e+01
      vertex   -2.690689e+01 -8.661966e+00 -1.910227e+01
    endloop
  endfacet
  facet normal -5.453597e-04 -3.757728e-01 -9.267117e-01
    outer loop
      vertex   -2.690689e+01 -8.661966e+00 -1.910227e+01
      vertex   -1.504229e+01 -7.177023e+00 -1.971138e+01
      vertex   -1.426604e+01 -8.432153e+00 -1.920290e+01
    endloop
  endfacet
  facet normal 6.481964e-04 -4.307998e-01 -9.024473e-01
    outer loop
      vertex   -2.690689e+01 -8.661966e+00 -1.910227e+01
      vertex   -1.426604e+01 -8.432153e+00 -1.920290e+01
      vertex   -1.339489e+01 -9.580381e+00 -1.865414e+01
    endloop
  endfacet
  facet normal -1.667440e-03 -4.582259e-01 -8.888342e-01
    outer loop
      vertex   -2.690689e+01 -8.661966e+00 -1.910227e+01
      vertex   -1.339489e+01 -9.580381e+00 -1.865414e+01
      vertex   -2.690689e+01 -1.043825e+01 -1.818653e+01
    endloop
  endfacet
  facet normal 3.332218e-04 -4.826424e-01 -8.758174e-01
    outer loop
      vertex   -2.690689e+01 -1.043825e+01 -1.818653e+01
      vertex   -1.339489e+01 -9.580381e+00 -1.865414e+01
      vertex   -1.245090e+01 -1.060706e+01 -1.808801e+01
    endloop
  endfacet
  facet normal -4.441741e-04 -5.321802e-01 -8.466310e-01
    outer loop
      vertex   -2.690689e+01 -1.043825e+01 -1.818653e+01
      vertex   -1.245090e+01 -1.060706e+01 -1.808801e+01
      vertex   -1.141498e+01 -1.153763e+01 -1.750361e+01
    endloop
  endfacet
  facet normal -1.281625e-03 -5.406404e-01 -8.412528e-01
    outer loop
      vertex   -2.690689e+01 -1.043825e+01 -1.818653e+01
      vertex   -1.141498e+01 -1.153763e+01 -1.750361e+01
      vertex   -2.690689e+01 -1.211945e+01 -1.710609e+01
    endloop
  endfacet
  facet normal 5.023456e-04 -5.732146e-01 -8.194051e-01
    outer loop
      vertex   -2.690689e+01 -1.211945e+01 -1.710609e+01
      vertex   -1.141498e+01 -1.153763e+01 -1.750361e+01
      vertex   -1.027050e+01 -1.238684e+01 -1.690884e+01
    endloop
  endfacet
  facet normal -4.111185e-04 -6.100813e-01 -7.923387e-01
    outer loop
      vertex   -2.690689e+01 -1.211945e+01 -1.710609e+01
      vertex   -1.027050e+01 -1.238684e+01 -1.690884e+01
      vertex   -9.030400e+00 -1.313720e+01 -1.633172e+01
    endloop
  endfacet
  facet normal -1.143282e-03 -6.181586e-01 -7.860526e-01
    outer loop
      vertex   -2.690689e+01 -1.211945e+01 -1.710609e+01
      vertex   -9.030400e+00 -1.313720e+01 -1.633172e+01
      vertex   -2.690689e+01 -1.369033e+01 -1.587074e+01
    endloop
  endfacet
  facet normal 1.068165e-04 -6.422567e-01 -7.664896e-01
    outer loop
      vertex   -2.690689e+01 -1.369033e+01 -1.587074e+01
      vertex   -9.030400e+00 -1.313720e+01 -1.633172e+01
      vertex   -7.707602e+00 -1.377124e+01 -1.580026e+01
    endloop
  endfacet
  facet normal -1.055188e-04 -6.709075e-01 -7.415410e-01
    outer loop
      vertex   -2.690689e+01 -1.369033e+01 -1.587074e+01
      vertex   -7.707602e+00 -1.377124e+01 -1.580026e+01
      vertex   -6.315376e+00 -1.427563e+01 -1.534412e+01
    endloop
  endfacet
  facet normal -1.105860e-03 -6.900786e-01 -7.237336e-01
    outer loop
      vertex   -2.690689e+01 -1.369033e+01 -1.587074e+01
      vertex   -6.315376e+00 -1.427563e+01 -1.534412e+01
      vertex   -2.690689e+01 -1.513667e+01 -1.449166e+01
    endloop
  endfacet
  facet normal -8.414646e-04 -6.933242e-01 -7.206253e-01
    outer loop
      vertex   -2.690689e+01 -1.513667e+01 -1.449166e+01
      vertex   -6.315376e+00 -1.427563e+01 -1.534412e+01
      vertex   -4.870970e+00 -1.464247e+01 -1.499286e+01
    endloop
  endfacet
  facet normal -3.738935e-04 -7.038004e-01 -7.103976e-01
    outer loop
      vertex   -2.690689e+01 -1.513667e+01 -1.449166e+01
      vertex   -4.870970e+00 -1.464247e+01 -1.499286e+01
      vertex   -4.135122e+00 -1.477170e+01 -1.486522e+01
    endloop
  endfacet
  facet normal -2.111959e-04 -7.088227e-01 -7.053866e-01
    outer loop
      vertex   -4.135122e+00 -1.477170e+01 -1.486522e+01
      vertex   -3.393822e+00 -1.486415e+01 -1.477255e+01
      vertex   -2.690689e+01 -1.513667e+01 -1.449166e+01
    endloop
  endfacet
  facet normal -9.639158e-05 -7.136714e-01 -7.004806e-01
    outer loop
      vertex   -2.690689e+01 -1.513667e+01 -1.449166e+01
      vertex   -3.393822e+00 -1.486415e+01 -1.477255e+01
      vertex   -2.650076e+00 -1.491970e+01 -1.471604e+01
    endloop
  endfacet
  facet normal -1.864829e-05 -7.178906e-01 -6.961559e-01
    outer loop
      vertex   -2.690689e+01 -1.513667e+01 -1.449166e+01
      vertex   -2.650076e+00 -1.491970e+01 -1.471604e+01
      vertex   -1.906888e+00 -1.493825e+01 -1.469694e+01
    endloop
  endfacet
  facet normal 0.000000e+00 -7.190265e-01 -6.949827e-01
    outer loop
      vertex   -2.690689e+01 -1.513667e+01 -1.449166e+01
      vertex   -1.906888e+00 -1.493825e+01 -1.469694e+01
      vertex   1.309311e+01 -1.513667e+01 -1.449166e+01
    endloop
  endfacet
  facet normal 2.676730e-05 -7.180484e-01 -6.959932e-01
    outer loop
      vertex   1.309311e+01 -1.513667e+01 -1.449166e+01
      vertex   -1.906888e+00 -1.493825e+01 -1.469694e+01
      vertex   -1.163700e+00 -1.491970e+01 -1.471604e+01
    endloop
  endfacet
  facet normal 1.524780e-04 -7.140401e-01 -7.001048e-01
    outer loop
      vertex   1.309311e+01 -1.513667e+01 -1.449166e+01
      vertex   -1.163700e+00 -1.491970e+01 -1.471604e+01
      vertex   -4.199535e-01 -1.486415e+01 -1.477255e+01
    endloop
  endfacet
  facet normal 3.454664e-04 -7.093588e-01 -7.048474e-01
    outer loop
      vertex   -4.199535e-01 -1.486415e+01 -1.477255e+01
      vertex   3.213464e-01 -1.477170e+01 -1.486522e+01
      vertex   1.309311e+01 -1.513667e+01 -1.449166e+01
    endloop
  endfacet
  facet normal 6.250414e-04 -7.045228e-01 -7.096811e-01
    outer loop
      vertex   1.309311e+01 -1.513667e+01 -1.449166e+01
      vertex   3.213464e-01 -1.477170e+01 -1.486522e+01
      vertex   1.057195e+00 -1.464247e+01 -1.499286e+01
    endloop
  endfacet
  facet normal 1.440927e-03 -6.945512e-01 -7.194418e-01
    outer loop
      vertex   1.309311e+01 -1.513667e+01 -1.449166e+01
      vertex   1.057195e+00 -1.464247e+01 -1.499286e+01
      vertex   2.501600e+00 -1.427563e+01 -1.534412e+01
    endloop
  endfacet
  facet normal 2.149957e-03 -6.900774e-01 -7.237324e-01
    outer loop
      vertex   1.309311e+01 -1.513667e+01 -1.449166e+01
      vertex   2.501600e+00 -1.427563e+01 -1.534412e+01
      vertex   1.309311e+01 -1.369033e+01 -1.587074e+01
    endloop
  endfacet
  facet normal 2.230276e-04 -6.710859e-01 -7.413796e-01
    outer loop
      vertex   1.309311e+01 -1.369033e+01 -1.587074e+01
      vertex   2.501600e+00 -1.427563e+01 -1.534412e+01
      vertex   3.893826e+00 -1.377124e+01 -1.580026e+01
    endloop
  endfacet
  facet normal -2.251366e-04 -6.421117e-01 -7.666111e-01
    outer loop
      vertex   1.309311e+01 -1.369033e+01 -1.587074e+01
      vertex   3.893826e+00 -1.377124e+01 -1.580026e+01
      vertex   5.216625e+00 -1.313720e+01 -1.633172e+01
    endloop
  endfacet
  facet normal 1.074084e-03 -6.107689e-01 -7.918082e-01
    outer loop
      vertex   6.456729e+00 -1.238684e+01 -1.690884e+01
      vertex   1.309311e+01 -1.211945e+01 -1.710609e+01
      vertex   5.216625e+00 -1.313720e+01 -1.633172e+01
    endloop
  endfacet
  facet normal 0.000000e+00 -6.055179e-01 -7.958317e-01
    outer loop
      vertex   5.216625e+00 -1.313720e+01 -1.633172e+01
      vertex   1.309311e+01 -1.211945e+01 -1.710609e+01
      vertex   5.309311e+01 -1.211945e+01 -1.710609e+01
    endloop
  endfacet
  facet normal 9.170581e-04 -6.324830e-01 -7.745737e-01
    outer loop
      vertex   5.216625e+00 -1.313720e+01 -1.633172e+01
      vertex   5.309311e+01 -1.211945e+01 -1.710609e+01
      vertex   1.309311e+01 -1.369033e+01 -1.587074e+01
    endloop
  endfacet
  facet normal 2.982398e-17 -6.181590e-01 -7.860531e-01
    outer loop
      vertex   1.309311e+01 -1.369033e+01 -1.587074e+01
      vertex   5.309311e+01 -1.211945e+01 -1.710609e+01
      vertex   5.309311e+01 -1.369033e+01 -1.587074e+01
    endloop
  endfacet
  facet normal 5.978334e-18 -6.900790e-01 -7.237340e-01
    outer loop
      vertex   1.309311e+01 -1.369033e+01 -1.587074e+01
      vertex   5.309311e+01 -1.369033e+01 -1.587074e+01
      vertex   1.309311e+01 -1.513667e+01 -1.449166e+01
    endloop
  endfacet
  facet normal 0.000000e+00 -6.900790e-01 -7.237340e-01
    outer loop
      vertex   1.309311e+01 -1.513667e+01 -1.449166e+01
      vertex   5.309311e+01 -1.369033e+01 -1.587074e+01
      vertex   5.309311e+01 -1.513667e+01 -1.449166e+01
    endloop
  endfacet
  facet normal 0.000000e+00 -7.557496e-01 -6.548607e-01
    outer loop
      vertex   1.309311e+01 -1.513667e+01 -1.449166e+01
      vertex   5.309311e+01 -1.513667e+01 -1.449166e+01
      vertex   1.309311e+01 -1.644537e+01 -1.298134e+01
    endloop
  endfacet
  facet normal 0.000000e+00 -7.557496e-01 -6.548607e-01
    outer loop
      vertex   1.309311e+01 -1.644537e+01 -1.298134e+01
      vertex   5.309311e+01 -1.513667e+01 -1.449166e+01
      vertex   5.309311e+01 -1.644537e+01 -1.298134e+01
    endloop
  endfacet
  facet normal 0.000000e+00 -8.145760e-01 -5.800569e-01
    outer loop
      vertex   1.309311e+01 -1.644537e+01 -1.298134e+01
      vertex   5.309311e+01 -1.644537e+01 -1.298134e+01
      vertex   1.309311e+01 -1.760457e+01 -1.135346e+01
    endloop
  endfacet
  facet normal 0.000000e+00 -8.145760e-01 -5.800569e-01
    outer loop
      vertex   1.309311e+01 -1.760457e+01 -1.135346e+01
      vertex   5.309311e+01 -1.644537e+01 -1.298134e+01
      vertex   5.309311e+01 -1.760457e+01 -1.135346e+01
    endloop
  endfacet
  facet normal 0.000000e+00 -8.660254e-01 -5.000000e-01
    outer loop
      vertex   1.309311e+01 -1.760457e+01 -1.135346e+01
      vertex   5.309311e+01 -1.760457e+01 -1.135346e+01
      vertex   1.309311e+01 -1.860379e+01 -9.622757e+00
    endloop
  endfacet
  facet normal 0.000000e+00 -8.660254e-01 -5.000000e-01
    outer loop
      vertex   1.309311e+01 -1.860379e+01 -9.622757e+00
      vertex   5.309311e+01 -1.760457e+01 -1.135346e+01
      vertex   5.309311e+01 -1.860379e+01 -9.622757e+00
    endloop
  endfacet
  facet normal 0.000000e+00 -9.096320e-01 -4.154150e-01
    outer loop
      vertex   1.309311e+01 -1.860379e+01 -9.622757e+00
      vertex   5.309311e+01 -1.860379e+01 -9.622757e+00
      vertex   1.309311e+01 -1.943398e+01 -7.804912e+00
    endloop
  endfacet
  facet normal 0.000000e+00 -9.096320e-01 -4.154150e-01
    outer loop
      vertex   1.309311e+01 -1.943398e+01 -7.804912e+00
      vertex   5.309311e+01 -1.860379e+01 -9.622757e+00
      vertex   5.309311e+01 -1.943398e+01 -7.804912e+00
    endloop
  endfacet
  facet normal 0.000000e+00 -9.450008e-01 -3.270680e-01
    outer loop
      vertex   1.309311e+01 -1.943398e+01 -7.804912e+00
      vertex   5.309311e+01 -1.943398e+01 -7.804912e+00
      vertex   1.309311e+01 -2.008760e+01 -5.916384e+00
    endloop
  endfacet
  facet normal 0.000000e+00 -9.450008e-01 -3.270680e-01
    outer loop
      vertex   1.309311e+01 -2.008760e+01 -5.916384e+00
      vertex   5.309311e+01 -1.943398e+01 -7.804912e+00
      vertex   5.309311e+01 -2.008760e+01 -5.916384e+00
    endloop
  endfacet
  facet normal 0.000000e+00 -9.718116e-01 -2.357589e-01
    outer loop
      vertex   1.309311e+01 -2.008760e+01 -5.916384e+00
      vertex   5.309311e+01 -2.008760e+01 -5.916384e+00
      vertex   1.309311e+01 -2.055875e+01 -3.974276e+00
    endloop
  endfacet
  facet normal 0.000000e+00 -9.718116e-01 -2.357589e-01
    outer loop
      vertex   1.309311e+01 -2.055875e+01 -3.974276e+00
      vertex   5.309311e+01 -2.008760e+01 -5.916384e+00
      vertex   5.309311e+01 -2.055875e+01 -3.974276e+00
    endloop
  endfacet
  facet normal 0.000000e+00 -9.898214e-01 -1.423148e-01
    outer loop
      vertex   1.309311e+01 -2.055875e+01 -3.974276e+00
      vertex   5.309311e+01 -2.055875e+01 -3.974276e+00
      vertex   1.309311e+01 -2.084316e+01 -1.996177e+00
    endloop
  endfacet
  facet normal 0.000000e+00 -9.898214e-01 -1.423148e-01
    outer loop
      vertex   1.309311e+01 -2.084316e+01 -1.996177e+00
      vertex   5.309311e+01 -2.055875e+01 -3.974276e+00
      vertex   5.309311e+01 -2.084316e+01 -1.996177e+00
    endloop
  endfacet
  facet normal 0.000000e+00 -9.988673e-01 -4.758192e-02
    outer loop
      vertex   1.309311e+01 -2.084316e+01 -1.996177e+00
      vertex   5.309311e+01 -2.084316e+01 -1.996177e+00
      vertex   1.309311e+01 -2.093825e+01 1.869134e-15
    endloop
  endfacet
  facet normal 3.059230e-18 -9.988673e-01 -4.758192e-02
    outer loop
      vertex   1.309311e+01 -2.093825e+01 1.869134e-15
      vertex   5.309311e+01 -2.084316e+01 -1.996177e+00
      vertex   5.309311e+01 -2.093825e+01 4.440892e-15
    endloop
  endfacet
  facet normal -3.059230e-18 -9.988673e-01 4.758192e-02
    outer loop
      vertex   1.309311e+01 -2.093825e+01 1.869134e-15
      vertex   5.309311e+01 -2.093825e+01 4.440892e-15
      vertex   1.309311e+01 -2.084316e+01 1.996177e+00
    endloop
  endfacet
  facet normal 0.000000e+00 -9.988673e-01 4.758192e-02
    outer loop
      vertex   1.309311e+01 -2.084316e+01 1.996177e+00
      vertex   5.309311e+01 -2.093825e+01 4.440892e-15
      vertex   5.309311e+01 -2.084316e+01 1.996177e+00
    endloop
  endfacet
  facet normal 0.000000e+00 -9.898214e-01 1.423148e-01
    outer loop
      vertex   1.309311e+01 -2.084316e+01 1.996177e+00
      vertex   5.309311e+01 -2.084316e+01 1.996177e+00
      vertex   1.309311e+01 -2.055875e+01 3.974276e+00
    endloop
  endfacet
  facet normal 0.000000e+00 -9.898214e-01 1.423148e-01
    outer loop
      vertex   1.309311e+01 -2.055875e+01 3.974276e+00
      vertex   5.309311e+01 -2.084316e+01 1.996177e+00
      vertex   5.309311e+01 -2.055875e+01 3.974276e+00
    endloop
  endfacet
  facet normal 0.000000e+00 -9.718116e-01 2.357589e-01
    outer loop
      vertex   1.309311e+01 -2.055875e+01 3.974276e+00
      vertex   5.309311e+01 -2.055875e+01 3.974276e+00
      vertex   1.309311e+01 -2.008760e+01 5.916384e+00
    endloop
  endfacet
  facet normal 0.000000e+00 -9.718116e-01 2.357589e-01
    outer loop
      vertex   1.309311e+01 -2.008760e+01 5.916384e+00
      vertex   5.309311e+01 -2.055875e+01 3.974276e+00
      vertex   5.309311e+01 -2.008760e+01 5.916384e+00
    endloop
  endfacet
  facet normal 0.000000e+00 -9.450008e-01 3.270680e-01
    outer loop
      vertex   1.309311e+01 -2.008760e+01 5.916384e+00
      vertex   5.309311e+01 -2.008760e+01 5.916384e+00
      vertex   1.309311e+01 -1.943398e+01 7.804912e+00
    endloop
  endfacet
  facet normal 0.000000e+00 -9.450008e-01 3.270680e-01
    outer loop
      vertex   1.309311e+01 -1.943398e+01 7.804912e+00
      vertex   5.309311e+01 -2.008760e+01 5.916384e+00
      vertex   5.309311e+01 -1.943398e+01 7.804912e+00
    endloop
  endfacet
  facet normal 0.000000e+00 -9.096320e-01 4.154150e-01
    outer loop
      vertex   1.309311e+01 -1.943398e+01 7.804912e+00
      vertex   5.309311e+01 -1.943398e+01 7.804912e+00
      vertex   1.309311e+01 -1.860379e+01 9.622757e+00
    endloop
  endfacet
  facet normal 0.000000e+00 -9.096320e-01 4.154150e-01
    outer loop
      vertex   1.309311e+01 -1.860379e+01 9.622757e+00
      vertex   5.309311e+01 -1.943398e+01 7.804912e+00
      vertex   5.309311e+01 -1.860379e+01 9.622757e+00
    endloop
  endfacet
  facet normal 0.000000e+00 -8.660254e-01 5.000000e-01
    outer loop
      vertex   1.309311e+01 -1.860379e+01 9.622757e+00
      vertex   5.309311e+01 -1.860379e+01 9.622757e+00
      vertex   1.309311e+01 -1.760457e+01 1.135346e+01
    endloop
  endfacet
  facet normal 0.000000e+00 -8.660254e-01 5.000000e-01
    outer loop
      vertex   1.309311e+01 -1.760457e+01 1.135346e+01
      vertex   5.309311e+01 -1.860379e+01 9.622757e+00
      vertex   5.309311e+01 -1.760457e+01 1.135346e+01
    endloop
  endfacet
  facet normal 0.000000e+00 -8.145760e-01 5.800569e-01
    outer loop
      vertex   1.309311e+01 -1.760457e+01 1.135346e+01
      vertex   5.309311e+01 -1.760457e+01 1.135346e+01
      vertex   1.309311e+01 -1.644537e+01 1.298134e+01
    endloop
  endfacet
  facet normal 0.000000e+00 -8.145760e-01 5.800569e-01
    outer loop
      vertex   1.309311e+01 -1.644537e+01 1.298134e+01
      vertex   5.309311e+01 -1.760457e+01 1.135346e+01
      vertex   5.309311e+01 -1.644537e+01 1.298134e+01
    endloop
  endfacet
  facet normal 0.000000e+00 -7.557496e-01 6.548607e-01
    outer loop
      vertex   1.309311e+01 -1.644537e+01 1.298134e+01
      vertex   5.309311e+01 -1.644537e+01 1.298134e+01
      vertex   1.309311e+01 -1.513667e+01 1.449166e+01
    endloop
  endfacet
  facet normal 0.000000e+00 -7.557496e-01 6.548607e-01
    outer loop
      vertex   1.309311e+01 -1.513667e+01 1.449166e+01
      vertex   5.309311e+01 -1.644537e+01 1.298134e+01
      vertex   5.309311e+01 -1.513667e+01 1.449166e+01
    endloop
  endfacet
  facet normal 0.000000e+00 -7.203137e-01 6.936485e-01
    outer loop
      vertex   1.309311e+01 -1.513667e+01 1.449166e+01
      vertex   5.309311e+01 -1.513667e+01 1.449166e+01
      vertex   1.309311e+01 -1.499264e+01 1.464122e+01
    endloop
  endfacet
  facet normal 2.213550e-04 -6.900790e-01 7.237340e-01
    outer loop
      vertex   1.309311e+01 -1.499264e+01 1.464122e+01
      vertex   5.309311e+01 -1.513667e+01 1.449166e+01
      vertex   5.309311e+01 -1.369033e+01 1.587074e+01
    endloop
  endfacet
  facet normal -6.198841e-18 -6.864927e-01 7.271367e-01
    outer loop
      vertex   1.309311e+01 -1.499264e+01 1.464122e+01
      vertex   5.309311e+01 -1.369033e+01 1.587074e+01
      vertex   1.309311e+01 -1.369033e+01 1.587074e+01
    endloop
  endfacet
  facet normal -2.273176e-17 -6.402217e-01 7.681902e-01
    outer loop
      vertex   1.309311e+01 -1.369033e+01 1.587074e+01
      vertex   5.309311e+01 -1.369033e+01 1.587074e+01
      vertex   5.216625e+00 -1.313720e+01 1.633172e+01
    endloop
  endfacet
  facet normal -2.251366e-04 -6.421117e-01 7.666111e-01
    outer loop
      vertex   1.309311e+01 -1.369033e+01 1.587074e+01
      vertex   5.216625e+00 -1.313720e+01 1.633172e+01
      vertex   3.893826e+00 -1.377124e+01 1.580026e+01
    endloop
  endfacet
  facet normal -1.303571e-03 -5.724893e-01 -8.199112e-01
    outer loop
      vertex   6.456729e+00 -1.238684e+01 -1.690884e+01
      vertex   7.601207e+00 -1.153763e+01 -1.750361e+01
      vertex   1.309311e+01 -1.211945e+01 -1.710609e+01
    endloop
  endfacet
  facet normal 0.000000e+00 -5.641301e-01 -8.256859e-01
    outer loop
      vertex   1.309311e+01 -1.211945e+01 -1.710609e+01
      vertex   7.601207e+00 -1.153763e+01 -1.750361e+01
      vertex   5.309311e+01 -1.211945e+01 -1.710609e+01
    endloop
  endfacet
  facet normal 1.483948e-03 -5.330093e-01 -8.461081e-01
    outer loop
      vertex   8.637125e+00 -1.060706e+01 -1.808801e+01
      vertex   1.309311e+01 -1.043825e+01 -1.818653e+01
      vertex   7.601207e+00 -1.153763e+01 -1.750361e+01
    endloop
  endfacet
  facet normal -8.363839e-17 -5.276714e-01 -8.494486e-01
    outer loop
      vertex   7.601207e+00 -1.153763e+01 -1.750361e+01
      vertex   1.309311e+01 -1.043825e+01 -1.818653e+01
      vertex   5.309311e+01 -1.043825e+01 -1.818653e+01
    endloop
  endfacet
  facet normal 4.364475e-04 -5.406408e-01 -8.412535e-01
    outer loop
      vertex   7.601207e+00 -1.153763e+01 -1.750361e+01
      vertex   5.309311e+01 -1.043825e+01 -1.818653e+01
      vertex   5.309311e+01 -1.211945e+01 -1.710609e+01
    endloop
  endfacet
  facet normal -1.108397e-03 -4.820954e-01 -8.761180e-01
    outer loop
      vertex   8.637125e+00 -1.060706e+01 -1.808801e+01
      vertex   9.581111e+00 -9.580381e+00 -1.865414e+01
      vertex   1.309311e+01 -1.043825e+01 -1.818653e+01
    endloop
  endfacet
  facet normal -5.657177e-17 -4.786013e-01 -8.780324e-01
    outer loop
      vertex   1.309311e+01 -1.043825e+01 -1.818653e+01
      vertex   9.581111e+00 -9.580381e+00 -1.865414e+01
      vertex   5.309311e+01 -1.043825e+01 -1.818653e+01
    endloop
  endfacet
  facet normal -2.952886e-03 -4.293738e-01 -9.031220e-01
    outer loop
      vertex   1.045226e+01 -8.432153e+00 -1.920290e+01
      vertex   1.309311e+01 -8.661966e+00 -1.910227e+01
      vertex   9.581111e+00 -9.580381e+00 -1.865414e+01
    endloop
  endfacet
  facet normal -1.901229e-17 -4.385187e-01 -8.987221e-01
    outer loop
      vertex   9.581111e+00 -9.580381e+00 -1.865414e+01
      vertex   1.309311e+01 -8.661966e+00 -1.910227e+01
      vertex   5.309311e+01 -8.661966e+00 -1.910227e+01
    endloop
  endfacet
  facet normal 5.177993e-04 -4.582265e-01 -8.888353e-01
    outer loop
      vertex   9.581111e+00 -9.580381e+00 -1.865414e+01
      vertex   5.309311e+01 -8.661966e+00 -1.910227e+01
      vertex   5.309311e+01 -1.043825e+01 -1.818653e+01
    endloop
  endfacet
  facet normal -1.781223e-17 -4.010959e-01 -9.160361e-01
    outer loop
      vertex   1.309311e+01 -8.661966e+00 -1.910227e+01
      vertex   1.045226e+01 -8.432153e+00 -1.920290e+01
      vertex   5.309311e+01 -8.661966e+00 -1.910227e+01
    endloop
  endfacet
  facet normal 1.629607e-04 -3.755697e-01 -9.267941e-01
    outer loop
      vertex   5.309311e+01 -8.661966e+00 -1.910227e+01
      vertex   1.045226e+01 -8.432153e+00 -1.920290e+01
      vertex   1.122852e+01 -7.177023e+00 -1.971138e+01
    endloop
  endfacet
  facet normal 3.244493e-04 -3.716624e-01 -9.283679e-01
    outer loop
      vertex   5.309311e+01 -8.661966e+00 -1.910227e+01
      vertex   1.122852e+01 -7.177023e+00 -1.971138e+01
      vertex   5.309311e+01 -6.806678e+00 -1.984502e+01
    endloop
  endfacet
  facet normal -0.000000e+00 -3.394133e-01 -9.406374e-01
    outer loop
      vertex   5.309311e+01 -6.806678e+00 -1.984502e+01
      vertex   1.122852e+01 -7.177023e+00 -1.971138e+01
      vertex   1.309311e+01 -6.806678e+00 -1.984502e+01
    endloop
  endfacet
  facet normal -0.000000e+00 -3.038970e-01 -9.527049e-01
    outer loop
      vertex   5.309311e+01 -6.806678e+00 -1.984502e+01
      vertex   1.309311e+01 -6.806678e+00 -1.984502e+01
      vertex   1.188766e+01 -5.829794e+00 -2.015663e+01
    endloop
  endfacet
  facet normal -6.344816e-03 -3.109887e-01 -9.503924e-01
    outer loop
      vertex   1.188766e+01 -5.829794e+00 -2.015663e+01
      vertex   1.309311e+01 -6.806678e+00 -1.984502e+01
      vertex   1.122852e+01 -7.177023e+00 -1.971138e+01
    endloop
  endfacet
  facet normal -1.355102e-02 -2.419577e-01 -9.701922e-01
    outer loop
      vertex   1.241166e+01 -4.407206e+00 -2.051873e+01
      vertex   1.309311e+01 -4.889188e+00 -2.040804e+01
      vertex   1.188766e+01 -5.829794e+00 -2.015663e+01
    endloop
  endfacet
  facet normal -5.131335e-17 -2.582263e-01 -9.660845e-01
    outer loop
      vertex   1.188766e+01 -5.829794e+00 -2.015663e+01
      vertex   1.309311e+01 -4.889188e+00 -2.040804e+01
      vertex   5.309311e+01 -4.889188e+00 -2.040804e+01
    endloop
  endfacet
  facet normal 5.768011e-04 -2.817325e-01 -9.594928e-01
    outer loop
      vertex   1.188766e+01 -5.829794e+00 -2.015663e+01
      vertex   5.309311e+01 -4.889188e+00 -2.040804e+01
      vertex   5.309311e+01 -6.806678e+00 -1.984502e+01
    endloop
  endfacet
  facet normal 2.866495e-02 -1.850533e-01 -9.823103e-01
    outer loop
      vertex   1.241166e+01 -4.407206e+00 -2.051873e+01
      vertex   1.279109e+01 -2.933176e+00 -2.078534e+01
      vertex   1.309311e+01 -4.889188e+00 -2.040804e+01
    endloop
  endfacet
  facet normal 7.525326e-06 -1.893991e-01 -9.819002e-01
    outer loop
      vertex   1.309311e+01 -4.889188e+00 -2.040804e+01
      vertex   1.279109e+01 -2.933176e+00 -2.078534e+01
      vertex   5.309311e+01 -2.926862e+00 -2.078625e+01
    endloop
  endfacet
  facet normal -3.782000e-17 -1.892512e-01 -9.819287e-01
    outer loop
      vertex   1.309311e+01 -4.889188e+00 -2.040804e+01
      vertex   5.309311e+01 -2.926862e+00 -2.078625e+01
      vertex   5.309311e+01 -4.889188e+00 -2.040804e+01
    endloop
  endfacet
  facet normal -5.694539e-06 -1.068043e-01 -9.942801e-01
    outer loop
      vertex   1.279109e+01 -2.933176e+00 -2.078534e+01
      vertex   1.301807e+01 -1.433856e+00 -2.094640e+01
      vertex   5.309311e+01 -2.926862e+00 -2.078625e+01
    endloop
  endfacet
  facet normal 4.367540e-04 -9.505603e-02 -9.954718e-01
    outer loop
      vertex   5.309311e+01 -2.926862e+00 -2.078625e+01
      vertex   1.301807e+01 -1.433856e+00 -2.094640e+01
      vertex   5.309311e+01 -9.374707e-01 -2.097621e+01
    endloop
  endfacet
  facet normal -3.000832e-04 -3.580187e-02 -9.993589e-01
    outer loop
      vertex   5.309311e+01 -9.374707e-01 -2.097621e+01
      vertex   1.301807e+01 -1.433856e+00 -2.094640e+01
      vertex   1.309311e+01 6.174949e-02 -2.100000e+01
    endloop
  endfacet
  facet normal 5.946468e-04 0.000000e+00 -9.999998e-01
    outer loop
      vertex   5.309311e+01 -9.374707e-01 -2.097621e+01
      vertex   1.309311e+01 6.174949e-02 -2.100000e+01
      vertex   5.309311e+01 1.060970e+00 -2.097621e+01
    endloop
  endfacet
  facet normal -3.000832e-04 3.580187e-02 -9.993589e-01
    outer loop
      vertex   5.309311e+01 1.060970e+00 -2.097621e+01
      vertex   1.309311e+01 6.174949e-02 -2.100000e+01
      vertex   1.301807e+01 1.557355e+00 -2.094640e+01
    endloop
  endfacet
  facet normal 4.367540e-04 9.505603e-02 -9.954718e-01
    outer loop
      vertex   5.309311e+01 1.060970e+00 -2.097621e+01
      vertex   1.301807e+01 1.557355e+00 -2.094640e+01
      vertex   5.309311e+01 3.050361e+00 -2.078625e+01
    endloop
  endfacet
  facet normal -5.694539e-06 1.068043e-01 -9.942801e-01
    outer loop
      vertex   5.309311e+01 3.050361e+00 -2.078625e+01
      vertex   1.301807e+01 1.557355e+00 -2.094640e+01
      vertex   1.279109e+01 3.056675e+00 -2.078534e+01
    endloop
  endfacet
  facet normal 7.501510e-06 1.892512e-01 -9.819287e-01
    outer loop
      vertex   5.309311e+01 3.050361e+00 -2.078625e+01
      vertex   1.279109e+01 3.056675e+00 -2.078534e+01
      vertex   5.309311e+01 5.012687e+00 -2.040804e+01
    endloop
  endfacet
  facet normal -1.323652e-16 1.894003e-01 -9.819000e-01
    outer loop
      vertex   5.309311e+01 5.012687e+00 -2.040804e+01
      vertex   1.279109e+01 3.056675e+00 -2.078534e+01
      vertex   1.309311e+01 5.012687e+00 -2.040804e+01
    endloop
  endfacet
  facet normal -1.142733e-16 2.582263e-01 -9.660845e-01
    outer loop
      vertex   5.309311e+01 5.012687e+00 -2.040804e+01
      vertex   1.309311e+01 5.012687e+00 -2.040804e+01
      vertex   1.188766e+01 5.953293e+00 -2.015663e+01
    endloop
  endfacet
  facet normal -1.355102e-02 2.419577e-01 -9.701922e-01
    outer loop
      vertex   1.188766e+01 5.953293e+00 -2.015663e+01
      vertex   1.309311e+01 5.012687e+00 -2.040804e+01
      vertex   1.241166e+01 4.530705e+00 -2.051873e+01
    endloop
  endfacet
  facet normal 2.866495e-02 1.850533e-01 -9.823103e-01
    outer loop
      vertex   1.241166e+01 4.530705e+00 -2.051873e+01
      vertex   1.309311e+01 5.012687e+00 -2.040804e+01
      vertex   1.279109e+01 3.056675e+00 -2.078534e+01
    endloop
  endfacet
  facet normal -6.344816e-03 3.109887e-01 -9.503924e-01
    outer loop
      vertex   1.122852e+01 7.300522e+00 -1.971138e+01
      vertex   1.309311e+01 6.930177e+00 -1.984502e+01
      vertex   1.188766e+01 5.953293e+00 -2.015663e+01
    endloop
  endfacet
  facet normal 3.383573e-17 3.038970e-01 -9.527049e-01
    outer loop
      vertex   1.188766e+01 5.953293e+00 -2.015663e+01
      vertex   1.309311e+01 6.930177e+00 -1.984502e+01
      vertex   5.309311e+01 6.930177e+00 -1.984502e+01
    endloop
  endfacet
  facet normal 5.768011e-04 2.817325e-01 -9.594928e-01
    outer loop
      vertex   1.188766e+01 5.953293e+00 -2.015663e+01
      vertex   5.309311e+01 6.930177e+00 -1.984502e+01
      vertex   5.309311e+01 5.012687e+00 -2.040804e+01
    endloop
  endfacet
  facet normal 1.629607e-04 3.755697e-01 -9.267941e-01
    outer loop
      vertex   1.045226e+01 8.555652e+00 -1.920290e+01
      vertex   5.309311e+01 8.785465e+00 -1.910227e+01
      vertex   1.122852e+01 7.300522e+00 -1.971138e+01
    endloop
  endfacet
  facet normal 3.244493e-04 3.716624e-01 -9.283679e-01
    outer loop
      vertex   1.122852e+01 7.300522e+00 -1.971138e+01
      vertex   5.309311e+01 8.785465e+00 -1.910227e+01
      vertex   5.309311e+01 6.930177e+00 -1.984502e+01
    endloop
  endfacet
  facet normal 3.745107e-17 3.394133e-01 -9.406374e-01
    outer loop
      vertex   1.122852e+01 7.300522e+00 -1.971138e+01
      vertex   5.309311e+01 6.930177e+00 -1.984502e+01
      vertex   1.309311e+01 6.930177e+00 -1.984502e+01
    endloop
  endfacet
  facet normal 4.573588e-17 4.010959e-01 -9.160361e-01
    outer loop
      vertex   5.309311e+01 8.785465e+00 -1.910227e+01
      vertex   1.045226e+01 8.555652e+00 -1.920290e+01
      vertex   1.309311e+01 8.785465e+00 -1.910227e+01
    endloop
  endfacet
  facet normal -2.952886e-03 4.293738e-01 -9.031220e-01
    outer loop
      vertex   1.309311e+01 8.785465e+00 -1.910227e+01
      vertex   1.045226e+01 8.555652e+00 -1.920290e+01
      vertex   9.581111e+00 9.703880e+00 -1.865414e+01
    endloop
  endfacet
  facet normal 4.087428e-17 4.385187e-01 -8.987221e-01
    outer loop
      vertex   1.309311e+01 8.785465e+00 -1.910227e+01
      vertex   9.581111e+00 9.703880e+00 -1.865414e+01
      vertex   5.309311e+01 8.785465e+00 -1.910227e+01
    endloop
  endfacet
  facet normal 5.177993e-04 4.582265e-01 -8.888353e-01
    outer loop
      vertex   5.309311e+01 8.785465e+00 -1.910227e+01
      vertex   9.581111e+00 9.703880e+00 -1.865414e+01
      vertex   5.309311e+01 1.056175e+01 -1.818653e+01
    endloop
  endfacet
  facet normal 1.483948e-03 5.330093e-01 -8.461081e-01
    outer loop
      vertex   8.637125e+00 1.073056e+01 -1.808801e+01
      vertex   7.601207e+00 1.166113e+01 -1.750361e+01
      vertex   1.309311e+01 1.056175e+01 -1.818653e+01
    endloop
  endfacet
  facet normal -1.303571e-03 5.724893e-01 -8.199112e-01
    outer loop
      vertex   7.601207e+00 1.166113e+01 -1.750361e+01
      vertex   6.456729e+00 1.251034e+01 -1.690884e+01
      vertex   1.309311e+01 1.224294e+01 -1.710609e+01
    endloop
  endfacet
  facet normal 1.074084e-03 6.107689e-01 -7.918082e-01
    outer loop
      vertex   1.309311e+01 1.224294e+01 -1.710609e+01
      vertex   6.456729e+00 1.251034e+01 -1.690884e+01
      vertex   5.216625e+00 1.326070e+01 -1.633172e+01
    endloop
  endfacet
  facet normal 2.676730e-05 7.180484e-01 6.959932e-01
    outer loop
      vertex   -1.163700e+00 1.504320e+01 1.471604e+01
      vertex   1.309311e+01 1.526016e+01 1.449166e+01
      vertex   -1.906888e+00 1.506175e+01 1.469694e+01
    endloop
  endfacet
  facet normal 0.000000e+00 7.190265e-01 6.949827e-01
    outer loop
      vertex   -1.906888e+00 1.506175e+01 1.469694e+01
      vertex   1.309311e+01 1.526016e+01 1.449166e+01
      vertex   -2.690689e+01 1.526016e+01 1.449166e+01
    endloop
  endfacet
  facet normal -1.864829e-05 7.178906e-01 6.961559e-01
    outer loop
      vertex   -1.906888e+00 1.506175e+01 1.469694e+01
      vertex   -2.690689e+01 1.526016e+01 1.449166e+01
      vertex   -2.650076e+00 1.504320e+01 1.471604e+01
    endloop
  endfacet
  facet normal -9.639158e-05 7.136714e-01 7.004806e-01
    outer loop
      vertex   -2.650076e+00 1.504320e+01 1.471604e+01
      vertex   -2.690689e+01 1.526016e+01 1.449166e+01
      vertex   -3.393822e+00 1.498765e+01 1.477255e+01
    endloop
  endfacet
  facet normal -2.111959e-04 7.088227e-01 7.053866e-01
    outer loop
      vertex   -3.393822e+00 1.498765e+01 1.477255e+01
      vertex   -2.690689e+01 1.526016e+01 1.449166e+01
      vertex   -4.135122e+00 1.489520e+01 1.486522e+01
    endloop
  endfacet
  facet normal -3.738935e-04 7.038004e-01 7.103976e-01
    outer loop
      vertex   -4.135122e+00 1.489520e+01 1.486522e+01
      vertex   -2.690689e+01 1.526016e+01 1.449166e+01
      vertex   -4.870970e+00 1.476597e+01 1.499286e+01
    endloop
  endfacet
  facet normal -8.414646e-04 6.933242e-01 7.206253e-01
    outer loop
      vertex   -4.870970e+00 1.476597e+01 1.499286e+01
      vertex   -2.690689e+01 1.526016e+01 1.449166e+01
      vertex   -6.315376e+00 1.439912e+01 1.534412e+01
    endloop
  endfacet
  facet normal -1.105860e-03 6.900786e-01 7.237336e-01
    outer loop
      vertex   -6.315376e+00 1.439912e+01 1.534412e+01
      vertex   -2.690689e+01 1.526016e+01 1.449166e+01
      vertex   -2.690689e+01 1.381382e+01 1.587074e+01
    endloop
  endfacet
  facet normal -1.055188e-04 6.709075e-01 7.415410e-01
    outer loop
      vertex   -6.315376e+00 1.439912e+01 1.534412e+01
      vertex   -2.690689e+01 1.381382e+01 1.587074e+01
      vertex   -7.707602e+00 1.389474e+01 1.580026e+01
    endloop
  endfacet
  facet normal 1.068165e-04 6.422567e-01 7.664896e-01
    outer loop
      vertex   -7.707602e+00 1.389474e+01 1.580026e+01
      vertex   -2.690689e+01 1.381382e+01 1.587074e+01
      vertex   -9.030400e+00 1.326070e+01 1.633172e+01
    endloop
  endfacet
  facet normal -1.143282e-03 6.181586e-01 7.860526e-01
    outer loop
      vertex   -9.030400e+00 1.326070e+01 1.633172e+01
      vertex   -2.690689e+01 1.381382e+01 1.587074e+01
      vertex   -2.690689e+01 1.224294e+01 1.710609e+01
    endloop
  endfacet
  facet normal -4.111185e-04 6.100813e-01 7.923387e-01
    outer loop
      vertex   -9.030400e+00 1.326070e+01 1.633172e+01
      vertex   -2.690689e+01 1.224294e+01 1.710609e+01
      vertex   -1.027050e+01 1.251034e+01 1.690884e+01
    endloop
  endfacet
  facet normal 5.023456e-04 5.732146e-01 8.194051e-01
    outer loop
      vertex   -1.027050e+01 1.251034e+01 1.690884e+01
      vertex   -2.690689e+01 1.224294e+01 1.710609e+01
      vertex   -1.141498e+01 1.166113e+01 1.750361e+01
    endloop
  endfacet
  facet normal -1.281625e-03 5.406404e-01 8.412528e-01
    outer loop
      vertex   -1.141498e+01 1.166113e+01 1.750361e+01
      vertex   -2.690689e+01 1.224294e+01 1.710609e+01
      vertex   -2.690689e+01 1.056175e+01 1.818653e+01
    endloop
  endfacet
  facet normal -4.441741e-04 5.321802e-01 8.466310e-01
    outer loop
      vertex   -1.141498e+01 1.166113e+01 1.750361e+01
      vertex   -2.690689e+01 1.056175e+01 1.818653e+01
      vertex   -1.245090e+01 1.073056e+01 1.808801e+01
    endloop
  endfacet
  facet normal 3.332218e-04 4.826424e-01 8.758174e-01
    outer loop
      vertex   -1.245090e+01 1.073056e+01 1.808801e+01
      vertex   -2.690689e+01 1.056175e+01 1.818653e+01
      vertex   -1.339489e+01 9.703880e+00 1.865414e+01
    endloop
  endfacet
  facet normal -1.667440e-03 4.582259e-01 8.888342e-01
    outer loop
      vertex   -1.339489e+01 9.703880e+00 1.865414e+01
      vertex   -2.690689e+01 1.056175e+01 1.818653e+01
      vertex   -2.690689e+01 8.785465e+00 1.910227e+01
    endloop
  endfacet
  facet normal 6.481964e-04 4.307998e-01 9.024473e-01
    outer loop
      vertex   -1.339489e+01 9.703880e+00 1.865414e+01
      vertex   -2.690689e+01 8.785465e+00 1.910227e+01
      vertex   -1.426604e+01 8.555652e+00 1.920290e+01
    endloop
  endfacet
  facet normal -5.453597e-04 3.757728e-01 9.267117e-01
    outer loop
      vertex   -1.426604e+01 8.555652e+00 1.920290e+01
      vertex   -2.690689e+01 8.785465e+00 1.910227e+01
      vertex   -1.504229e+01 7.300522e+00 1.971138e+01
    endloop
  endfacet
  facet normal -1.144829e-03 3.716622e-01 9.283673e-01
    outer loop
      vertex   -1.504229e+01 7.300522e+00 1.971138e+01
      vertex   -2.690689e+01 8.785465e+00 1.910227e+01
      vertex   -2.690689e+01 6.930177e+00 1.984502e+01
    endloop
  endfacet
  facet normal 9.134513e-04 3.133919e-01 9.496234e-01
    outer loop
      vertex   -1.504229e+01 7.300522e+00 1.971138e+01
      vertex   -2.690689e+01 6.930177e+00 1.984502e+01
      vertex   -1.570144e+01 5.953293e+00 2.015663e+01
    endloop
  endfacet
  facet normal -2.121048e-03 2.817319e-01 9.594908e-01
    outer loop
      vertex   -1.570144e+01 5.953293e+00 2.015663e+01
      vertex   -2.690689e+01 6.930177e+00 1.984502e+01
      vertex   -2.690689e+01 5.012687e+00 2.040804e+01
    endloop
  endfacet
  facet normal 1.070832e-03 2.463003e-01 9.691930e-01
    outer loop
      vertex   -1.570144e+01 5.953293e+00 2.015663e+01
      vertex   -2.690689e+01 5.012687e+00 2.040804e+01
      vertex   -1.622544e+01 4.530705e+00 2.051873e+01
    endloop
  endfacet
  facet normal -1.629788e-03 1.893696e-01 9.819045e-01
    outer loop
      vertex   -1.622544e+01 4.530705e+00 2.051873e+01
      vertex   -2.690689e+01 5.012687e+00 2.040804e+01
      vertex   -2.690689e+01 3.055382e+00 2.078553e+01
    endloop
  endfacet
  facet normal -4.523411e-06 1.779874e-01 9.840328e-01
    outer loop
      vertex   -1.622544e+01 4.530705e+00 2.051873e+01
      vertex   -2.690689e+01 3.055382e+00 2.078553e+01
      vertex   -1.660486e+01 3.056675e+00 2.078534e+01
    endloop
  endfacet
  facet normal 4.597294e-06 1.068045e-01 9.942800e-01
    outer loop
      vertex   -1.660486e+01 3.056675e+00 2.078534e+01
      vertex   -2.690689e+01 3.055382e+00 2.078553e+01
      vertex   -1.683185e+01 1.557355e+00 2.094640e+01
    endloop
  endfacet
  facet normal -1.743213e-03 9.517614e-02 9.954589e-01
    outer loop
      vertex   -1.683185e+01 1.557355e+00 2.094640e+01
      vertex   -2.690689e+01 3.055382e+00 2.078553e+01
      vertex   -2.690689e+01 1.060970e+00 2.097621e+01
    endloop
  endfacet
  facet normal 1.195843e-03 3.575696e-02 9.993598e-01
    outer loop
      vertex   -1.683185e+01 1.557355e+00 2.094640e+01
      vertex   -2.690689e+01 1.060970e+00 2.097621e+01
      vertex   -1.690689e+01 6.174949e-02 2.100000e+01
    endloop
  endfacet
  facet normal 0.000000e+00 2.379770e-02 9.997168e-01
    outer loop
      vertex   -1.690689e+01 6.174949e-02 2.100000e+01
      vertex   -2.690689e+01 1.060970e+00 2.097621e+01
      vertex   -6.690689e+01 1.060970e+00 2.097621e+01
    endloop
  endfacet
  facet normal -7.927625e-04 -1.586762e-02 9.998738e-01
    outer loop
      vertex   -1.690689e+01 6.174949e-02 2.100000e+01
      vertex   -6.690689e+01 1.060970e+00 2.097621e+01
      vertex   -2.690689e+01 -9.374707e-01 2.097621e+01
    endloop
  endfacet
  facet normal 0.000000e+00 0.000000e+00 1.000000e+00
    outer loop
      vertex   -2.690689e+01 -9.374707e-01 2.097621e+01
      vertex   -6.690689e+01 1.060970e+00 2.097621e+01
      vertex   -6.690689e+01 -9.374707e-01 2.097621e+01
    endloop
  endfacet
  facet normal 0.000000e+00 -9.505604e-02 9.954719e-01
    outer loop
      vertex   -2.690689e+01 -9.374707e-01 2.097621e+01
      vertex   -6.690689e+01 -9.374707e-01 2.097621e+01
      vertex   -6.690689e+01 -2.926862e+00 2.078625e+01
    endloop
  endfacet
  facet normal 1.524780e-04 7.140401e-01 7.001048e-01
    outer loop
      vertex   -1.163700e+00 1.504320e+01 1.471604e+01
      vertex   -4.199535e-01 1.498765e+01 1.477255e+01
      vertex   1.309311e+01 1.526016e+01 1.449166e+01
    endloop
  endfacet
  facet normal 3.454664e-04 7.093588e-01 7.048474e-01
    outer loop
      vertex   1.309311e+01 1.526016e+01 1.449166e+01
      vertex   -4.199535e-01 1.498765e+01 1.477255e+01
      vertex   3.213464e-01 1.489520e+01 1.486522e+01
    endloop
  endfacet
  facet normal 6.250414e-04 7.045228e-01 7.096811e-01
    outer loop
      vertex   1.309311e+01 1.526016e+01 1.449166e+01
      vertex   3.213464e-01 1.489520e+01 1.486522e+01
      vertex   1.057195e+00 1.476597e+01 1.499286e+01
    endloop
  endfacet
  facet normal 1.440927e-03 6.945512e-01 7.194418e-01
    outer loop
      vertex   1.057195e+00 1.476597e+01 1.499286e+01
      vertex   2.501600e+00 1.439912e+01 1.534412e+01
      vertex   1.309311e+01 1.526016e+01 1.449166e+01
    endloop
  endfacet
  facet normal 2.149957e-03 6.900774e-01 7.237324e-01
    outer loop
      vertex   1.309311e+01 1.526016e+01 1.449166e+01
      vertex   2.501600e+00 1.439912e+01 1.534412e+01
      vertex   1.309311e+01 1.381382e+01 1.587074e+01
    endloop
  endfacet
  facet normal 0.000000e+00 6.900790e-01 7.237340e-01
    outer loop
      vertex   1.309311e+01 1.526016e+01 1.449166e+01
      vertex   1.309311e+01 1.381382e+01 1.587074e+01
      vertex   5.309311e+01 1.381382e+01 1.587074e+01
    endloop
  endfacet
  facet normal 0.000000e+00 6.181590e-01 7.860531e-01
    outer loop
      vertex   5.309311e+01 1.381382e+01 1.587074e+01
      vertex   1.309311e+01 1.381382e+01 1.587074e+01
      vertex   5.309311e+01 1.224294e+01 1.710609e+01
    endloop
  endfacet
  facet normal 9.170581e-04 6.324830e-01 7.745737e-01
    outer loop
      vertex   5.309311e+01 1.224294e+01 1.710609e+01
      vertex   1.309311e+01 1.381382e+01 1.587074e+01
      vertex   5.216625e+00 1.326070e+01 1.633172e+01
    endloop
  endfacet
  facet normal 0.000000e+00 6.055179e-01 7.958317e-01
    outer loop
      vertex   5.309311e+01 1.224294e+01 1.710609e+01
      vertex   5.216625e+00 1.326070e+01 1.633172e+01
      vertex   1.309311e+01 1.224294e+01 1.710609e+01
    endloop
  endfacet
  facet normal 1.074084e-03 6.107689e-01 7.918082e-01
    outer loop
      vertex   1.309311e+01 1.224294e+01 1.710609e+01
      vertex   5.216625e+00 1.326070e+01 1.633172e+01
      vertex   6.456729e+00 1.251034e+01 1.690884e+01
    endloop
  endfacet
  facet normal -1.303571e-03 5.724893e-01 8.199112e-01
    outer loop
      vertex   1.309311e+01 1.224294e+01 1.710609e+01
      vertex   6.456729e+00 1.251034e+01 1.690884e+01
      vertex   7.601207e+00 1.166113e+01 1.750361e+01
    endloop
  endfacet
  facet normal 2.230276e-04 6.710859e-01 7.413796e-01
    outer loop
      vertex   2.501600e+00 1.439912e+01 1.534412e+01
      vertex   3.893826e+00 1.389474e+01 1.580026e+01
      vertex   1.309311e+01 1.381382e+01 1.587074e+01
    endloop
  endfacet
  facet normal -2.251366e-04 6.421117e-01 7.666111e-01
    outer loop
      vertex   1.309311e+01 1.381382e+01 1.587074e+01
      vertex   3.893826e+00 1.389474e+01 1.580026e+01
      vertex   5.216625e+00 1.326070e+01 1.633172e+01
    endloop
  endfacet
  facet normal 1.483948e-03 5.330093e-01 8.461081e-01
    outer loop
      vertex   8.637125e+00 1.073056e+01 1.808801e+01
      vertex   1.309311e+01 1.056175e+01 1.818653e+01
      vertex   7.601207e+00 1.166113e+01 1.750361e+01
    endloop
  endfacet
  facet normal -4.074691e-17 5.276714e-01 8.494486e-01
    outer loop
      vertex   7.601207e+00 1.166113e+01 1.750361e+01
      vertex   1.309311e+01 1.056175e+01 1.818653e+01
      vertex   5.309311e+01 1.056175e+01 1.818653e+01
    endloop
  endfacet
  facet normal 4.364475e-04 5.406408e-01 8.412535e-01
    outer loop
      vertex   7.601207e+00 1.166113e+01 1.750361e+01
      vertex   5.309311e+01 1.056175e+01 1.818653e+01
      vertex   5.309311e+01 1.224294e+01 1.710609e+01
    endloop
  endfacet
  facet normal -1.108397e-03 4.820954e-01 8.761180e-01
    outer loop
      vertex   8.637125e+00 1.073056e+01 1.808801e+01
      vertex   9.581111e+00 9.703880e+00 1.865414e+01
      vertex   1.309311e+01 1.056175e+01 1.818653e+01
    endloop
  endfacet
  facet normal -2.828589e-17 4.786013e-01 8.780324e-01
    outer loop
      vertex   1.309311e+01 1.056175e+01 1.818653e+01
      vertex   9.581111e+00 9.703880e+00 1.865414e+01
      vertex   5.309311e+01 1.056175e+01 1.818653e+01
    endloop
  endfacet
  facet normal -2.952886e-03 4.293738e-01 9.031220e-01
    outer loop
      vertex   1.045226e+01 8.555652e+00 1.920290e+01
      vertex   1.309311e+01 8.785465e+00 1.910227e+01
      vertex   9.581111e+00 9.703880e+00 1.865414e+01
    endloop
  endfacet
  facet normal 3.938260e-17 4.385187e-01 8.987221e-01
    outer loop
      vertex   9.581111e+00 9.703880e+00 1.865414e+01
      vertex   1.309311e+01 8.785465e+00 1.910227e+01
      vertex   5.309311e+01 8.785465e+00 1.910227e+01
    endloop
  endfacet
  facet normal 5.177993e-04 4.582265e-01 8.888353e-01
    outer loop
      vertex   9.581111e+00 9.703880e+00 1.865414e+01
      vertex   5.309311e+01 8.785465e+00 1.910227e+01
      vertex   5.309311e+01 1.056175e+01 1.818653e+01
    endloop
  endfacet
  facet normal 3.562447e-17 4.010959e-01 9.160361e-01
    outer loop
      vertex   1.309311e+01 8.785465e+00 1.910227e+01
      vertex   1.045226e+01 8.555652e+00 1.920290e+01
      vertex   5.309311e+01 8.785465e+00 1.910227e+01
    endloop
  endfacet
  facet normal 1.629607e-04 3.755697e-01 9.267941e-01
    outer loop
      vertex   5.309311e+01 8.785465e+00 1.910227e+01
      vertex   1.045226e+01 8.555652e+00 1.920290e+01
      vertex   1.122852e+01 7.300522e+00 1.971138e+01
    endloop
  endfacet
  facet normal 3.244493e-04 3.716624e-01 9.283679e-01
    outer loop
      vertex   5.309311e+01 8.785465e+00 1.910227e+01
      vertex   1.122852e+01 7.300522e+00 1.971138e+01
      vertex   5.309311e+01 6.930177e+00 1.984502e+01
    endloop
  endfacet
  facet normal -3.768244e-17 3.394133e-01 9.406374e-01
    outer loop
      vertex   5.309311e+01 6.930177e+00 1.984502e+01
      vertex   1.122852e+01 7.300522e+00 1.971138e+01
      vertex   1.309311e+01 6.930177e+00 1.984502e+01
    endloop
  endfacet
  facet normal -3.373935e-17 3.038970e-01 9.527049e-01
    outer loop
      vertex   5.309311e+01 6.930177e+00 1.984502e+01
      vertex   1.309311e+01 6.930177e+00 1.984502e+01
      vertex   1.188766e+01 5.953293e+00 2.015663e+01
    endloop
  endfacet
  facet normal -6.344816e-03 3.109887e-01 9.503924e-01
    outer loop
      vertex   1.188766e+01 5.953293e+00 2.015663e+01
      vertex   1.309311e+01 6.930177e+00 1.984502e+01
      vertex   1.122852e+01 7.300522e+00 1.971138e+01
    endloop
  endfacet
  facet normal -1.355102e-02 2.419577e-01 9.701922e-01
    outer loop
      vertex   1.241166e+01 4.530705e+00 2.051873e+01
      vertex   1.309311e+01 5.012687e+00 2.040804e+01
      vertex   1.188766e+01 5.953293e+00 2.015663e+01
    endloop
  endfacet
  facet normal 2.850742e-17 2.582263e-01 9.660845e-01
    outer loop
      vertex   1.188766e+01 5.953293e+00 2.015663e+01
      vertex   1.309311e+01 5.012687e+00 2.040804e+01
      vertex   5.309311e+01 5.012687e+00 2.040804e+01
    endloop
  endfacet
  facet normal 5.768011e-04 2.817325e-01 9.594928e-01
    outer loop
      vertex   1.188766e+01 5.953293e+00 2.015663e+01
      vertex   5.309311e+01 5.012687e+00 2.040804e+01
      vertex   5.309311e+01 6.930177e+00 1.984502e+01
    endloop
  endfacet
  facet normal 2.866495e-02 1.850533e-01 9.823103e-01
    outer loop
      vertex   1.241166e+01 4.530705e+00 2.051873e+01
      vertex   1.279109e+01 3.056675e+00 2.078534e+01
      vertex   1.309311e+01 5.012687e+00 2.040804e+01
    endloop
  endfacet
  facet normal 7.525326e-06 1.893991e-01 9.819002e-01
    outer loop
      vertex   1.309311e+01 5.012687e+00 2.040804e+01
      vertex   1.279109e+01 3.056675e+00 2.078534e+01
      vertex   5.309311e+01 3.050361e+00 2.078625e+01
    endloop
  endfacet
  facet normal 4.519057e-17 1.892512e-01 9.819287e-01
    outer loop
      vertex   1.309311e+01 5.012687e+00 2.040804e+01
      vertex   5.309311e+01 3.050361e+00 2.078625e+01
      vertex   5.309311e+01 5.012687e+00 2.040804e+01
    endloop
  endfacet
  facet normal -5.694539e-06 1.068043e-01 9.942801e-01
    outer loop
      vertex   1.279109e+01 3.056675e+00 2.078534e+01
      vertex   1.301807e+01 1.557355e+00 2.094640e+01
      vertex   5.309311e+01 3.050361e+00 2.078625e+01
    endloop
  endfacet
  facet normal 4.367540e-04 9.505603e-02 9.954718e-01
    outer loop
      vertex   5.309311e+01 3.050361e+00 2.078625e+01
      vertex   1.301807e+01 1.557355e+00 2.094640e+01
      vertex   5.309311e+01 1.060970e+00 2.097621e+01
    endloop
  endfacet
  facet normal -3.000832e-04 3.580187e-02 9.993589e-01
    outer loop
      vertex   5.309311e+01 1.060970e+00 2.097621e+01
      vertex   1.301807e+01 1.557355e+00 2.094640e+01
      vertex   1.309311e+01 6.174949e-02 2.100000e+01
    endloop
  endfacet
  facet normal 5.946468e-04 0.000000e+00 9.999998e-01
    outer loop
      vertex   5.309311e+01 1.060970e+00 2.097621e+01
      vertex   1.309311e+01 6.174949e-02 2.100000e+01
      vertex   5.309311e+01 -9.374707e-01 2.097621e+01
    endloop
  endfacet
  facet normal -3.000832e-04 -3.580187e-02 9.993589e-01
    outer loop
      vertex   5.309311e+01 -9.374707e-01 2.097621e+01
      vertex   1.309311e+01 6.174949e-02 2.100000e+01
      vertex   1.301807e+01 -1.433856e+00 2.094640e+01
    endloop
  endfacet
  facet normal 4.367540e-04 -9.505603e-02 9.954718e-01
    outer loop
      vertex   5.309311e+01 -9.374707e-01 2.097621e+01
      vertex   1.301807e+01 -1.433856e+00 2.094640e+01
      vertex   5.309311e+01 -2.926862e+00 2.078625e+01
    endloop
  endfacet
  facet normal -5.694539e-06 -1.068043e-01 9.942801e-01
    outer loop
      vertex   5.309311e+01 -2.926862e+00 2.078625e+01
      vertex   1.301807e+01 -1.433856e+00 2.094640e+01
      vertex   1.279109e+01 -2.933176e+00 2.078534e+01
    endloop
  endfacet
  facet normal 7.501510e-06 -1.892512e-01 9.819287e-01
    outer loop
      vertex   5.309311e+01 -2.926862e+00 2.078625e+01
      vertex   1.279109e+01 -2.933176e+00 2.078534e+01
      vertex   5.309311e+01 -4.889188e+00 2.040804e+01
    endloop
  endfacet
  facet normal 3.784978e-17 -1.894003e-01 9.819000e-01
    outer loop
      vertex   5.309311e+01 -4.889188e+00 2.040804e+01
      vertex   1.279109e+01 -2.933176e+00 2.078534e+01
      vertex   1.309311e+01 -4.889188e+00 2.040804e+01
    endloop
  endfacet
  facet normal 5.160397e-17 -2.582263e-01 9.660845e-01
    outer loop
      vertex   5.309311e+01 -4.889188e+00 2.040804e+01
      vertex   1.309311e+01 -4.889188e+00 2.040804e+01
      vertex   1.188766e+01 -5.829794e+00 2.015663e+01
    endloop
  endfacet
  facet normal -1.355102e-02 -2.419577e-01 9.701922e-01
    outer loop
      vertex   1.188766e+01 -5.829794e+00 2.015663e+01
      vertex   1.309311e+01 -4.889188e+00 2.040804e+01
      vertex   1.241166e+01 -4.407206e+00 2.051873e+01
    endloop
  endfacet
  facet normal 2.866495e-02 -1.850533e-01 9.823103e-01
    outer loop
      vertex   1.241166e+01 -4.407206e+00 2.051873e+01
      vertex   1.309311e+01 -4.889188e+00 2.040804e+01
      vertex   1.279109e+01 -2.933176e+00 2.078534e+01
    endloop
  endfacet
  facet normal -6.344816e-03 -3.109887e-01 9.503924e-01
    outer loop
      vertex   1.122852e+01 -7.177023e+00 1.971138e+01
      vertex   1.309311e+01 -6.806678e+00 1.984502e+01
      vertex   1.188766e+01 -5.829794e+00 2.015663e+01
    endloop
  endfacet
  facet normal 0.000000e+00 -3.038970e-01 9.527049e-01
    outer loop
      vertex   1.188766e+01 -5.829794e+00 2.015663e+01
      vertex   1.309311e+01 -6.806678e+00 1.984502e+01
      vertex   5.309311e+01 -6.806678e+00 1.984502e+01
    endloop
  endfacet
  facet normal 5.768011e-04 -2.817325e-01 9.594928e-01
    outer loop
      vertex   1.188766e+01 -5.829794e+00 2.015663e+01
      vertex   5.309311e+01 -6.806678e+00 1.984502e+01
      vertex   5.309311e+01 -4.889188e+00 2.040804e+01
    endloop
  endfacet
  facet normal 1.629607e-04 -3.755697e-01 9.267941e-01
    outer loop
      vertex   1.045226e+01 -8.432153e+00 1.920290e+01
      vertex   5.309311e+01 -8.661966e+00 1.910227e+01
      vertex   1.122852e+01 -7.177023e+00 1.971138e+01
    endloop
  endfacet
  facet normal 3.244493e-04 -3.716624e-01 9.283679e-01
    outer loop
      vertex   1.122852e+01 -7.177023e+00 1.971138e+01
      vertex   5.309311e+01 -8.661966e+00 1.910227e+01
      vertex   5.309311e+01 -6.806678e+00 1.984502e+01
    endloop
  endfacet
  facet normal 0.000000e+00 -3.394133e-01 9.406374e-01
    outer loop
      vertex   1.122852e+01 -7.177023e+00 1.971138e+01
      vertex   5.309311e+01 -6.806678e+00 1.984502e+01
      vertex   1.309311e+01 -6.806678e+00 1.984502e+01
    endloop
  endfacet
  facet normal -6.354811e-17 -4.010959e-01 9.160361e-01
    outer loop
      vertex   5.309311e+01 -8.661966e+00 1.910227e+01
      vertex   1.045226e+01 -8.432153e+00 1.920290e+01
      vertex   1.309311e+01 -8.661966e+00 1.910227e+01
    endloop
  endfacet
  facet normal -2.952886e-03 -4.293738e-01 9.031220e-01
    outer loop
      vertex   1.309311e+01 -8.661966e+00 1.910227e+01
      vertex   1.045226e+01 -8.432153e+00 1.920290e+01
      vertex   9.581111e+00 -9.580381e+00 1.865414e+01
    endloop
  endfacet
  facet normal -6.034842e-17 -4.385187e-01 8.987221e-01
    outer loop
      vertex   1.309311e+01 -8.661966e+00 1.910227e+01
      vertex   9.581111e+00 -9.580381e+00 1.865414e+01
      vertex   5.309311e+01 -8.661966e+00 1.910227e+01
    endloop
  endfacet
  facet normal 5.177993e-04 -4.582265e-01 8.888353e-01
    outer loop
      vertex   5.309311e+01 -8.661966e+00 1.910227e+01
      vertex   9.581111e+00 -9.580381e+00 1.865414e+01
      vertex   5.309311e+01 -1.043825e+01 1.818653e+01
    endloop
  endfacet
  facet normal -2.141317e-17 -4.786013e-01 8.780324e-01
    outer loop
      vertex   5.309311e+01 -1.043825e+01 1.818653e+01
      vertex   9.581111e+00 -9.580381e+00 1.865414e+01
      vertex   1.309311e+01 -1.043825e+01 1.818653e+01
    endloop
  endfacet
  facet normal 7.994619e-18 -5.276714e-01 8.494486e-01
    outer loop
      vertex   5.309311e+01 -1.043825e+01 1.818653e+01
      vertex   1.309311e+01 -1.043825e+01 1.818653e+01
      vertex   7.601207e+00 -1.153763e+01 1.750361e+01
    endloop
  endfacet
  facet normal 1.483948e-03 -5.330093e-01 8.461081e-01
    outer loop
      vertex   7.601207e+00 -1.153763e+01 1.750361e+01
      vertex   1.309311e+01 -1.043825e+01 1.818653e+01
      vertex   8.637125e+00 -1.060706e+01 1.808801e+01
    endloop
  endfacet
  facet normal -1.108397e-03 -4.820954e-01 8.761180e-01
    outer loop
      vertex   8.637125e+00 -1.060706e+01 1.808801e+01
      vertex   1.309311e+01 -1.043825e+01 1.818653e+01
      vertex   9.581111e+00 -9.580381e+00 1.865414e+01
    endloop
  endfacet
  facet normal -1.303571e-03 -5.724893e-01 8.199112e-01
    outer loop
      vertex   6.456729e+00 -1.238684e+01 1.690884e+01
      vertex   1.309311e+01 -1.211945e+01 1.710609e+01
      vertex   7.601207e+00 -1.153763e+01 1.750361e+01
    endloop
  endfacet
  facet normal 0.000000e+00 -5.641301e-01 8.256859e-01
    outer loop
      vertex   7.601207e+00 -1.153763e+01 1.750361e+01
      vertex   1.309311e+01 -1.211945e+01 1.710609e+01
      vertex   5.309311e+01 -1.211945e+01 1.710609e+01
    endloop
  endfacet
  facet normal 4.364475e-04 -5.406408e-01 8.412535e-01
    outer loop
      vertex   7.601207e+00 -1.153763e+01 1.750361e+01
      vertex   5.309311e+01 -1.211945e+01 1.710609e+01
      vertex   5.309311e+01 -1.043825e+01 1.818653e+01
    endloop
  endfacet
  facet normal 1.074084e-03 -6.107689e-01 7.918082e-01
    outer loop
      vertex   6.456729e+00 -1.238684e+01 1.690884e+01
      vertex   5.216625e+00 -1.313720e+01 1.633172e+01
      vertex   1.309311e+01 -1.211945e+01 1.710609e+01
    endloop
  endfacet
  facet normal 6.105798e-04 -6.085063e-01 7.935488e-01
    outer loop
      vertex   1.309311e+01 -1.211945e+01 1.710609e+01
      vertex   5.216625e+00 -1.313720e+01 1.633172e+01
      vertex   5.309311e+01 -1.369033e+01 1.587074e+01
    endloop
  endfacet
  facet normal 0.000000e+00 -6.181590e-01 7.860531e-01
    outer loop
      vertex   1.309311e+01 -1.211945e+01 1.710609e+01
      vertex   5.309311e+01 -1.369033e+01 1.587074e+01
      vertex   5.309311e+01 -1.211945e+01 1.710609e+01
    endloop
  endfacet
  facet normal 2.230276e-04 -6.710859e-01 7.413796e-01
    outer loop
      vertex   3.893826e+00 -1.377124e+01 1.580026e+01
      vertex   2.501600e+00 -1.427563e+01 1.534412e+01
      vertex   1.309311e+01 -1.369033e+01 1.587074e+01
    endloop
  endfacet
  facet normal 1.782590e-03 -6.864916e-01 7.271356e-01
    outer loop
      vertex   1.309311e+01 -1.369033e+01 1.587074e+01
      vertex   2.501600e+00 -1.427563e+01 1.534412e+01
      vertex   1.309311e+01 -1.499264e+01 1.464122e+01
    endloop
  endfacet
  facet normal 8.781111e-04 -6.933993e-01 7.205530e-01
    outer loop
      vertex   2.501600e+00 -1.427563e+01 1.534412e+01
      vertex   1.057195e+00 -1.464247e+01 1.499286e+01
      vertex   1.309311e+01 -1.499264e+01 1.464122e+01
    endloop
  endfacet
  facet normal 2.924193e-04 -7.035659e-01 7.106299e-01
    outer loop
      vertex   1.309311e+01 -1.499264e+01 1.464122e+01
      vertex   1.057195e+00 -1.464247e+01 1.499286e+01
      vertex   3.213464e-01 -1.477170e+01 1.486522e+01
    endloop
  endfacet
  facet normal 1.219658e-04 -7.084662e-01 7.057447e-01
    outer loop
      vertex   1.309311e+01 -1.499264e+01 1.464122e+01
      vertex   3.213464e-01 -1.477170e+01 1.486522e+01
      vertex   -4.199535e-01 -1.486415e+01 1.477255e+01
    endloop
  endfacet
  facet normal 2.980862e-05 -7.132335e-01 7.009265e-01
    outer loop
      vertex   -4.199535e-01 -1.486415e+01 1.477255e+01
      vertex   -1.163700e+00 -1.491970e+01 1.471604e+01
      vertex   1.309311e+01 -1.499264e+01 1.464122e+01
    endloop
  endfacet
  facet normal -1.265073e-05 -7.172822e-01 6.967828e-01
    outer loop
      vertex   1.309311e+01 -1.499264e+01 1.464122e+01
      vertex   -1.163700e+00 -1.491970e+01 1.471604e+01
      vertex   -1.906888e+00 -1.493825e+01 1.469694e+01
    endloop
  endfacet
  facet normal -1.764262e-05 -7.179519e-01 6.960927e-01
    outer loop
      vertex   1.309311e+01 -1.499264e+01 1.464122e+01
      vertex   -1.906888e+00 -1.493825e+01 1.469694e+01
      vertex   -2.690689e+01 -1.513667e+01 1.449166e+01
    endloop
  endfacet
  facet normal -1.864829e-05 -7.178906e-01 6.961559e-01
    outer loop
      vertex   -2.690689e+01 -1.513667e+01 1.449166e+01
      vertex   -1.906888e+00 -1.493825e+01 1.469694e+01
      vertex   -2.650076e+00 -1.491970e+01 1.471604e+01
    endloop
  endfacet
  facet normal -9.639158e-05 -7.136714e-01 7.004806e-01
    outer loop
      vertex   -2.690689e+01 -1.513667e+01 1.449166e+01
      vertex   -2.650076e+00 -1.491970e+01 1.471604e+01
      vertex   -3.393822e+00 -1.486415e+01 1.477255e+01
    endloop
  endfacet
  facet normal -2.111959e-04 -7.088227e-01 7.053866e-01
    outer loop
      vertex   -3.393822e+00 -1.486415e+01 1.477255e+01
      vertex   -4.135122e+00 -1.477170e+01 1.486522e+01
      vertex   -2.690689e+01 -1.513667e+01 1.449166e+01
    endloop
  endfacet
  facet normal -3.738935e-04 -7.038004e-01 7.103976e-01
    outer loop
      vertex   -2.690689e+01 -1.513667e+01 1.449166e+01
      vertex   -4.135122e+00 -1.477170e+01 1.486522e+01
      vertex   -4.870970e+00 -1.464247e+01 1.499286e+01
    endloop
  endfacet
  facet normal -8.414646e-04 -6.933242e-01 7.206253e-01
    outer loop
      vertex   -2.690689e+01 -1.513667e+01 1.449166e+01
      vertex   -4.870970e+00 -1.464247e+01 1.499286e+01
      vertex   -6.315376e+00 -1.427563e+01 1.534412e+01
    endloop
  endfacet
  facet normal -1.105860e-03 -6.900786e-01 7.237336e-01
    outer loop
      vertex   -2.690689e+01 -1.513667e+01 1.449166e+01
      vertex   -6.315376e+00 -1.427563e+01 1.534412e+01
      vertex   -2.690689e+01 -1.369033e+01 1.587074e+01
    endloop
  endfacet
  facet normal -1.055188e-04 -6.709075e-01 7.415410e-01
    outer loop
      vertex   -2.690689e+01 -1.369033e+01 1.587074e+01
      vertex   -6.315376e+00 -1.427563e+01 1.534412e+01
      vertex   -7.707602e+00 -1.377124e+01 1.580026e+01
    endloop
  endfacet
  facet normal 1.068165e-04 -6.422567e-01 7.664896e-01
    outer loop
      vertex   -2.690689e+01 -1.369033e+01 1.587074e+01
      vertex   -7.707602e+00 -1.377124e+01 1.580026e+01
      vertex   -9.030400e+00 -1.313720e+01 1.633172e+01
    endloop
  endfacet
  facet normal -1.143282e-03 -6.181586e-01 7.860526e-01
    outer loop
      vertex   -2.690689e+01 -1.369033e+01 1.587074e+01
      vertex   -9.030400e+00 -1.313720e+01 1.633172e+01
      vertex   -2.690689e+01 -1.211945e+01 1.710609e+01
    endloop
  endfacet
  facet normal -4.111185e-04 -6.100813e-01 7.923387e-01
    outer loop
      vertex   -2.690689e+01 -1.211945e+01 1.710609e+01
      vertex   -9.030400e+00 -1.313720e+01 1.633172e+01
      vertex   -1.027050e+01 -1.238684e+01 1.690884e+01
    endloop
  endfacet
  facet normal 5.023456e-04 -5.732146e-01 8.194051e-01
    outer loop
      vertex   -2.690689e+01 -1.211945e+01 1.710609e+01
      vertex   -1.027050e+01 -1.238684e+01 1.690884e+01
      vertex   -1.141498e+01 -1.153763e+01 1.750361e+01
    endloop
  endfacet
  facet normal -1.281625e-03 -5.406404e-01 8.412528e-01
    outer loop
      vertex   -2.690689e+01 -1.211945e+01 1.710609e+01
      vertex   -1.141498e+01 -1.153763e+01 1.750361e+01
      vertex   -2.690689e+01 -1.043825e+01 1.818653e+01
    endloop
  endfacet
  facet normal -4.441741e-04 -5.321802e-01 8.466310e-01
    outer loop
      vertex   -2.690689e+01 -1.043825e+01 1.818653e+01
      vertex   -1.141498e+01 -1.153763e+01 1.750361e+01
      vertex   -1.245090e+01 -1.060706e+01 1.808801e+01
    endloop
  endfacet
  facet normal 3.332218e-04 -4.826424e-01 8.758174e-01
    outer loop
      vertex   -2.690689e+01 -1.043825e+01 1.818653e+01
      vertex   -1.245090e+01 -1.060706e+01 1.808801e+01
      vertex   -1.339489e+01 -9.580381e+00 1.865414e+01
    endloop
  endfacet
  facet normal -1.667440e-03 -4.582259e-01 8.888342e-01
    outer loop
      vertex   -2.690689e+01 -1.043825e+01 1.818653e+01
      vertex   -1.339489e+01 -9.580381e+00 1.865414e+01
      vertex   -2.690689e+01 -8.661966e+00 1.910227e+01
    endloop
  endfacet
  facet normal 6.481964e-04 -4.307998e-01 9.024473e-01
    outer loop
      vertex   -2.690689e+01 -8.661966e+00 1.910227e+01
      vertex   -1.339489e+01 -9.580381e+00 1.865414e+01
      vertex   -1.426604e+01 -8.432153e+00 1.920290e+01
    endloop
  endfacet
  facet normal -5.453597e-04 -3.757728e-01 9.267117e-01
    outer loop
      vertex   -2.690689e+01 -8.661966e+00 1.910227e+01
      vertex   -1.426604e+01 -8.432153e+00 1.920290e+01
      vertex   -1.504229e+01 -7.177023e+00 1.971138e+01
    endloop
  endfacet
  facet normal -1.144829e-03 -3.716622e-01 9.283673e-01
    outer loop
      vertex   -2.690689e+01 -8.661966e+00 1.910227e+01
      vertex   -1.504229e+01 -7.177023e+00 1.971138e+01
      vertex   -2.690689e+01 -6.806678e+00 1.984502e+01
    endloop
  endfacet
  facet normal 9.134513e-04 -3.133919e-01 9.496234e-01
    outer loop
      vertex   -2.690689e+01 -6.806678e+00 1.984502e+01
      vertex   -1.504229e+01 -7.177023e+00 1.971138e+01
      vertex   -1.570144e+01 -5.829794e+00 2.015663e+01
    endloop
  endfacet
  facet normal -2.121048e-03 -2.817319e-01 9.594908e-01
    outer loop
      vertex   -2.690689e+01 -6.806678e+00 1.984502e+01
      vertex   -1.570144e+01 -5.829794e+00 2.015663e+01
      vertex   -2.690689e+01 -4.889188e+00 2.040804e+01
    endloop
  endfacet
  facet normal 1.070832e-03 -2.463003e-01 9.691930e-01
    outer loop
      vertex   -2.690689e+01 -4.889188e+00 2.040804e+01
      vertex   -1.570144e+01 -5.829794e+00 2.015663e+01
      vertex   -1.622544e+01 -4.407206e+00 2.051873e+01
    endloop
  endfacet
  facet normal -1.629788e-03 -1.893696e-01 9.819045e-01
    outer loop
      vertex   -2.690689e+01 -4.889188e+00 2.040804e+01
      vertex   -1.622544e+01 -4.407206e+00 2.051873e+01
      vertex   -2.690689e+01 -2.931883e+00 2.078553e+01
    endloop
  endfacet
  facet normal -4.523411e-06 -1.779874e-01 9.840328e-01
    outer loop
      vertex   -2.690689e+01 -2.931883e+00 2.078553e+01
      vertex   -1.622544e+01 -4.407206e+00 2.051873e+01
      vertex   -1.660486e+01 -2.933176e+00 2.078534e+01
    endloop
  endfacet
  facet normal 4.597294e-06 -1.068045e-01 9.942800e-01
    outer loop
      vertex   -2.690689e+01 -2.931883e+00 2.078553e+01
      vertex   -1.660486e+01 -2.933176e+00 2.078534e+01
      vertex   -1.683185e+01 -1.433856e+00 2.094640e+01
    endloop
  endfacet
  facet normal -1.743213e-03 -9.517614e-02 9.954589e-01
    outer loop
      vertex   -2.690689e+01 -2.931883e+00 2.078553e+01
      vertex   -1.683185e+01 -1.433856e+00 2.094640e+01
      vertex   -2.690689e+01 -9.374707e-01 2.097621e+01
    endloop
  endfacet
  facet normal 1.195843e-03 -3.575696e-02 9.993598e-01
    outer loop
      vertex   -2.690689e+01 -9.374707e-01 2.097621e+01
      vertex   -1.683185e+01 -1.433856e+00 2.094640e+01
      vertex   -1.690689e+01 6.174949e-02 2.100000e+01
    endloop
  endfacet
  facet normal 0.000000e+00 6.900790e-01 7.237340e-01
    outer loop
      vertex   5.309311e+01 1.381382e+01 1.587074e+01
      vertex   5.309311e+01 1.526016e+01 1.449166e+01
      vertex   1.309311e+01 1.526016e+01 1.449166e+01
    endloop
  endfacet
  facet normal -0.000000e+00 7.557496e-01 6.548607e-01
    outer loop
      vertex   1.309311e+01 1.526016e+01 1.449166e+01
      vertex   5.309311e+01 1.526016e+01 1.449166e+01
      vertex   1.309311e+01 1.656886e+01 1.298134e+01
    endloop
  endfacet
  facet normal -3.888813e-17 7.557496e-01 6.548607e-01
    outer loop
      vertex   1.309311e+01 1.526016e+01 1.449166e+01
      vertex   1.309311e+01 1.656886e+01 1.298134e+01
      vertex   -2.690689e+01 1.656886e+01 1.298134e+01
    endloop
  endfacet
  facet normal -4.658918e-17 8.145760e-01 5.800569e-01
    outer loop
      vertex   -2.690689e+01 1.656886e+01 1.298134e+01
      vertex   1.309311e+01 1.656886e+01 1.298134e+01
      vertex   -2.690689e+01 1.772807e+01 1.135346e+01
    endloop
  endfacet
  facet normal 5.277675e-17 8.145760e-01 5.800569e-01
    outer loop
      vertex   -2.690689e+01 1.656886e+01 1.298134e+01
      vertex   -2.690689e+01 1.772807e+01 1.135346e+01
      vertex   -6.690689e+01 1.772807e+01 1.135346e+01
    endloop
  endfacet
  facet normal 4.440892e-17 8.660254e-01 5.000000e-01
    outer loop
      vertex   -6.690689e+01 1.772807e+01 1.135346e+01
      vertex   -2.690689e+01 1.772807e+01 1.135346e+01
      vertex   -6.690689e+01 1.872729e+01 9.622757e+00
    endloop
  endfacet
  facet normal -0.000000e+00 8.660254e-01 5.000000e-01
    outer loop
      vertex   -6.690689e+01 1.872729e+01 9.622757e+00
      vertex   -2.690689e+01 1.772807e+01 1.135346e+01
      vertex   -2.690689e+01 1.872729e+01 9.622757e+00
    endloop
  endfacet
  facet normal -0.000000e+00 9.096320e-01 4.154150e-01
    outer loop
      vertex   -6.690689e+01 1.872729e+01 9.622757e+00
      vertex   -2.690689e+01 1.872729e+01 9.622757e+00
      vertex   -6.690689e+01 1.955748e+01 7.804912e+00
    endloop
  endfacet
  facet normal 6.234342e-17 9.096320e-01 4.154150e-01
    outer loop
      vertex   -6.690689e+01 1.955748e+01 7.804912e+00
      vertex   -2.690689e+01 1.872729e+01 9.622757e+00
      vertex   -2.690689e+01 1.955748e+01 7.804912e+00
    endloop
  endfacet
  facet normal 6.940820e-17 9.450008e-01 3.270680e-01
    outer loop
      vertex   -6.690689e+01 1.955748e+01 7.804912e+00
      vertex   -2.690689e+01 1.955748e+01 7.804912e+00
      vertex   -6.690689e+01 2.021110e+01 5.916384e+00
    endloop
  endfacet
  facet normal 3.631184e-17 9.450008e-01 3.270680e-01
    outer loop
      vertex   -6.690689e+01 2.021110e+01 5.916384e+00
      vertex   -2.690689e+01 1.955748e+01 7.804912e+00
      vertex   -2.690689e+01 2.021110e+01 5.916384e+00
    endloop
  endfacet
  facet normal 2.617450e-17 9.718116e-01 2.357589e-01
    outer loop
      vertex   -6.690689e+01 2.021110e+01 5.916384e+00
      vertex   -2.690689e+01 2.021110e+01 5.916384e+00
      vertex   -6.690689e+01 2.068225e+01 3.974276e+00
    endloop
  endfacet
  facet normal 2.355705e-17 9.718116e-01 2.357589e-01
    outer loop
      vertex   -6.690689e+01 2.068225e+01 3.974276e+00
      vertex   -2.690689e+01 2.021110e+01 5.916384e+00
      vertex   -2.690689e+01 2.068225e+01 3.974276e+00
    endloop
  endfacet
  facet normal 1.422011e-17 9.898214e-01 1.423148e-01
    outer loop
      vertex   -6.690689e+01 2.068225e+01 3.974276e+00
      vertex   -2.690689e+01 2.068225e+01 3.974276e+00
      vertex   -6.690689e+01 2.096666e+01 1.996177e+00
    endloop
  endfacet
  facet normal -0.000000e+00 9.898214e-01 1.423148e-01
    outer loop
      vertex   -6.690689e+01 2.096666e+01 1.996177e+00
      vertex   -2.690689e+01 2.068225e+01 3.974276e+00
      vertex   -2.690689e+01 2.096666e+01 1.996177e+00
    endloop
  endfacet
  facet normal -0.000000e+00 9.988673e-01 4.758192e-02
    outer loop
      vertex   -6.690689e+01 2.096666e+01 1.996177e+00
      vertex   -2.690689e+01 2.096666e+01 1.996177e+00
      vertex   -6.690689e+01 2.106175e+01 4.440892e-15
    endloop
  endfacet
  facet normal -0.000000e+00 9.988673e-01 4.758192e-02
    outer loop
      vertex   -6.690689e+01 2.106175e+01 4.440892e-15
      vertex   -2.690689e+01 2.096666e+01 1.996177e+00
      vertex   -2.690689e+01 2.106175e+01 4.440892e-15
    endloop
  endfacet
  facet normal 0.000000e+00 9.988673e-01 -4.758192e-02
    outer loop
      vertex   -6.690689e+01 2.106175e+01 4.440892e-15
      vertex   -2.690689e+01 2.106175e+01 4.440892e-15
      vertex   -6.690689e+01 2.096666e+01 -1.996177e+00
    endloop
  endfacet
  facet normal 0.000000e+00 9.988673e-01 -4.758192e-02
    outer loop
      vertex   -6.690689e+01 2.096666e+01 -1.996177e+00
      vertex   -2.690689e+01 2.106175e+01 4.440892e-15
      vertex   -2.690689e+01 2.096666e+01 -1.996177e+00
    endloop
  endfacet
  facet normal 0.000000e+00 9.898214e-01 -1.423148e-01
    outer loop
      vertex   -6.690689e+01 2.096666e+01 -1.996177e+00
      vertex   -2.690689e+01 2.096666e+01 -1.996177e+00
      vertex   -6.690689e+01 2.068225e+01 -3.974276e+00
    endloop
  endfacet
  facet normal -1.106008e-17 9.898214e-01 -1.423148e-01
    outer loop
      vertex   -6.690689e+01 2.068225e+01 -3.974276e+00
      vertex   -2.690689e+01 2.096666e+01 -1.996177e+00
      vertex   -2.690689e+01 2.068225e+01 -3.974276e+00
    endloop
  endfacet
  facet normal -1.832215e-17 9.718116e-01 -2.357589e-01
    outer loop
      vertex   -6.690689e+01 2.068225e+01 -3.974276e+00
      vertex   -2.690689e+01 2.068225e+01 -3.974276e+00
      vertex   -6.690689e+01 2.021110e+01 -5.916384e+00
    endloop
  endfacet
  facet normal -2.093960e-17 9.718116e-01 -2.357589e-01
    outer loop
      vertex   -6.690689e+01 2.021110e+01 -5.916384e+00
      vertex   -2.690689e+01 2.068225e+01 -3.974276e+00
      vertex   -2.690689e+01 2.021110e+01 -5.916384e+00
    endloop
  endfacet
  facet normal -2.904947e-17 9.450008e-01 -3.270680e-01
    outer loop
      vertex   -6.690689e+01 2.021110e+01 -5.916384e+00
      vertex   -2.690689e+01 2.021110e+01 -5.916384e+00
      vertex   -6.690689e+01 1.955748e+01 -7.804912e+00
    endloop
  endfacet
  facet normal 6.940820e-17 9.450008e-01 -3.270680e-01
    outer loop
      vertex   -6.690689e+01 1.955748e+01 -7.804912e+00
      vertex   -2.690689e+01 2.021110e+01 -5.916384e+00
      vertex   -2.690689e+01 1.955748e+01 -7.804912e+00
    endloop
  endfacet
  facet normal 6.234342e-17 9.096320e-01 -4.154150e-01
    outer loop
      vertex   -6.690689e+01 1.955748e+01 -7.804912e+00
      vertex   -2.690689e+01 1.955748e+01 -7.804912e+00
      vertex   -6.690689e+01 1.872729e+01 -9.622757e+00
    endloop
  endfacet
  facet normal 0.000000e+00 9.096320e-01 -4.154150e-01
    outer loop
      vertex   -6.690689e+01 1.872729e+01 -9.622757e+00
      vertex   -2.690689e+01 1.955748e+01 -7.804912e+00
      vertex   -2.690689e+01 1.872729e+01 -9.622757e+00
    endloop
  endfacet
  facet normal 0.000000e+00 8.660254e-01 -5.000000e-01
    outer loop
      vertex   -6.690689e+01 1.872729e+01 -9.622757e+00
      vertex   -2.690689e+01 1.872729e+01 -9.622757e+00
      vertex   -6.690689e+01 1.772807e+01 -1.135346e+01
    endloop
  endfacet
  facet normal 5.471405e-17 8.660254e-01 -5.000000e-01
    outer loop
      vertex   -6.690689e+01 1.772807e+01 -1.135346e+01
      vertex   -2.690689e+01 1.872729e+01 -9.622757e+00
      vertex   -2.690689e+01 1.772807e+01 -1.135346e+01
    endloop
  endfacet
  facet normal 4.658918e-17 8.145760e-01 -5.800569e-01
    outer loop
      vertex   -6.690689e+01 1.772807e+01 -1.135346e+01
      vertex   -2.690689e+01 1.772807e+01 -1.135346e+01
      vertex   -6.690689e+01 1.656886e+01 -1.298134e+01
    endloop
  endfacet
  facet normal 4.658918e-17 8.145760e-01 -5.800569e-01
    outer loop
      vertex   -6.690689e+01 1.656886e+01 -1.298134e+01
      vertex   -2.690689e+01 1.772807e+01 -1.135346e+01
      vertex   -2.690689e+01 1.656886e+01 -1.298134e+01
    endloop
  endfacet
  facet normal 3.804239e-17 7.557496e-01 -6.548607e-01
    outer loop
      vertex   -6.690689e+01 1.656886e+01 -1.298134e+01
      vertex   -2.690689e+01 1.656886e+01 -1.298134e+01
      vertex   -6.690689e+01 1.526016e+01 -1.449166e+01
    endloop
  endfacet
  facet normal 0.000000e+00 7.557496e-01 -6.548607e-01
    outer loop
      vertex   -6.690689e+01 1.526016e+01 -1.449166e+01
      vertex   -2.690689e+01 1.656886e+01 -1.298134e+01
      vertex   -2.690689e+01 1.526016e+01 -1.449166e+01
    endloop
  endfacet
  facet normal 0.000000e+00 6.900790e-01 -7.237340e-01
    outer loop
      vertex   -6.690689e+01 1.526016e+01 -1.449166e+01
      vertex   -2.690689e+01 1.526016e+01 -1.449166e+01
      vertex   -6.690689e+01 1.381382e+01 -1.587074e+01
    endloop
  endfacet
  facet normal -3.888813e-17 7.557496e-01 6.548607e-01
    outer loop
      vertex   5.309311e+01 1.526016e+01 1.449166e+01
      vertex   5.309311e+01 1.656886e+01 1.298134e+01
      vertex   1.309311e+01 1.656886e+01 1.298134e+01
    endloop
  endfacet
  facet normal -4.658918e-17 8.145760e-01 5.800569e-01
    outer loop
      vertex   1.309311e+01 1.656886e+01 1.298134e+01
      vertex   5.309311e+01 1.656886e+01 1.298134e+01
      vertex   1.309311e+01 1.772807e+01 1.135346e+01
    endloop
  endfacet
  facet normal -2.222179e-17 8.145760e-01 5.800569e-01
    outer loop
      vertex   1.309311e+01 1.656886e+01 1.298134e+01
      vertex   1.309311e+01 1.772807e+01 1.135346e+01
      vertex   -2.690689e+01 1.772807e+01 1.135346e+01
    endloop
  endfacet
  facet normal -3.250959e-17 8.660254e-01 5.000000e-01
    outer loop
      vertex   -2.690689e+01 1.772807e+01 1.135346e+01
      vertex   1.309311e+01 1.772807e+01 1.135346e+01
      vertex   -2.690689e+01 1.872729e+01 9.622757e+00
    endloop
  endfacet
  facet normal 0.000000e+00 8.145760e-01 5.800569e-01
    outer loop
      vertex   5.309311e+01 1.656886e+01 1.298134e+01
      vertex   5.309311e+01 1.772807e+01 1.135346e+01
      vertex   1.309311e+01 1.772807e+01 1.135346e+01
    endloop
  endfacet
  facet normal -0.000000e+00 8.660254e-01 5.000000e-01
    outer loop
      vertex   1.309311e+01 1.772807e+01 1.135346e+01
      vertex   5.309311e+01 1.772807e+01 1.135346e+01
      vertex   1.309311e+01 1.872729e+01 9.622757e+00
    endloop
  endfacet
  facet normal 0.000000e+00 8.660254e-01 5.000000e-01
    outer loop
      vertex   1.309311e+01 1.772807e+01 1.135346e+01
      vertex   1.309311e+01 1.872729e+01 9.622757e+00
      vertex   -2.690689e+01 1.872729e+01 9.622757e+00
    endloop
  endfacet
  facet normal -0.000000e+00 9.096320e-01 4.154150e-01
    outer loop
      vertex   -2.690689e+01 1.872729e+01 9.622757e+00
      vertex   1.309311e+01 1.872729e+01 9.622757e+00
      vertex   -2.690689e+01 1.955748e+01 7.804912e+00
    endloop
  endfacet
  facet normal 0.000000e+00 8.660254e-01 5.000000e-01
    outer loop
      vertex   5.309311e+01 1.772807e+01 1.135346e+01
      vertex   5.309311e+01 1.872729e+01 9.622757e+00
      vertex   1.309311e+01 1.872729e+01 9.622757e+00
    endloop
  endfacet
  facet normal -0.000000e+00 9.096320e-01 4.154150e-01
    outer loop
      vertex   1.309311e+01 1.872729e+01 9.622757e+00
      vertex   5.309311e+01 1.872729e+01 9.622757e+00
      vertex   1.309311e+01 1.955748e+01 7.804912e+00
    endloop
  endfacet
  facet normal 0.000000e+00 9.096320e-01 4.154150e-01
    outer loop
      vertex   1.309311e+01 1.872729e+01 9.622757e+00
      vertex   1.309311e+01 1.955748e+01 7.804912e+00
      vertex   -2.690689e+01 1.955748e+01 7.804912e+00
    endloop
  endfacet
  facet normal -0.000000e+00 9.450008e-01 3.270680e-01
    outer loop
      vertex   -2.690689e+01 1.955748e+01 7.804912e+00
      vertex   1.309311e+01 1.955748e+01 7.804912e+00
      vertex   -2.690689e+01 2.021110e+01 5.916384e+00
    endloop
  endfacet
  facet normal -6.388764e-17 9.096320e-01 4.154150e-01
    outer loop
      vertex   5.309311e+01 1.872729e+01 9.622757e+00
      vertex   5.309311e+01 1.955748e+01 7.804912e+00
      vertex   1.309311e+01 1.955748e+01 7.804912e+00
    endloop
  endfacet
  facet normal -6.940820e-17 9.450008e-01 3.270680e-01
    outer loop
      vertex   1.309311e+01 1.955748e+01 7.804912e+00
      vertex   5.309311e+01 1.955748e+01 7.804912e+00
      vertex   1.309311e+01 2.021110e+01 5.916384e+00
    endloop
  endfacet
  facet normal 1.388862e-17 9.450008e-01 3.270680e-01
    outer loop
      vertex   1.309311e+01 1.955748e+01 7.804912e+00
      vertex   1.309311e+01 2.021110e+01 5.916384e+00
      vertex   -2.690689e+01 2.021110e+01 5.916384e+00
    endloop
  endfacet
  facet normal 1.046980e-17 9.718116e-01 2.357589e-01
    outer loop
      vertex   -2.690689e+01 2.021110e+01 5.916384e+00
      vertex   1.309311e+01 2.021110e+01 5.916384e+00
      vertex   -2.690689e+01 2.068225e+01 3.974276e+00
    endloop
  endfacet
  facet normal 2.777724e-17 9.450008e-01 3.270680e-01
    outer loop
      vertex   5.309311e+01 1.955748e+01 7.804912e+00
      vertex   5.309311e+01 2.021110e+01 5.916384e+00
      vertex   1.309311e+01 2.021110e+01 5.916384e+00
    endloop
  endfacet
  facet normal 2.093960e-17 9.718116e-01 2.357589e-01
    outer loop
      vertex   1.309311e+01 2.021110e+01 5.916384e+00
      vertex   5.309311e+01 2.021110e+01 5.916384e+00
      vertex   1.309311e+01 2.068225e+01 3.974276e+00
    endloop
  endfacet
  facet normal 1.527748e-17 9.718116e-01 2.357589e-01
    outer loop
      vertex   1.309311e+01 2.021110e+01 5.916384e+00
      vertex   1.309311e+01 2.068225e+01 3.974276e+00
      vertex   -2.690689e+01 2.068225e+01 3.974276e+00
    endloop
  endfacet
  facet normal 9.480073e-18 9.898214e-01 1.423148e-01
    outer loop
      vertex   -2.690689e+01 2.068225e+01 3.974276e+00
      vertex   1.309311e+01 2.068225e+01 3.974276e+00
      vertex   -2.690689e+01 2.096666e+01 1.996177e+00
    endloop
  endfacet
  facet normal 1.527748e-17 9.718116e-01 2.357589e-01
    outer loop
      vertex   5.309311e+01 2.021110e+01 5.916384e+00
      vertex   5.309311e+01 2.068225e+01 3.974276e+00
      vertex   1.309311e+01 2.068225e+01 3.974276e+00
    endloop
  endfacet
  facet normal 9.480073e-18 9.898214e-01 1.423148e-01
    outer loop
      vertex   1.309311e+01 2.068225e+01 3.974276e+00
      vertex   5.309311e+01 2.068225e+01 3.974276e+00
      vertex   1.309311e+01 2.096666e+01 1.996177e+00
    endloop
  endfacet
  facet normal 0.000000e+00 9.898214e-01 1.423148e-01
    outer loop
      vertex   1.309311e+01 2.068225e+01 3.974276e+00
      vertex   1.309311e+01 2.096666e+01 1.996177e+00
      vertex   -2.690689e+01 2.096666e+01 1.996177e+00
    endloop
  endfacet
  facet normal -0.000000e+00 9.988673e-01 4.758192e-02
    outer loop
      vertex   -2.690689e+01 2.096666e+01 1.996177e+00
      vertex   1.309311e+01 2.096666e+01 1.996177e+00
      vertex   -2.690689e+01 2.106175e+01 4.440892e-15
    endloop
  endfacet
  facet normal 0.000000e+00 9.898214e-01 1.423148e-01
    outer loop
      vertex   5.309311e+01 2.068225e+01 3.974276e+00
      vertex   5.309311e+01 2.096666e+01 1.996177e+00
      vertex   1.309311e+01 2.096666e+01 1.996177e+00
    endloop
  endfacet
  facet normal -0.000000e+00 9.988673e-01 4.758192e-02
    outer loop
      vertex   1.309311e+01 2.096666e+01 1.996177e+00
      vertex   5.309311e+01 2.096666e+01 1.996177e+00
      vertex   1.309311e+01 2.106175e+01 4.440892e-15
    endloop
  endfacet
  facet normal 0.000000e+00 9.988673e-01 4.758192e-02
    outer loop
      vertex   1.309311e+01 2.096666e+01 1.996177e+00
      vertex   1.309311e+01 2.106175e+01 4.440892e-15
      vertex   -2.690689e+01 2.106175e+01 4.440892e-15
    endloop
  endfacet
  facet normal 0.000000e+00 9.988673e-01 -4.758192e-02
    outer loop
      vertex   -2.690689e+01 2.106175e+01 4.440892e-15
      vertex   1.309311e+01 2.106175e+01 4.440892e-15
      vertex   -2.690689e+01 2.096666e+01 -1.996177e+00
    endloop
  endfacet
  facet normal 0.000000e+00 9.988673e-01 4.758192e-02
    outer loop
      vertex   5.309311e+01 2.096666e+01 1.996177e+00
      vertex   5.309311e+01 2.106175e+01 4.440892e-15
      vertex   1.309311e+01 2.106175e+01 4.440892e-15
    endloop
  endfacet
  facet normal 0.000000e+00 9.988673e-01 -4.758192e-02
    outer loop
      vertex   1.309311e+01 2.106175e+01 4.440892e-15
      vertex   5.309311e+01 2.106175e+01 4.440892e-15
      vertex   1.309311e+01 2.096666e+01 -1.996177e+00
    endloop
  endfacet
  facet normal 0.000000e+00 9.988673e-01 -4.758192e-02
    outer loop
      vertex   1.309311e+01 2.106175e+01 4.440892e-15
      vertex   1.309311e+01 2.096666e+01 -1.996177e+00
      vertex   -2.690689e+01 2.096666e+01 -1.996177e+00
    endloop
  endfacet
  facet normal 0.000000e+00 9.898214e-01 -1.423148e-01
    outer loop
      vertex   -2.690689e+01 2.096666e+01 -1.996177e+00
      vertex   1.309311e+01 2.096666e+01 -1.996177e+00
      vertex   -2.690689e+01 2.068225e+01 -3.974276e+00
    endloop
  endfacet
  facet normal 0.000000e+00 9.988673e-01 -4.758192e-02
    outer loop
      vertex   5.309311e+01 2.106175e+01 4.440892e-15
      vertex   5.309311e+01 2.096666e+01 -1.996177e+00
      vertex   1.309311e+01 2.096666e+01 -1.996177e+00
    endloop
  endfacet
  facet normal 0.000000e+00 9.898214e-01 -1.423148e-01
    outer loop
      vertex   1.309311e+01 2.096666e+01 -1.996177e+00
      vertex   5.309311e+01 2.096666e+01 -1.996177e+00
      vertex   1.309311e+01 2.068225e+01 -3.974276e+00
    endloop
  endfacet
  facet normal -9.722032e-18 9.898214e-01 -1.423148e-01
    outer loop
      vertex   1.309311e+01 2.096666e+01 -1.996177e+00
      vertex   1.309311e+01 2.068225e+01 -3.974276e+00
      vertex   -2.690689e+01 2.068225e+01 -3.974276e+00
    endloop
  endfacet
  facet normal -1.570470e-17 9.718116e-01 -2.357589e-01
    outer loop
      vertex   -2.690689e+01 2.068225e+01 -3.974276e+00
      vertex   1.309311e+01 2.068225e+01 -3.974276e+00
      vertex   -2.690689e+01 2.021110e+01 -5.916384e+00
    endloop
  endfacet
  facet normal -1.249976e-17 9.898214e-01 -1.423148e-01
    outer loop
      vertex   5.309311e+01 2.096666e+01 -1.996177e+00
      vertex   5.309311e+01 2.068225e+01 -3.974276e+00
      vertex   1.309311e+01 2.068225e+01 -3.974276e+00
    endloop
  endfacet
  facet normal -2.093960e-17 9.718116e-01 -2.357589e-01
    outer loop
      vertex   1.309311e+01 2.068225e+01 -3.974276e+00
      vertex   5.309311e+01 2.068225e+01 -3.974276e+00
      vertex   1.309311e+01 2.021110e+01 -5.916384e+00
    endloop
  endfacet
  facet normal -9.722032e-18 9.718116e-01 -2.357589e-01
    outer loop
      vertex   1.309311e+01 2.068225e+01 -3.974276e+00
      vertex   1.309311e+01 2.021110e+01 -5.916384e+00
      vertex   -2.690689e+01 2.021110e+01 -5.916384e+00
    endloop
  endfacet
  facet normal -1.452474e-17 9.450008e-01 -3.270680e-01
    outer loop
      vertex   -2.690689e+01 2.021110e+01 -5.916384e+00
      vertex   1.309311e+01 2.021110e+01 -5.916384e+00
      vertex   -2.690689e+01 1.955748e+01 -7.804912e+00
    endloop
  endfacet
  facet normal -2.638837e-17 9.718116e-01 -2.357589e-01
    outer loop
      vertex   5.309311e+01 2.068225e+01 -3.974276e+00
      vertex   5.309311e+01 2.021110e+01 -5.916384e+00
      vertex   1.309311e+01 2.021110e+01 -5.916384e+00
    endloop
  endfacet
  facet normal -3.631184e-17 9.450008e-01 -3.270680e-01
    outer loop
      vertex   1.309311e+01 2.021110e+01 -5.916384e+00
      vertex   5.309311e+01 2.021110e+01 -5.916384e+00
      vertex   1.309311e+01 1.955748e+01 -7.804912e+00
    endloop
  endfacet
  facet normal 0.000000e+00 9.450008e-01 -3.270680e-01
    outer loop
      vertex   1.309311e+01 2.021110e+01 -5.916384e+00
      vertex   1.309311e+01 1.955748e+01 -7.804912e+00
      vertex   -2.690689e+01 1.955748e+01 -7.804912e+00
    endloop
  endfacet
  facet normal 0.000000e+00 9.096320e-01 -4.154150e-01
    outer loop
      vertex   -2.690689e+01 1.955748e+01 -7.804912e+00
      vertex   1.309311e+01 1.955748e+01 -7.804912e+00
      vertex   -2.690689e+01 1.872729e+01 -9.622757e+00
    endloop
  endfacet
  facet normal -6.944309e-17 9.450008e-01 -3.270680e-01
    outer loop
      vertex   5.309311e+01 2.021110e+01 -5.916384e+00
      vertex   5.309311e+01 1.955748e+01 -7.804912e+00
      vertex   1.309311e+01 1.955748e+01 -7.804912e+00
    endloop
  endfacet
  facet normal -6.234342e-17 9.096320e-01 -4.154150e-01
    outer loop
      vertex   1.309311e+01 1.955748e+01 -7.804912e+00
      vertex   5.309311e+01 1.955748e+01 -7.804912e+00
      vertex   1.309311e+01 1.872729e+01 -9.622757e+00
    endloop
  endfacet
  facet normal 0.000000e+00 9.096320e-01 -4.154150e-01
    outer loop
      vertex   1.309311e+01 1.955748e+01 -7.804912e+00
      vertex   1.309311e+01 1.872729e+01 -9.622757e+00
      vertex   -2.690689e+01 1.872729e+01 -9.622757e+00
    endloop
  endfacet
  facet normal 0.000000e+00 8.660254e-01 -5.000000e-01
    outer loop
      vertex   -2.690689e+01 1.872729e+01 -9.622757e+00
      vertex   1.309311e+01 1.872729e+01 -9.622757e+00
      vertex   -2.690689e+01 1.772807e+01 -1.135346e+01
    endloop
  endfacet
  facet normal 0.000000e+00 9.096320e-01 -4.154150e-01
    outer loop
      vertex   5.309311e+01 1.955748e+01 -7.804912e+00
      vertex   5.309311e+01 1.872729e+01 -9.622757e+00
      vertex   1.309311e+01 1.872729e+01 -9.622757e+00
    endloop
  endfacet
  facet normal 0.000000e+00 8.660254e-01 -5.000000e-01
    outer loop
      vertex   1.309311e+01 1.872729e+01 -9.622757e+00
      vertex   5.309311e+01 1.872729e+01 -9.622757e+00
      vertex   1.309311e+01 1.772807e+01 -1.135346e+01
    endloop
  endfacet
  facet normal -4.444358e-17 8.660254e-01 -5.000000e-01
    outer loop
      vertex   1.309311e+01 1.872729e+01 -9.622757e+00
      vertex   1.309311e+01 1.772807e+01 -1.135346e+01
      vertex   -2.690689e+01 1.772807e+01 -1.135346e+01
    endloop
  endfacet
  facet normal -5.151940e-17 8.145760e-01 -5.800569e-01
    outer loop
      vertex   -2.690689e+01 1.772807e+01 -1.135346e+01
      vertex   1.309311e+01 1.772807e+01 -1.135346e+01
      vertex   -2.690689e+01 1.656886e+01 -1.298134e+01
    endloop
  endfacet
  facet normal -2.222179e-17 8.660254e-01 -5.000000e-01
    outer loop
      vertex   5.309311e+01 1.872729e+01 -9.622757e+00
      vertex   5.309311e+01 1.772807e+01 -1.135346e+01
      vertex   1.309311e+01 1.772807e+01 -1.135346e+01
    endloop
  endfacet
  facet normal -2.575970e-17 8.145760e-01 -5.800569e-01
    outer loop
      vertex   1.309311e+01 1.772807e+01 -1.135346e+01
      vertex   5.309311e+01 1.772807e+01 -1.135346e+01
      vertex   1.309311e+01 1.656886e+01 -1.298134e+01
    endloop
  endfacet
  facet normal 4.444358e-17 8.145760e-01 -5.800569e-01
    outer loop
      vertex   1.309311e+01 1.772807e+01 -1.135346e+01
      vertex   1.309311e+01 1.656886e+01 -1.298134e+01
      vertex   -2.690689e+01 1.656886e+01 -1.298134e+01
    endloop
  endfacet
  facet normal 3.804239e-17 7.557496e-01 -6.548607e-01
    outer loop
      vertex   -2.690689e+01 1.656886e+01 -1.298134e+01
      vertex   1.309311e+01 1.656886e+01 -1.298134e+01
      vertex   -2.690689e+01 1.526016e+01 -1.449166e+01
    endloop
  endfacet
  facet normal -2.777724e-17 8.145760e-01 -5.800569e-01
    outer loop
      vertex   5.309311e+01 1.772807e+01 -1.135346e+01
      vertex   5.309311e+01 1.656886e+01 -1.298134e+01
      vertex   1.309311e+01 1.656886e+01 -1.298134e+01
    endloop
  endfacet
  facet normal -2.908166e-17 7.557496e-01 -6.548607e-01
    outer loop
      vertex   1.309311e+01 1.656886e+01 -1.298134e+01
      vertex   5.309311e+01 1.656886e+01 -1.298134e+01
      vertex   1.309311e+01 1.526016e+01 -1.449166e+01
    endloop
  endfacet
  facet normal 0.000000e+00 7.557496e-01 -6.548607e-01
    outer loop
      vertex   1.309311e+01 1.656886e+01 -1.298134e+01
      vertex   1.309311e+01 1.526016e+01 -1.449166e+01
      vertex   -2.690689e+01 1.526016e+01 -1.449166e+01
    endloop
  endfacet
  facet normal 0.000000e+00 7.203137e-01 -6.936485e-01
    outer loop
      vertex   -2.690689e+01 1.526016e+01 -1.449166e+01
      vertex   1.309311e+01 1.526016e+01 -1.449166e+01
      vertex   1.309311e+01 1.511614e+01 -1.464122e+01
    endloop
  endfacet
  facet normal 0.000000e+00 7.557496e-01 -6.548607e-01
    outer loop
      vertex   5.309311e+01 1.656886e+01 -1.298134e+01
      vertex   5.309311e+01 1.526016e+01 -1.449166e+01
      vertex   1.309311e+01 1.526016e+01 -1.449166e+01
    endloop
  endfacet
  facet normal 0.000000e+00 7.203137e-01 -6.936485e-01
    outer loop
      vertex   1.309311e+01 1.526016e+01 -1.449166e+01
      vertex   5.309311e+01 1.526016e+01 -1.449166e+01
      vertex   1.309311e+01 1.511614e+01 -1.464122e+01
    endloop
  endfacet
  facet normal 2.213550e-04 6.900790e-01 -7.237340e-01
    outer loop
      vertex   5.309311e+01 1.526016e+01 -1.449166e+01
      vertex   5.309311e+01 1.381382e+01 -1.587074e+01
      vertex   1.309311e+01 1.511614e+01 -1.464122e+01
    endloop
  endfacet
  facet normal 0.000000e+00 6.864927e-01 -7.271367e-01
    outer loop
      vertex   1.309311e+01 1.511614e+01 -1.464122e+01
      vertex   5.309311e+01 1.381382e+01 -1.587074e+01
      vertex   1.309311e+01 1.381382e+01 -1.587074e+01
    endloop
  endfacet
  facet normal 0.000000e+00 -9.988673e-01 -4.758192e-02
    outer loop
      vertex   -6.690689e+01 -2.084316e+01 -1.996177e+00
      vertex   -2.690689e+01 -2.084316e+01 -1.996177e+00
      vertex   -6.690689e+01 -2.093825e+01 4.440892e-15
    endloop
  endfacet
  facet normal -3.059230e-18 -9.988673e-01 -4.758192e-02
    outer loop
      vertex   -6.690689e+01 -2.093825e+01 4.440892e-15
      vertex   -2.690689e+01 -2.084316e+01 -1.996177e+00
      vertex   -2.690689e+01 -2.093825e+01 1.869134e-15
    endloop
  endfacet
  facet normal 3.059230e-18 -9.988673e-01 4.758192e-02
    outer loop
      vertex   -6.690689e+01 -2.093825e+01 4.440892e-15
      vertex   -2.690689e+01 -2.093825e+01 1.869134e-15
      vertex   -6.690689e+01 -2.084316e+01 1.996177e+00
    endloop
  endfacet
  facet normal -1.135771e-17 -9.988673e-01 4.758192e-02
    outer loop
      vertex   -6.690689e+01 -2.084316e+01 1.996177e+00
      vertex   -2.690689e+01 -2.093825e+01 1.869134e-15
      vertex   -2.690689e+01 -2.084316e+01 1.996177e+00
    endloop
  endfacet
  facet normal -3.397026e-17 -9.898214e-01 1.423148e-01
    outer loop
      vertex   -6.690689e+01 -2.084316e+01 1.996177e+00
      vertex   -2.690689e+01 -2.084316e+01 1.996177e+00
      vertex   -6.690689e+01 -2.055875e+01 3.974276e+00
    endloop
  endfacet
  facet normal 0.000000e+00 -9.898214e-01 1.423148e-01
    outer loop
      vertex   -6.690689e+01 -2.055875e+01 3.974276e+00
      vertex   -2.690689e+01 -2.084316e+01 1.996177e+00
      vertex   -2.690689e+01 -2.055875e+01 3.974276e+00
    endloop
  endfacet
  facet normal 0.000000e+00 -9.718116e-01 2.357589e-01
    outer loop
      vertex   -6.690689e+01 -2.055875e+01 3.974276e+00
      vertex   -2.690689e+01 -2.055875e+01 3.974276e+00
      vertex   -6.690689e+01 -2.008760e+01 5.916384e+00
    endloop
  endfacet
  facet normal 0.000000e+00 -9.718116e-01 2.357589e-01
    outer loop
      vertex   -6.690689e+01 -2.008760e+01 5.916384e+00
      vertex   -2.690689e+01 -2.055875e+01 3.974276e+00
      vertex   -2.690689e+01 -2.008760e+01 5.916384e+00
    endloop
  endfacet
  facet normal 0.000000e+00 -9.450008e-01 3.270680e-01
    outer loop
      vertex   -6.690689e+01 -2.008760e+01 5.916384e+00
      vertex   -2.690689e+01 -2.008760e+01 5.916384e+00
      vertex   -6.690689e+01 -1.943398e+01 7.804912e+00
    endloop
  endfacet
  facet normal 1.857162e-17 -9.450008e-01 3.270680e-01
    outer loop
      vertex   -6.690689e+01 -1.943398e+01 7.804912e+00
      vertex   -2.690689e+01 -2.008760e+01 5.916384e+00
      vertex   -2.690689e+01 -1.943398e+01 7.804912e+00
    endloop
  endfacet
  facet normal -2.225045e-18 -9.096320e-01 4.154150e-01
    outer loop
      vertex   -6.690689e+01 -1.943398e+01 7.804912e+00
      vertex   -2.690689e+01 -1.943398e+01 7.804912e+00
      vertex   -6.690689e+01 -1.860379e+01 9.622757e+00
    endloop
  endfacet
  facet normal 0.000000e+00 -9.096320e-01 4.154150e-01
    outer loop
      vertex   -6.690689e+01 -1.860379e+01 9.622757e+00
      vertex   -2.690689e+01 -1.943398e+01 7.804912e+00
      vertex   -2.690689e+01 -1.860379e+01 9.622757e+00
    endloop
  endfacet
  facet normal 0.000000e+00 -8.660254e-01 5.000000e-01
    outer loop
      vertex   -6.690689e+01 -1.860379e+01 9.622757e+00
      vertex   -2.690689e+01 -1.860379e+01 9.622757e+00
      vertex   -6.690689e+01 -1.760457e+01 1.135346e+01
    endloop
  endfacet
  facet normal 6.501917e-17 -8.660254e-01 5.000000e-01
    outer loop
      vertex   -6.690689e+01 -1.760457e+01 1.135346e+01
      vertex   -2.690689e+01 -1.860379e+01 9.622757e+00
      vertex   -2.690689e+01 -1.760457e+01 1.135346e+01
    endloop
  endfacet
  facet normal 4.165895e-17 -8.145760e-01 5.800569e-01
    outer loop
      vertex   -6.690689e+01 -1.760457e+01 1.135346e+01
      vertex   -2.690689e+01 -1.760457e+01 1.135346e+01
      vertex   -6.690689e+01 -1.644537e+01 1.298134e+01
    endloop
  endfacet
  facet normal 0.000000e+00 -8.145760e-01 5.800569e-01
    outer loop
      vertex   -6.690689e+01 -1.644537e+01 1.298134e+01
      vertex   -2.690689e+01 -1.760457e+01 1.135346e+01
      vertex   -2.690689e+01 -1.644537e+01 1.298134e+01
    endloop
  endfacet
  facet normal 0.000000e+00 -7.557496e-01 6.548607e-01
    outer loop
      vertex   -6.690689e+01 -1.644537e+01 1.298134e+01
      vertex   -2.690689e+01 -1.644537e+01 1.298134e+01
      vertex   -6.690689e+01 -1.513667e+01 1.449166e+01
    endloop
  endfacet
  facet normal 0.000000e+00 -7.557496e-01 6.548607e-01
    outer loop
      vertex   -6.690689e+01 -1.513667e+01 1.449166e+01
      vertex   -2.690689e+01 -1.644537e+01 1.298134e+01
      vertex   -2.690689e+01 -1.513667e+01 1.449166e+01
    endloop
  endfacet
  facet normal 0.000000e+00 -6.900790e-01 7.237340e-01
    outer loop
      vertex   -6.690689e+01 -1.513667e+01 1.449166e+01
      vertex   -2.690689e+01 -1.513667e+01 1.449166e+01
      vertex   -6.690689e+01 -1.369033e+01 1.587074e+01
    endloop
  endfacet
  facet normal 0.000000e+00 -6.900790e-01 7.237340e-01
    outer loop
      vertex   -6.690689e+01 -1.369033e+01 1.587074e+01
      vertex   -2.690689e+01 -1.513667e+01 1.449166e+01
      vertex   -2.690689e+01 -1.369033e+01 1.587074e+01
    endloop
  endfacet
  facet normal 0.000000e+00 -6.181590e-01 7.860531e-01
    outer loop
      vertex   -6.690689e+01 -1.369033e+01 1.587074e+01
      vertex   -2.690689e+01 -1.369033e+01 1.587074e+01
      vertex   -6.690689e+01 -1.211945e+01 1.710609e+01
    endloop
  endfacet
  facet normal 0.000000e+00 -6.181590e-01 7.860531e-01
    outer loop
      vertex   -6.690689e+01 -1.211945e+01 1.710609e+01
      vertex   -2.690689e+01 -1.369033e+01 1.587074e+01
      vertex   -2.690689e+01 -1.211945e+01 1.710609e+01
    endloop
  endfacet
  facet normal 0.000000e+00 -5.406408e-01 8.412535e-01
    outer loop
      vertex   -6.690689e+01 -1.211945e+01 1.710609e+01
      vertex   -2.690689e+01 -1.211945e+01 1.710609e+01
      vertex   -6.690689e+01 -1.043825e+01 1.818653e+01
    endloop
  endfacet
  facet normal 0.000000e+00 -5.406408e-01 8.412535e-01
    outer loop
      vertex   -6.690689e+01 -1.043825e+01 1.818653e+01
      vertex   -2.690689e+01 -1.211945e+01 1.710609e+01
      vertex   -2.690689e+01 -1.043825e+01 1.818653e+01
    endloop
  endfacet
  facet normal 0.000000e+00 -4.582265e-01 8.888354e-01
    outer loop
      vertex   -6.690689e+01 -1.043825e+01 1.818653e+01
      vertex   -2.690689e+01 -1.043825e+01 1.818653e+01
      vertex   -6.690689e+01 -8.661966e+00 1.910227e+01
    endloop
  endfacet
  facet normal 0.000000e+00 -4.582265e-01 8.888354e-01
    outer loop
      vertex   -6.690689e+01 -8.661966e+00 1.910227e+01
      vertex   -2.690689e+01 -1.043825e+01 1.818653e+01
      vertex   -2.690689e+01 -8.661966e+00 1.910227e+01
    endloop
  endfacet
  facet normal 0.000000e+00 -3.716625e-01 9.283679e-01
    outer loop
      vertex   -6.690689e+01 -8.661966e+00 1.910227e+01
      vertex   -2.690689e+01 -8.661966e+00 1.910227e+01
      vertex   -6.690689e+01 -6.806678e+00 1.984502e+01
    endloop
  endfacet
  facet normal 0.000000e+00 -3.716625e-01 9.283679e-01
    outer loop
      vertex   -6.690689e+01 -6.806678e+00 1.984502e+01
      vertex   -2.690689e+01 -8.661966e+00 1.910227e+01
      vertex   -2.690689e+01 -6.806678e+00 1.984502e+01
    endloop
  endfacet
  facet normal 0.000000e+00 -2.817326e-01 9.594930e-01
    outer loop
      vertex   -6.690689e+01 -6.806678e+00 1.984502e+01
      vertex   -2.690689e+01 -6.806678e+00 1.984502e+01
      vertex   -6.690689e+01 -4.889188e+00 2.040804e+01
    endloop
  endfacet
  facet normal 0.000000e+00 -2.817326e-01 9.594930e-01
    outer loop
      vertex   -6.690689e+01 -4.889188e+00 2.040804e+01
      vertex   -2.690689e+01 -6.806678e+00 1.984502e+01
      vertex   -2.690689e+01 -4.889188e+00 2.040804e+01
    endloop
  endfacet
  facet normal 0.000000e+00 -1.893698e-01 9.819058e-01
    outer loop
      vertex   -6.690689e+01 -4.889188e+00 2.040804e+01
      vertex   -2.690689e+01 -4.889188e+00 2.040804e+01
      vertex   -2.690689e+01 -2.931883e+00 2.078553e+01
    endloop
  endfacet
  facet normal -0.000000e+00 -9.898214e-01 -1.423148e-01
    outer loop
      vertex   -2.690689e+01 -2.084316e+01 -1.996177e+00
      vertex   -6.690689e+01 -2.084316e+01 -1.996177e+00
      vertex   -2.690689e+01 -2.055875e+01 -3.974276e+00
    endloop
  endfacet
  facet normal -0.000000e+00 -9.898214e-01 -1.423148e-01
    outer loop
      vertex   -2.690689e+01 -2.055875e+01 -3.974276e+00
      vertex   -6.690689e+01 -2.084316e+01 -1.996177e+00
      vertex   -6.690689e+01 -2.055875e+01 -3.974276e+00
    endloop
  endfacet
  facet normal -0.000000e+00 -9.718116e-01 -2.357589e-01
    outer loop
      vertex   -2.690689e+01 -2.055875e+01 -3.974276e+00
      vertex   -6.690689e+01 -2.055875e+01 -3.974276e+00
      vertex   -2.690689e+01 -2.008760e+01 -5.916384e+00
    endloop
  endfacet
  facet normal -0.000000e+00 -9.718116e-01 -2.357589e-01
    outer loop
      vertex   -2.690689e+01 -2.008760e+01 -5.916384e+00
      vertex   -6.690689e+01 -2.055875e+01 -3.974276e+00
      vertex   -6.690689e+01 -2.008760e+01 -5.916384e+00
    endloop
  endfacet
  facet normal -0.000000e+00 -9.450008e-01 -3.270680e-01
    outer loop
      vertex   -2.690689e+01 -2.008760e+01 -5.916384e+00
      vertex   -6.690689e+01 -2.008760e+01 -5.916384e+00
      vertex   -2.690689e+01 -1.943398e+01 -7.804912e+00
    endloop
  endfacet
  facet normal -0.000000e+00 -9.450008e-01 -3.270680e-01
    outer loop
      vertex   -2.690689e+01 -1.943398e+01 -7.804912e+00
      vertex   -6.690689e+01 -2.008760e+01 -5.916384e+00
      vertex   -6.690689e+01 -1.943398e+01 -7.804912e+00
    endloop
  endfacet
  facet normal -0.000000e+00 -9.096320e-01 -4.154150e-01
    outer loop
      vertex   -2.690689e+01 -1.943398e+01 -7.804912e+00
      vertex   -6.690689e+01 -1.943398e+01 -7.804912e+00
      vertex   -2.690689e+01 -1.860379e+01 -9.622757e+00
    endloop
  endfacet
  facet normal -0.000000e+00 -9.096320e-01 -4.154150e-01
    outer loop
      vertex   -2.690689e+01 -1.860379e+01 -9.622757e+00
      vertex   -6.690689e+01 -1.943398e+01 -7.804912e+00
      vertex   -6.690689e+01 -1.860379e+01 -9.622757e+00
    endloop
  endfacet
  facet normal -0.000000e+00 -8.660254e-01 -5.000000e-01
    outer loop
      vertex   -2.690689e+01 -1.860379e+01 -9.622757e+00
      vertex   -6.690689e+01 -1.860379e+01 -9.622757e+00
      vertex   -2.690689e+01 -1.760457e+01 -1.135346e+01
    endloop
  endfacet
  facet normal -0.000000e+00 -8.660254e-01 -5.000000e-01
    outer loop
      vertex   -2.690689e+01 -1.760457e+01 -1.135346e+01
      vertex   -6.690689e+01 -1.860379e+01 -9.622757e+00
      vertex   -6.690689e+01 -1.760457e+01 -1.135346e+01
    endloop
  endfacet
  facet normal -0.000000e+00 -8.145760e-01 -5.800569e-01
    outer loop
      vertex   -2.690689e+01 -1.760457e+01 -1.135346e+01
      vertex   -6.690689e+01 -1.760457e+01 -1.135346e+01
      vertex   -2.690689e+01 -1.644537e+01 -1.298134e+01
    endloop
  endfacet
  facet normal -0.000000e+00 -8.145760e-01 -5.800569e-01
    outer loop
      vertex   -2.690689e+01 -1.644537e+01 -1.298134e+01
      vertex   -6.690689e+01 -1.760457e+01 -1.135346e+01
      vertex   -6.690689e+01 -1.644537e+01 -1.298134e+01
    endloop
  endfacet
  facet normal -0.000000e+00 -7.557496e-01 -6.548607e-01
    outer loop
      vertex   -2.690689e+01 -1.644537e+01 -1.298134e+01
      vertex   -6.690689e+01 -1.644537e+01 -1.298134e+01
      vertex   -2.690689e+01 -1.513667e+01 -1.449166e+01
    endloop
  endfacet
  facet normal -0.000000e+00 -7.557496e-01 -6.548607e-01
    outer loop
      vertex   -2.690689e+01 -1.513667e+01 -1.449166e+01
      vertex   -6.690689e+01 -1.644537e+01 -1.298134e+01
      vertex   -6.690689e+01 -1.513667e+01 -1.449166e+01
    endloop
  endfacet
  facet normal -0.000000e+00 -6.900790e-01 -7.237340e-01
    outer loop
      vertex   -2.690689e+01 -1.513667e+01 -1.449166e+01
      vertex   -6.690689e+01 -1.513667e+01 -1.449166e+01
      vertex   -2.690689e+01 -1.369033e+01 -1.587074e+01
    endloop
  endfacet
  facet normal -0.000000e+00 -6.900790e-01 -7.237340e-01
    outer loop
      vertex   -2.690689e+01 -1.369033e+01 -1.587074e+01
      vertex   -6.690689e+01 -1.513667e+01 -1.449166e+01
      vertex   -6.690689e+01 -1.369033e+01 -1.587074e+01
    endloop
  endfacet
  facet normal -0.000000e+00 -6.181590e-01 -7.860531e-01
    outer loop
      vertex   -2.690689e+01 -1.369033e+01 -1.587074e+01
      vertex   -6.690689e+01 -1.369033e+01 -1.587074e+01
      vertex   -2.690689e+01 -1.211945e+01 -1.710609e+01
    endloop
  endfacet
  facet normal -0.000000e+00 -6.181590e-01 -7.860531e-01
    outer loop
      vertex   -2.690689e+01 -1.211945e+01 -1.710609e+01
      vertex   -6.690689e+01 -1.369033e+01 -1.587074e+01
      vertex   -6.690689e+01 -1.211945e+01 -1.710609e+01
    endloop
  endfacet
  facet normal -0.000000e+00 -5.406408e-01 -8.412535e-01
    outer loop
      vertex   -2.690689e+01 -1.211945e+01 -1.710609e+01
      vertex   -6.690689e+01 -1.211945e+01 -1.710609e+01
      vertex   -2.690689e+01 -1.043825e+01 -1.818653e+01
    endloop
  endfacet
  facet normal -0.000000e+00 -5.406408e-01 -8.412535e-01
    outer loop
      vertex   -2.690689e+01 -1.043825e+01 -1.818653e+01
      vertex   -6.690689e+01 -1.211945e+01 -1.710609e+01
      vertex   -6.690689e+01 -1.043825e+01 -1.818653e+01
    endloop
  endfacet
  facet normal -0.000000e+00 -4.582265e-01 -8.888354e-01
    outer loop
      vertex   -2.690689e+01 -1.043825e+01 -1.818653e+01
      vertex   -6.690689e+01 -1.043825e+01 -1.818653e+01
      vertex   -2.690689e+01 -8.661966e+00 -1.910227e+01
    endloop
  endfacet
  facet normal -0.000000e+00 -4.582265e-01 -8.888354e-01
    outer loop
      vertex   -2.690689e+01 -8.661966e+00 -1.910227e+01
      vertex   -6.690689e+01 -1.043825e+01 -1.818653e+01
      vertex   -6.690689e+01 -8.661966e+00 -1.910227e+01
    endloop
  endfacet
  facet normal -0.000000e+00 -3.716625e-01 -9.283679e-01
    outer loop
      vertex   -2.690689e+01 -8.661966e+00 -1.910227e+01
      vertex   -6.690689e+01 -8.661966e+00 -1.910227e+01
      vertex   -2.690689e+01 -6.806678e+00 -1.984502e+01
    endloop
  endfacet
  facet normal -0.000000e+00 -3.716625e-01 -9.283679e-01
    outer loop
      vertex   -2.690689e+01 -6.806678e+00 -1.984502e+01
      vertex   -6.690689e+01 -8.661966e+00 -1.910227e+01
      vertex   -6.690689e+01 -6.806678e+00 -1.984502e+01
    endloop
  endfacet
  facet normal -0.000000e+00 -2.817326e-01 -9.594930e-01
    outer loop
      vertex   -2.690689e+01 -6.806678e+00 -1.984502e+01
      vertex   -6.690689e+01 -6.806678e+00 -1.984502e+01
      vertex   -2.690689e+01 -4.889188e+00 -2.040804e+01
    endloop
  endfacet
  facet normal -0.000000e+00 -2.817326e-01 -9.594930e-01
    outer loop
      vertex   -2.690689e+01 -4.889188e+00 -2.040804e+01
      vertex   -6.690689e+01 -6.806678e+00 -1.984502e+01
      vertex   -6.690689e+01 -4.889188e+00 -2.040804e+01
    endloop
  endfacet
  facet normal -0.000000e+00 -1.893698e-01 -9.819058e-01
    outer loop
      vertex   -2.690689e+01 -4.889188e+00 -2.040804e+01
      vertex   -6.690689e+01 -4.889188e+00 -2.040804e+01
      vertex   -2.690689e+01 -2.931883e+00 -2.078553e+01
    endloop
  endfacet
  facet normal -6.019187e-06 -1.892512e-01 -9.819287e-01
    outer loop
      vertex   -2.690689e+01 -2.931883e+00 -2.078553e+01
      vertex   -6.690689e+01 -4.889188e+00 -2.040804e+01
      vertex   -6.690689e+01 -2.926862e+00 -2.078625e+01
    endloop
  endfacet
  facet normal 6.034488e-06 -9.517628e-02 -9.954604e-01
    outer loop
      vertex   -2.690689e+01 -2.931883e+00 -2.078553e+01
      vertex   -6.690689e+01 -2.926862e+00 -2.078625e+01
      vertex   -2.690689e+01 -9.374707e-01 -2.097621e+01
    endloop
  endfacet
  facet normal -0.000000e+00 -9.505604e-02 -9.954719e-01
    outer loop
      vertex   -2.690689e+01 -9.374707e-01 -2.097621e+01
      vertex   -6.690689e+01 -2.926862e+00 -2.078625e+01
      vertex   -6.690689e+01 -9.374707e-01 -2.097621e+01
    endloop
  endfacet
  facet normal -6.019187e-06 1.892512e-01 -9.819287e-01
    outer loop
      vertex   -6.690689e+01 3.050361e+00 -2.078625e+01
      vertex   -6.690689e+01 5.012687e+00 -2.040804e+01
      vertex   -2.690689e+01 3.055382e+00 -2.078553e+01
    endloop
  endfacet
  facet normal 5.277675e-17 8.145760e-01 5.800569e-01
    outer loop
      vertex   -6.690689e+01 1.772807e+01 1.135346e+01
      vertex   -6.690689e+01 1.656886e+01 1.298134e+01
      vertex   -2.690689e+01 1.656886e+01 1.298134e+01
    endloop
  endfacet
  facet normal 5.816332e-17 7.557496e-01 6.548607e-01
    outer loop
      vertex   -2.690689e+01 1.656886e+01 1.298134e+01
      vertex   -6.690689e+01 1.656886e+01 1.298134e+01
      vertex   -2.690689e+01 1.526016e+01 1.449166e+01
    endloop
  endfacet
  facet normal 0.000000e+00 7.557496e-01 6.548607e-01
    outer loop
      vertex   -2.690689e+01 1.656886e+01 1.298134e+01
      vertex   -2.690689e+01 1.526016e+01 1.449166e+01
      vertex   1.309311e+01 1.526016e+01 1.449166e+01
    endloop
  endfacet
  facet normal 0.000000e+00 7.557496e-01 6.548607e-01
    outer loop
      vertex   -6.690689e+01 1.656886e+01 1.298134e+01
      vertex   -6.690689e+01 1.526016e+01 1.449166e+01
      vertex   -2.690689e+01 1.526016e+01 1.449166e+01
    endloop
  endfacet
  facet normal 0.000000e+00 6.900790e-01 7.237340e-01
    outer loop
      vertex   -2.690689e+01 1.526016e+01 1.449166e+01
      vertex   -6.690689e+01 1.526016e+01 1.449166e+01
      vertex   -2.690689e+01 1.381382e+01 1.587074e+01
    endloop
  endfacet
  facet normal 0.000000e+00 6.900790e-01 7.237340e-01
    outer loop
      vertex   -6.690689e+01 1.526016e+01 1.449166e+01
      vertex   -6.690689e+01 1.381382e+01 1.587074e+01
      vertex   -2.690689e+01 1.381382e+01 1.587074e+01
    endloop
  endfacet
  facet normal 0.000000e+00 6.181590e-01 7.860531e-01
    outer loop
      vertex   -2.690689e+01 1.381382e+01 1.587074e+01
      vertex   -6.690689e+01 1.381382e+01 1.587074e+01
      vertex   -2.690689e+01 1.224294e+01 1.710609e+01
    endloop
  endfacet
  facet normal 0.000000e+00 6.181590e-01 7.860531e-01
    outer loop
      vertex   -6.690689e+01 1.381382e+01 1.587074e+01
      vertex   -6.690689e+01 1.224294e+01 1.710609e+01
      vertex   -2.690689e+01 1.224294e+01 1.710609e+01
    endloop
  endfacet
  facet normal 0.000000e+00 5.406408e-01 8.412535e-01
    outer loop
      vertex   -2.690689e+01 1.224294e+01 1.710609e+01
      vertex   -6.690689e+01 1.224294e+01 1.710609e+01
      vertex   -2.690689e+01 1.056175e+01 1.818653e+01
    endloop
  endfacet
  facet normal 0.000000e+00 5.406408e-01 8.412535e-01
    outer loop
      vertex   -6.690689e+01 1.224294e+01 1.710609e+01
      vertex   -6.690689e+01 1.056175e+01 1.818653e+01
      vertex   -2.690689e+01 1.056175e+01 1.818653e+01
    endloop
  endfacet
  facet normal 0.000000e+00 4.582265e-01 8.888354e-01
    outer loop
      vertex   -2.690689e+01 1.056175e+01 1.818653e+01
      vertex   -6.690689e+01 1.056175e+01 1.818653e+01
      vertex   -2.690689e+01 8.785465e+00 1.910227e+01
    endloop
  endfacet
  facet normal 0.000000e+00 4.582265e-01 8.888354e-01
    outer loop
      vertex   -6.690689e+01 1.056175e+01 1.818653e+01
      vertex   -6.690689e+01 8.785465e+00 1.910227e+01
      vertex   -2.690689e+01 8.785465e+00 1.910227e+01
    endloop
  endfacet
  facet normal 0.000000e+00 3.716625e-01 9.283679e-01
    outer loop
      vertex   -2.690689e+01 8.785465e+00 1.910227e+01
      vertex   -6.690689e+01 8.785465e+00 1.910227e+01
      vertex   -2.690689e+01 6.930177e+00 1.984502e+01
    endloop
  endfacet
  facet normal 0.000000e+00 3.716625e-01 9.283679e-01
    outer loop
      vertex   -6.690689e+01 8.785465e+00 1.910227e+01
      vertex   -6.690689e+01 6.930177e+00 1.984502e+01
      vertex   -2.690689e+01 6.930177e+00 1.984502e+01
    endloop
  endfacet
  facet normal 0.000000e+00 2.817326e-01 9.594930e-01
    outer loop
      vertex   -2.690689e+01 6.930177e+00 1.984502e+01
      vertex   -6.690689e+01 6.930177e+00 1.984502e+01
      vertex   -2.690689e+01 5.012687e+00 2.040804e+01
    endloop
  endfacet
  facet normal 0.000000e+00 2.817326e-01 9.594930e-01
    outer loop
      vertex   -6.690689e+01 6.930177e+00 1.984502e+01
      vertex   -6.690689e+01 5.012687e+00 2.040804e+01
      vertex   -2.690689e+01 5.012687e+00 2.040804e+01
    endloop
  endfacet
  facet normal 0.000000e+00 1.893698e-01 9.819058e-01
    outer loop
      vertex   -2.690689e+01 5.012687e+00 2.040804e+01
      vertex   -6.690689e+01 5.012687e+00 2.040804e+01
      vertex   -2.690689e+01 3.055382e+00 2.078553e+01
    endloop
  endfacet
  facet normal -6.019187e-06 1.892512e-01 9.819287e-01
    outer loop
      vertex   -6.690689e+01 5.012687e+00 2.040804e+01
      vertex   -6.690689e+01 3.050361e+00 2.078625e+01
      vertex   -2.690689e+01 3.055382e+00 2.078553e+01
    endloop
  endfacet
  facet normal 6.034488e-06 9.517628e-02 9.954604e-01
    outer loop
      vertex   -2.690689e+01 3.055382e+00 2.078553e+01
      vertex   -6.690689e+01 3.050361e+00 2.078625e+01
      vertex   -2.690689e+01 1.060970e+00 2.097621e+01
    endloop
  endfacet
  facet normal 0.000000e+00 9.505604e-02 9.954719e-01
    outer loop
      vertex   -6.690689e+01 3.050361e+00 2.078625e+01
      vertex   -6.690689e+01 1.060970e+00 2.097621e+01
      vertex   -2.690689e+01 1.060970e+00 2.097621e+01
    endloop
  endfacet
  facet normal 6.034488e-06 -9.517628e-02 9.954604e-01
    outer loop
      vertex   -2.690689e+01 -9.374707e-01 2.097621e+01
      vertex   -6.690689e+01 -2.926862e+00 2.078625e+01
      vertex   -2.690689e+01 -2.931883e+00 2.078553e+01
    endloop
  endfacet
  facet normal -6.019187e-06 -1.892512e-01 9.819287e-01
    outer loop
      vertex   -2.690689e+01 -2.931883e+00 2.078553e+01
      vertex   -6.690689e+01 -2.926862e+00 2.078625e+01
      vertex   -6.690689e+01 -4.889188e+00 2.040804e+01
    endloop
  endfacet
  facet normal -0.000000e+00 -9.988673e-01 -4.758192e-02
    outer loop
      vertex   1.309311e+01 -2.093825e+01 1.869134e-15
      vertex   -2.690689e+01 -2.093825e+01 1.869134e-15
      vertex   1.309311e+01 -2.084316e+01 -1.996177e+00
    endloop
  endfacet
  facet normal 1.135771e-17 -9.988673e-01 -4.758192e-02
    outer loop
      vertex   1.309311e+01 -2.084316e+01 -1.996177e+00
      vertex   -2.690689e+01 -2.093825e+01 1.869134e-15
      vertex   -2.690689e+01 -2.084316e+01 -1.996177e+00
    endloop
  endfacet
  facet normal 3.397026e-17 -9.898214e-01 -1.423148e-01
    outer loop
      vertex   1.309311e+01 -2.084316e+01 -1.996177e+00
      vertex   -2.690689e+01 -2.084316e+01 -1.996177e+00
      vertex   1.309311e+01 -2.055875e+01 -3.974276e+00
    endloop
  endfacet
  facet normal -0.000000e+00 -9.898214e-01 -1.423148e-01
    outer loop
      vertex   1.309311e+01 -2.055875e+01 -3.974276e+00
      vertex   -2.690689e+01 -2.084316e+01 -1.996177e+00
      vertex   -2.690689e+01 -2.055875e+01 -3.974276e+00
    endloop
  endfacet
  facet normal -0.000000e+00 -9.718116e-01 -2.357589e-01
    outer loop
      vertex   1.309311e+01 -2.055875e+01 -3.974276e+00
      vertex   -2.690689e+01 -2.055875e+01 -3.974276e+00
      vertex   1.309311e+01 -2.008760e+01 -5.916384e+00
    endloop
  endfacet
  facet normal -0.000000e+00 -9.718116e-01 -2.357589e-01
    outer loop
      vertex   1.309311e+01 -2.008760e+01 -5.916384e+00
      vertex   -2.690689e+01 -2.055875e+01 -3.974276e+00
      vertex   -2.690689e+01 -2.008760e+01 -5.916384e+00
    endloop
  endfacet
  facet normal -0.000000e+00 -9.450008e-01 -3.270680e-01
    outer loop
      vertex   1.309311e+01 -2.008760e+01 -5.916384e+00
      vertex   -2.690689e+01 -2.008760e+01 -5.916384e+00
      vertex   1.309311e+01 -1.943398e+01 -7.804912e+00
    endloop
  endfacet
  facet normal -1.857162e-17 -9.450008e-01 -3.270680e-01
    outer loop
      vertex   1.309311e+01 -1.943398e+01 -7.804912e+00
      vertex   -2.690689e+01 -2.008760e+01 -5.916384e+00
      vertex   -2.690689e+01 -1.943398e+01 -7.804912e+00
    endloop
  endfacet
  facet normal 2.225045e-18 -9.096320e-01 -4.154150e-01
    outer loop
      vertex   1.309311e+01 -1.943398e+01 -7.804912e+00
      vertex   -2.690689e+01 -1.943398e+01 -7.804912e+00
      vertex   1.309311e+01 -1.860379e+01 -9.622757e+00
    endloop
  endfacet
  facet normal -0.000000e+00 -9.096320e-01 -4.154150e-01
    outer loop
      vertex   1.309311e+01 -1.860379e+01 -9.622757e+00
      vertex   -2.690689e+01 -1.943398e+01 -7.804912e+00
      vertex   -2.690689e+01 -1.860379e+01 -9.622757e+00
    endloop
  endfacet
  facet normal -0.000000e+00 -8.660254e-01 -5.000000e-01
    outer loop
      vertex   1.309311e+01 -1.860379e+01 -9.622757e+00
      vertex   -2.690689e+01 -1.860379e+01 -9.622757e+00
      vertex   1.309311e+01 -1.760457e+01 -1.135346e+01
    endloop
  endfacet
  facet normal -8.722363e-17 -8.660254e-01 -5.000000e-01
    outer loop
      vertex   1.309311e+01 -1.760457e+01 -1.135346e+01
      vertex   -2.690689e+01 -1.860379e+01 -9.622757e+00
      vertex   -2.690689e+01 -1.760457e+01 -1.135346e+01
    endloop
  endfacet
  facet normal -6.741865e-17 -8.145760e-01 -5.800569e-01
    outer loop
      vertex   1.309311e+01 -1.760457e+01 -1.135346e+01
      vertex   -2.690689e+01 -1.760457e+01 -1.135346e+01
      vertex   1.309311e+01 -1.644537e+01 -1.298134e+01
    endloop
  endfacet
  facet normal -0.000000e+00 -8.145760e-01 -5.800569e-01
    outer loop
      vertex   1.309311e+01 -1.644537e+01 -1.298134e+01
      vertex   -2.690689e+01 -1.760457e+01 -1.135346e+01
      vertex   -2.690689e+01 -1.644537e+01 -1.298134e+01
    endloop
  endfacet
  facet normal -0.000000e+00 -7.557496e-01 -6.548607e-01
    outer loop
      vertex   1.309311e+01 -1.644537e+01 -1.298134e+01
      vertex   -2.690689e+01 -1.644537e+01 -1.298134e+01
      vertex   1.309311e+01 -1.513667e+01 -1.449166e+01
    endloop
  endfacet
  facet normal -0.000000e+00 -7.557496e-01 -6.548607e-01
    outer loop
      vertex   1.309311e+01 -1.513667e+01 -1.449166e+01
      vertex   -2.690689e+01 -1.644537e+01 -1.298134e+01
      vertex   -2.690689e+01 -1.513667e+01 -1.449166e+01
    endloop
  endfacet
  facet normal 0.000000e+00 -9.988673e-01 4.758192e-02
    outer loop
      vertex   -2.690689e+01 -2.093825e+01 1.869134e-15
      vertex   1.309311e+01 -2.093825e+01 1.869134e-15
      vertex   -2.690689e+01 -2.084316e+01 1.996177e+00
    endloop
  endfacet
  facet normal 0.000000e+00 -9.988673e-01 4.758192e-02
    outer loop
      vertex   -2.690689e+01 -2.084316e+01 1.996177e+00
      vertex   1.309311e+01 -2.093825e+01 1.869134e-15
      vertex   1.309311e+01 -2.084316e+01 1.996177e+00
    endloop
  endfacet
  facet normal 0.000000e+00 -9.898214e-01 1.423148e-01
    outer loop
      vertex   -2.690689e+01 -2.084316e+01 1.996177e+00
      vertex   1.309311e+01 -2.084316e+01 1.996177e+00
      vertex   -2.690689e+01 -2.055875e+01 3.974276e+00
    endloop
  endfacet
  facet normal 0.000000e+00 -9.898214e-01 1.423148e-01
    outer loop
      vertex   -2.690689e+01 -2.055875e+01 3.974276e+00
      vertex   1.309311e+01 -2.084316e+01 1.996177e+00
      vertex   1.309311e+01 -2.055875e+01 3.974276e+00
    endloop
  endfacet
  facet normal 0.000000e+00 -9.718116e-01 2.357589e-01
    outer loop
      vertex   -2.690689e+01 -2.055875e+01 3.974276e+00
      vertex   1.309311e+01 -2.055875e+01 3.974276e+00
      vertex   -2.690689e+01 -2.008760e+01 5.916384e+00
    endloop
  endfacet
  facet normal 0.000000e+00 -9.718116e-01 2.357589e-01
    outer loop
      vertex   -2.690689e+01 -2.008760e+01 5.916384e+00
      vertex   1.309311e+01 -2.055875e+01 3.974276e+00
      vertex   1.309311e+01 -2.008760e+01 5.916384e+00
    endloop
  endfacet
  facet normal 0.000000e+00 -9.450008e-01 3.270680e-01
    outer loop
      vertex   -2.690689e+01 -2.008760e+01 5.916384e+00
      vertex   1.309311e+01 -2.008760e+01 5.916384e+00
      vertex   -2.690689e+01 -1.943398e+01 7.804912e+00
    endloop
  endfacet
  facet normal 0.000000e+00 -9.450008e-01 3.270680e-01
    outer loop
      vertex   -2.690689e+01 -1.943398e+01 7.804912e+00
      vertex   1.309311e+01 -2.008760e+01 5.916384e+00
      vertex   1.309311e+01 -1.943398e+01 7.804912e+00
    endloop
  endfacet
  facet normal 0.000000e+00 -9.096320e-01 4.154150e-01
    outer loop
      vertex   -2.690689e+01 -1.943398e+01 7.804912e+00
      vertex   1.309311e+01 -1.943398e+01 7.804912e+00
      vertex   -2.690689e+01 -1.860379e+01 9.622757e+00
    endloop
  endfacet
  facet normal 0.000000e+00 -9.096320e-01 4.154150e-01
    outer loop
      vertex   -2.690689e+01 -1.860379e+01 9.622757e+00
      vertex   1.309311e+01 -1.943398e+01 7.804912e+00
      vertex   1.309311e+01 -1.860379e+01 9.622757e+00
    endloop
  endfacet
  facet normal 0.000000e+00 -8.660254e-01 5.000000e-01
    outer loop
      vertex   -2.690689e+01 -1.860379e+01 9.622757e+00
      vertex   1.309311e+01 -1.860379e+01 9.622757e+00
      vertex   -2.690689e+01 -1.760457e+01 1.135346e+01
    endloop
  endfacet
  facet normal 0.000000e+00 -8.660254e-01 5.000000e-01
    outer loop
      vertex   -2.690689e+01 -1.760457e+01 1.135346e+01
      vertex   1.309311e+01 -1.860379e+01 9.622757e+00
      vertex   1.309311e+01 -1.760457e+01 1.135346e+01
    endloop
  endfacet
  facet normal 0.000000e+00 -8.145760e-01 5.800569e-01
    outer loop
      vertex   -2.690689e+01 -1.760457e+01 1.135346e+01
      vertex   1.309311e+01 -1.760457e+01 1.135346e+01
      vertex   -2.690689e+01 -1.644537e+01 1.298134e+01
    endloop
  endfacet
  facet normal 0.000000e+00 -8.145760e-01 5.800569e-01
    outer loop
      vertex   -2.690689e+01 -1.644537e+01 1.298134e+01
      vertex   1.309311e+01 -1.760457e+01 1.135346e+01
      vertex   1.309311e+01 -1.644537e+01 1.298134e+01
    endloop
  endfacet
  facet normal 0.000000e+00 -7.557496e-01 6.548607e-01
    outer loop
      vertex   -2.690689e+01 -1.644537e+01 1.298134e+01
      vertex   1.309311e+01 -1.644537e+01 1.298134e+01
      vertex   -2.690689e+01 -1.513667e+01 1.449166e+01
    endloop
  endfacet
  facet normal 0.000000e+00 -7.557496e-01 6.548607e-01
    outer loop
      vertex   -2.690689e+01 -1.513667e+01 1.449166e+01
      vertex   1.309311e+01 -1.644537e+01 1.298134e+01
      vertex   1.309311e+01 -1.513667e+01 1.449166e+01
    endloop
  endfacet
  facet normal 0.000000e+00 -7.203137e-01 6.936485e-01
    outer loop
      vertex   -2.690689e+01 -1.513667e+01 1.449166e+01
      vertex   1.309311e+01 -1.513667e+01 1.449166e+01
      vertex   1.309311e+01 -1.499264e+01 1.464122e+01
    endloop
  endfacet
  facet normal 0.000000e+00 5.641301e-01 8.256859e-01
    outer loop
      vertex   5.309311e+01 1.224294e+01 1.710609e+01
      vertex   1.309311e+01 1.224294e+01 1.710609e+01
      vertex   7.601207e+00 1.166113e+01 1.750361e+01
    endloop
  endfacet
  facet normal 1.000000e+00 0.000000e+00 0.000000e+00
    outer loop
      vertex   5.309311e+01 -1.884384e+01 1.891789e+00
      vertex   5.309311e+01 -2.084316e+01 1.996177e+00
      vertex   5.309311e+01 -1.893825e+01 4.440892e-15
    endloop
  endfacet
  facet normal 1.000000e+00 0.000000e+00 0.000000e+00
    outer loop
      vertex   5.309311e+01 -1.893825e+01 4.440892e-15
      vertex   5.309311e+01 -2.084316e+01 1.996177e+00
      vertex   5.309311e+01 -2.093825e+01 4.440892e-15
    endloop
  endfacet
  facet normal 1.000000e+00 0.000000e+00 0.000000e+00
    outer loop
      vertex   5.309311e+01 -1.893825e+01 4.440892e-15
      vertex   5.309311e+01 -2.093825e+01 4.440892e-15
      vertex   5.309311e+01 -2.084316e+01 -1.996177e+00
    endloop
  endfacet
  facet normal 1.000000e+00 -0.000000e+00 0.000000e+00
    outer loop
      vertex   5.309311e+01 -2.084316e+01 1.996177e+00
      vertex   5.309311e+01 -1.884384e+01 1.891789e+00
      vertex   5.309311e+01 -2.055875e+01 3.974276e+00
    endloop
  endfacet
  facet normal 1.000000e+00 0.000000e+00 0.000000e+00
    outer loop
      vertex   5.309311e+01 -2.055875e+01 3.974276e+00
      vertex   5.309311e+01 -1.884384e+01 1.891789e+00
      vertex   5.309311e+01 -1.856153e+01 3.764777e+00
    endloop
  endfacet
  facet normal 1.000000e+00 -0.000000e+00 0.000000e+00
    outer loop
      vertex   5.309311e+01 -2.055875e+01 3.974276e+00
      vertex   5.309311e+01 -1.856153e+01 3.764777e+00
      vertex   5.309311e+01 -2.008760e+01 5.916384e+00
    endloop
  endfacet
  facet normal 1.000000e+00 0.000000e+00 0.000000e+00
    outer loop
      vertex   5.309311e+01 -2.008760e+01 5.916384e+00
      vertex   5.309311e+01 -1.856153e+01 3.764777e+00
      vertex   5.309311e+01 -1.809413e+01 5.600348e+00
    endloop
  endfacet
  facet normal 1.000000e+00 -0.000000e+00 0.000000e+00
    outer loop
      vertex   5.309311e+01 -2.008760e+01 5.916384e+00
      vertex   5.309311e+01 -1.809413e+01 5.600348e+00
      vertex   5.309311e+01 -1.943398e+01 7.804912e+00
    endloop
  endfacet
  facet normal 1.000000e+00 0.000000e+00 0.000000e+00
    outer loop
      vertex   5.309311e+01 -1.943398e+01 7.804912e+00
      vertex   5.309311e+01 -1.809413e+01 5.600348e+00
      vertex   5.309311e+01 -1.744630e+01 7.380261e+00
    endloop
  endfacet
  facet normal 1.000000e+00 -0.000000e+00 0.000000e+00
    outer loop
      vertex   5.309311e+01 -1.943398e+01 7.804912e+00
      vertex   5.309311e+01 -1.744630e+01 7.380261e+00
      vertex   5.309311e+01 -1.860379e+01 9.622757e+00
    endloop
  endfacet
  facet normal 1.000000e+00 0.000000e+00 0.000000e+00
    outer loop
      vertex   5.309311e+01 -1.860379e+01 9.622757e+00
      vertex   5.309311e+01 -1.744630e+01 7.380261e+00
      vertex   5.309311e+01 -1.662446e+01 9.086826e+00
    endloop
  endfacet
  facet normal 1.000000e+00 -0.000000e+00 0.000000e+00
    outer loop
      vertex   5.309311e+01 -1.860379e+01 9.622757e+00
      vertex   5.309311e+01 -1.662446e+01 9.086826e+00
      vertex   5.309311e+01 -1.760457e+01 1.135346e+01
    endloop
  endfacet
  facet normal 1.000000e+00 0.000000e+00 0.000000e+00
    outer loop
      vertex   5.309311e+01 -1.760457e+01 1.135346e+01
      vertex   5.309311e+01 -1.662446e+01 9.086826e+00
      vertex   5.309311e+01 -1.563679e+01 1.070308e+01
    endloop
  endfacet
  facet normal 1.000000e+00 -0.000000e+00 0.000000e+00
    outer loop
      vertex   5.309311e+01 -1.760457e+01 1.135346e+01
      vertex   5.309311e+01 -1.563679e+01 1.070308e+01
      vertex   5.309311e+01 -1.644537e+01 1.298134e+01
    endloop
  endfacet
  facet normal 1.000000e+00 0.000000e+00 0.000000e+00
    outer loop
      vertex   5.309311e+01 -1.644537e+01 1.298134e+01
      vertex   5.309311e+01 -1.563679e+01 1.070308e+01
      vertex   5.309311e+01 -1.449309e+01 1.221296e+01
    endloop
  endfacet
  facet normal 1.000000e+00 -0.000000e+00 0.000000e+00
    outer loop
      vertex   5.309311e+01 -1.644537e+01 1.298134e+01
      vertex   5.309311e+01 -1.449309e+01 1.221296e+01
      vertex   5.309311e+01 -1.513667e+01 1.449166e+01
    endloop
  endfacet
  facet normal 1.000000e+00 0.000000e+00 0.000000e+00
    outer loop
      vertex   5.309311e+01 -1.513667e+01 1.449166e+01
      vertex   5.309311e+01 -1.449309e+01 1.221296e+01
      vertex   5.309311e+01 -1.320475e+01 1.360147e+01
    endloop
  endfacet
  facet normal 1.000000e+00 -0.000000e+00 0.000000e+00
    outer loop
      vertex   5.309311e+01 -1.513667e+01 1.449166e+01
      vertex   5.309311e+01 -1.320475e+01 1.360147e+01
      vertex   5.309311e+01 -1.369033e+01 1.587074e+01
    endloop
  endfacet
  facet normal 1.000000e+00 0.000000e+00 0.000000e+00
    outer loop
      vertex   5.309311e+01 -1.369033e+01 1.587074e+01
      vertex   5.309311e+01 -1.320475e+01 1.360147e+01
      vertex   5.309311e+01 -1.178456e+01 1.485480e+01
    endloop
  endfacet
  facet normal 1.000000e+00 -0.000000e+00 0.000000e+00
    outer loop
      vertex   5.309311e+01 -1.369033e+01 1.587074e+01
      vertex   5.309311e+01 -1.178456e+01 1.485480e+01
      vertex   5.309311e+01 -1.211945e+01 1.710609e+01
    endloop
  endfacet
  facet normal 1.000000e+00 0.000000e+00 0.000000e+00
    outer loop
      vertex   5.309311e+01 -1.211945e+01 1.710609e+01
      vertex   5.309311e+01 -1.178456e+01 1.485480e+01
      vertex   5.309311e+01 -1.024663e+01 1.596049e+01
    endloop
  endfacet
  facet normal 1.000000e+00 -0.000000e+00 0.000000e+00
    outer loop
      vertex   5.309311e+01 -1.211945e+01 1.710609e+01
      vertex   5.309311e+01 -1.024663e+01 1.596049e+01
      vertex   5.309311e+01 -1.043825e+01 1.818653e+01
    endloop
  endfacet
  facet normal 1.000000e+00 0.000000e+00 0.000000e+00
    outer loop
      vertex   5.309311e+01 -1.043825e+01 1.818653e+01
      vertex   5.309311e+01 -1.024663e+01 1.596049e+01
      vertex   5.309311e+01 -8.606253e+00 1.690756e+01
    endloop
  endfacet
  facet normal 1.000000e+00 -0.000000e+00 0.000000e+00
    outer loop
      vertex   5.309311e+01 -1.043825e+01 1.818653e+01
      vertex   5.309311e+01 -8.606253e+00 1.690756e+01
      vertex   5.309311e+01 -8.661966e+00 1.910227e+01
    endloop
  endfacet
  facet normal 1.000000e+00 0.000000e+00 0.000000e+00
    outer loop
      vertex   5.309311e+01 -8.661966e+00 1.910227e+01
      vertex   5.309311e+01 -8.606253e+00 1.690756e+01
      vertex   5.309311e+01 -6.879730e+00 1.768660e+01
    endloop
  endfacet
  facet normal 1.000000e+00 -0.000000e+00 0.000000e+00
    outer loop
      vertex   5.309311e+01 -8.661966e+00 1.910227e+01
      vertex   5.309311e+01 -6.879730e+00 1.768660e+01
      vertex   5.309311e+01 -6.806678e+00 1.984502e+01
    endloop
  endfacet
  facet normal 1.000000e+00 0.000000e+00 0.000000e+00
    outer loop
      vertex   5.309311e+01 -6.806678e+00 1.984502e+01
      vertex   5.309311e+01 -6.879730e+00 1.768660e+01
      vertex   5.309311e+01 -5.084219e+00 1.828986e+01
    endloop
  endfacet
  facet normal 1.000000e+00 -0.000000e+00 0.000000e+00
    outer loop
      vertex   5.309311e+01 -6.806678e+00 1.984502e+01
      vertex   5.309311e+01 -5.084219e+00 1.828986e+01
      vertex   5.309311e+01 -4.889188e+00 2.040804e+01
    endloop
  endfacet
  facet normal 1.000000e+00 0.000000e+00 0.000000e+00
    outer loop
      vertex   5.309311e+01 -4.889188e+00 2.040804e+01
      vertex   5.309311e+01 -5.084219e+00 1.828986e+01
      vertex   5.309311e+01 -3.237566e+00 1.871135e+01
    endloop
  endfacet
  facet normal 1.000000e+00 -0.000000e+00 0.000000e+00
    outer loop
      vertex   5.309311e+01 -4.889188e+00 2.040804e+01
      vertex   5.309311e+01 -3.237566e+00 1.871135e+01
      vertex   5.309311e+01 -2.926862e+00 2.078625e+01
    endloop
  endfacet
  facet normal 1.000000e+00 0.000000e+00 0.000000e+00
    outer loop
      vertex   5.309311e+01 -2.926862e+00 2.078625e+01
      vertex   5.309311e+01 -3.237566e+00 1.871135e+01
      vertex   5.309311e+01 -1.358122e+00 1.894687e+01
    endloop
  endfacet
  facet normal 1.000000e+00 -0.000000e+00 0.000000e+00
    outer loop
      vertex   5.309311e+01 -2.926862e+00 2.078625e+01
      vertex   5.309311e+01 -1.358122e+00 1.894687e+01
      vertex   5.309311e+01 -9.374707e-01 2.097621e+01
    endloop
  endfacet
  facet normal 1.000000e+00 0.000000e+00 0.000000e+00
    outer loop
      vertex   5.309311e+01 -9.374707e-01 2.097621e+01
      vertex   5.309311e+01 -1.358122e+00 1.894687e+01
      vertex   5.309311e+01 5.354326e-01 1.899409e+01
    endloop
  endfacet
  facet normal 1.000000e+00 -0.000000e+00 0.000000e+00
    outer loop
      vertex   5.309311e+01 -9.374707e-01 2.097621e+01
      vertex   5.309311e+01 5.354326e-01 1.899409e+01
      vertex   5.309311e+01 1.060970e+00 2.097621e+01
    endloop
  endfacet
  facet normal 1.000000e+00 0.000000e+00 0.000000e+00
    outer loop
      vertex   5.309311e+01 1.060970e+00 2.097621e+01
      vertex   5.309311e+01 5.354326e-01 1.899409e+01
      vertex   5.309311e+01 2.424280e+00 1.885254e+01
    endloop
  endfacet
  facet normal 1.000000e+00 0.000000e+00 0.000000e+00
    outer loop
      vertex   5.309311e+01 1.060970e+00 2.097621e+01
      vertex   5.309311e+01 2.424280e+00 1.885254e+01
      vertex   5.309311e+01 3.050361e+00 2.078625e+01
    endloop
  endfacet
  facet normal 1.000000e+00 0.000000e+00 0.000000e+00
    outer loop
      vertex   5.309311e+01 3.050361e+00 2.078625e+01
      vertex   5.309311e+01 2.424280e+00 1.885254e+01
      vertex   5.309311e+01 4.289647e+00 1.852363e+01
    endloop
  endfacet
  facet normal 1.000000e+00 0.000000e+00 0.000000e+00
    outer loop
      vertex   5.309311e+01 3.050361e+00 2.078625e+01
      vertex   5.309311e+01 4.289647e+00 1.852363e+01
      vertex   5.309311e+01 5.012687e+00 2.040804e+01
    endloop
  endfacet
  facet normal 1.000000e+00 0.000000e+00 0.000000e+00
    outer loop
      vertex   5.309311e+01 5.012687e+00 2.040804e+01
      vertex   5.309311e+01 4.289647e+00 1.852363e+01
      vertex   5.309311e+01 6.112996e+00 1.801062e+01
    endloop
  endfacet
  facet normal 1.000000e+00 0.000000e+00 0.000000e+00
    outer loop
      vertex   5.309311e+01 5.012687e+00 2.040804e+01
      vertex   5.309311e+01 6.112996e+00 1.801062e+01
      vertex   5.309311e+01 6.930177e+00 1.984502e+01
    endloop
  endfacet
  facet normal 1.000000e+00 0.000000e+00 0.000000e+00
    outer loop
      vertex   5.309311e+01 6.930177e+00 1.984502e+01
      vertex   5.309311e+01 6.112996e+00 1.801062e+01
      vertex   5.309311e+01 7.876204e+00 1.731861e+01
    endloop
  endfacet
  facet normal 1.000000e+00 0.000000e+00 0.000000e+00
    outer loop
      vertex   5.309311e+01 6.930177e+00 1.984502e+01
      vertex   5.309311e+01 7.876204e+00 1.731861e+01
      vertex   5.309311e+01 8.785465e+00 1.910227e+01
    endloop
  endfacet
  facet normal 1.000000e+00 0.000000e+00 0.000000e+00
    outer loop
      vertex   5.309311e+01 8.785465e+00 1.910227e+01
      vertex   5.309311e+01 7.876204e+00 1.731861e+01
      vertex   5.309311e+01 9.561749e+00 1.645448e+01
    endloop
  endfacet
  facet normal 1.000000e+00 0.000000e+00 0.000000e+00
    outer loop
      vertex   5.309311e+01 8.785465e+00 1.910227e+01
      vertex   5.309311e+01 9.561749e+00 1.645448e+01
      vertex   5.309311e+01 1.056175e+01 1.818653e+01
    endloop
  endfacet
  facet normal 1.000000e+00 0.000000e+00 0.000000e+00
    outer loop
      vertex   5.309311e+01 1.056175e+01 1.818653e+01
      vertex   5.309311e+01 9.561749e+00 1.645448e+01
      vertex   5.309311e+01 1.224294e+01 1.710609e+01
    endloop
  endfacet
  facet normal 1.000000e+00 0.000000e+00 0.000000e+00
    outer loop
      vertex   5.309311e+01 1.224294e+01 1.710609e+01
      vertex   5.309311e+01 9.561749e+00 1.645448e+01
      vertex   5.309311e+01 1.115288e+01 1.542682e+01
    endloop
  endfacet
  facet normal 1.000000e+00 0.000000e+00 0.000000e+00
    outer loop
      vertex   5.309311e+01 1.224294e+01 1.710609e+01
      vertex   5.309311e+01 1.115288e+01 1.542682e+01
      vertex   5.309311e+01 1.381382e+01 1.587074e+01
    endloop
  endfacet
  facet normal 1.000000e+00 0.000000e+00 0.000000e+00
    outer loop
      vertex   5.309311e+01 1.381382e+01 1.587074e+01
      vertex   5.309311e+01 1.115288e+01 1.542682e+01
      vertex   5.309311e+01 1.263378e+01 1.424584e+01
    endloop
  endfacet
  facet normal 1.000000e+00 0.000000e+00 0.000000e+00
    outer loop
      vertex   5.309311e+01 1.381382e+01 1.587074e+01
      vertex   5.309311e+01 1.263378e+01 1.424584e+01
      vertex   5.309311e+01 1.526016e+01 1.449166e+01
    endloop
  endfacet
  facet normal 1.000000e+00 0.000000e+00 0.000000e+00
    outer loop
      vertex   5.309311e+01 1.526016e+01 1.449166e+01
      vertex   5.309311e+01 1.263378e+01 1.424584e+01
      vertex   5.309311e+01 1.398974e+01 1.292328e+01
    endloop
  endfacet
  facet normal 1.000000e+00 0.000000e+00 0.000000e+00
    outer loop
      vertex   5.309311e+01 1.526016e+01 1.449166e+01
      vertex   5.309311e+01 1.398974e+01 1.292328e+01
      vertex   5.309311e+01 1.656886e+01 1.298134e+01
    endloop
  endfacet
  facet normal 1.000000e+00 0.000000e+00 0.000000e+00
    outer loop
      vertex   5.309311e+01 1.656886e+01 1.298134e+01
      vertex   5.309311e+01 1.398974e+01 1.292328e+01
      vertex   5.309311e+01 1.520727e+01 1.147228e+01
    endloop
  endfacet
  facet normal 1.000000e+00 0.000000e+00 0.000000e+00
    outer loop
      vertex   5.309311e+01 1.656886e+01 1.298134e+01
      vertex   5.309311e+01 1.520727e+01 1.147228e+01
      vertex   5.309311e+01 1.772807e+01 1.135346e+01
    endloop
  endfacet
  facet normal 1.000000e+00 0.000000e+00 0.000000e+00
    outer loop
      vertex   5.309311e+01 1.772807e+01 1.135346e+01
      vertex   5.309311e+01 1.520727e+01 1.147228e+01
      vertex   5.309311e+01 1.627428e+01 9.907269e+00
    endloop
  endfacet
  facet normal 1.000000e+00 0.000000e+00 0.000000e+00
    outer loop
      vertex   5.309311e+01 1.772807e+01 1.135346e+01
      vertex   5.309311e+01 1.627428e+01 9.907269e+00
      vertex   5.309311e+01 1.872729e+01 9.622757e+00
    endloop
  endfacet
  facet normal 1.000000e+00 0.000000e+00 0.000000e+00
    outer loop
      vertex   5.309311e+01 1.872729e+01 9.622757e+00
      vertex   5.309311e+01 1.627428e+01 9.907269e+00
      vertex   5.309311e+01 1.718016e+01 8.243791e+00
    endloop
  endfacet
  facet normal 1.000000e+00 0.000000e+00 0.000000e+00
    outer loop
      vertex   5.309311e+01 1.872729e+01 9.622757e+00
      vertex   5.309311e+01 1.718016e+01 8.243791e+00
      vertex   5.309311e+01 1.955748e+01 7.804912e+00
    endloop
  endfacet
  facet normal 1.000000e+00 0.000000e+00 0.000000e+00
    outer loop
      vertex   5.309311e+01 1.955748e+01 7.804912e+00
      vertex   5.309311e+01 1.718016e+01 8.243791e+00
      vertex   5.309311e+01 1.791591e+01 6.498383e+00
    endloop
  endfacet
  facet normal 1.000000e+00 0.000000e+00 0.000000e+00
    outer loop
      vertex   5.309311e+01 1.955748e+01 7.804912e+00
      vertex   5.309311e+01 1.791591e+01 6.498383e+00
      vertex   5.309311e+01 2.021110e+01 5.916384e+00
    endloop
  endfacet
  facet normal 1.000000e+00 0.000000e+00 0.000000e+00
    outer loop
      vertex   5.309311e+01 2.021110e+01 5.916384e+00
      vertex   5.309311e+01 1.791591e+01 6.498383e+00
      vertex   5.309311e+01 1.847422e+01 4.688391e+00
    endloop
  endfacet
  facet normal 1.000000e+00 0.000000e+00 0.000000e+00
    outer loop
      vertex   5.309311e+01 2.021110e+01 5.916384e+00
      vertex   5.309311e+01 1.847422e+01 4.688391e+00
      vertex   5.309311e+01 2.068225e+01 3.974276e+00
    endloop
  endfacet
  facet normal 1.000000e+00 0.000000e+00 0.000000e+00
    outer loop
      vertex   5.309311e+01 2.068225e+01 3.974276e+00
      vertex   5.309311e+01 1.847422e+01 4.688391e+00
      vertex   5.309311e+01 1.884954e+01 2.831803e+00
    endloop
  endfacet
  facet normal 1.000000e+00 0.000000e+00 0.000000e+00
    outer loop
      vertex   5.309311e+01 2.068225e+01 3.974276e+00
      vertex   5.309311e+01 1.884954e+01 2.831803e+00
      vertex   5.309311e+01 2.096666e+01 1.996177e+00
    endloop
  endfacet
  facet normal 1.000000e+00 0.000000e+00 0.000000e+00
    outer loop
      vertex   5.309311e+01 2.096666e+01 1.996177e+00
      vertex   5.309311e+01 1.884954e+01 2.831803e+00
      vertex   5.309311e+01 1.903813e+01 9.470718e-01
    endloop
  endfacet
  facet normal 1.000000e+00 0.000000e+00 0.000000e+00
    outer loop
      vertex   5.309311e+01 2.096666e+01 1.996177e+00
      vertex   5.309311e+01 1.903813e+01 9.470718e-01
      vertex   5.309311e+01 2.106175e+01 4.440892e-15
    endloop
  endfacet
  facet normal 1.000000e+00 0.000000e+00 0.000000e+00
    outer loop
      vertex   5.309311e+01 2.106175e+01 4.440892e-15
      vertex   5.309311e+01 1.903813e+01 9.470718e-01
      vertex   5.309311e+01 1.903813e+01 -9.470718e-01
    endloop
  endfacet
  facet normal 1.000000e+00 0.000000e+00 0.000000e+00
    outer loop
      vertex   5.309311e+01 2.106175e+01 4.440892e-15
      vertex   5.309311e+01 1.903813e+01 -9.470718e-01
      vertex   5.309311e+01 2.096666e+01 -1.996177e+00
    endloop
  endfacet
  facet normal 1.000000e+00 0.000000e+00 0.000000e+00
    outer loop
      vertex   5.309311e+01 2.096666e+01 -1.996177e+00
      vertex   5.309311e+01 1.903813e+01 -9.470718e-01
      vertex   5.309311e+01 1.884954e+01 -2.831803e+00
    endloop
  endfacet
  facet normal 1.000000e+00 0.000000e+00 0.000000e+00
    outer loop
      vertex   5.309311e+01 2.096666e+01 -1.996177e+00
      vertex   5.309311e+01 1.884954e+01 -2.831803e+00
      vertex   5.309311e+01 2.068225e+01 -3.974276e+00
    endloop
  endfacet
  facet normal 1.000000e+00 0.000000e+00 0.000000e+00
    outer loop
      vertex   5.309311e+01 2.068225e+01 -3.974276e+00
      vertex   5.309311e+01 1.884954e+01 -2.831803e+00
      vertex   5.309311e+01 1.847422e+01 -4.688391e+00
    endloop
  endfacet
  facet normal 1.000000e+00 0.000000e+00 0.000000e+00
    outer loop
      vertex   5.309311e+01 2.068225e+01 -3.974276e+00
      vertex   5.309311e+01 1.847422e+01 -4.688391e+00
      vertex   5.309311e+01 2.021110e+01 -5.916384e+00
    endloop
  endfacet
  facet normal 1.000000e+00 0.000000e+00 0.000000e+00
    outer loop
      vertex   5.309311e+01 2.021110e+01 -5.916384e+00
      vertex   5.309311e+01 1.847422e+01 -4.688391e+00
      vertex   5.309311e+01 1.791591e+01 -6.498383e+00
    endloop
  endfacet
  facet normal 1.000000e+00 0.000000e+00 0.000000e+00
    outer loop
      vertex   5.309311e+01 2.021110e+01 -5.916384e+00
      vertex   5.309311e+01 1.791591e+01 -6.498383e+00
      vertex   5.309311e+01 1.955748e+01 -7.804912e+00
    endloop
  endfacet
  facet normal 1.000000e+00 0.000000e+00 0.000000e+00
    outer loop
      vertex   5.309311e+01 1.955748e+01 -7.804912e+00
      vertex   5.309311e+01 1.791591e+01 -6.498383e+00
      vertex   5.309311e+01 1.718016e+01 -8.243791e+00
    endloop
  endfacet
  facet normal 1.000000e+00 0.000000e+00 0.000000e+00
    outer loop
      vertex   5.309311e+01 1.955748e+01 -7.804912e+00
      vertex   5.309311e+01 1.718016e+01 -8.243791e+00
      vertex   5.309311e+01 1.872729e+01 -9.622757e+00
    endloop
  endfacet
  facet normal 1.000000e+00 0.000000e+00 0.000000e+00
    outer loop
      vertex   5.309311e+01 1.872729e+01 -9.622757e+00
      vertex   5.309311e+01 1.718016e+01 -8.243791e+00
      vertex   5.309311e+01 1.627428e+01 -9.907269e+00
    endloop
  endfacet
  facet normal 1.000000e+00 0.000000e+00 0.000000e+00
    outer loop
      vertex   5.309311e+01 1.872729e+01 -9.622757e+00
      vertex   5.309311e+01 1.627428e+01 -9.907269e+00
      vertex   5.309311e+01 1.772807e+01 -1.135346e+01
    endloop
  endfacet
  facet normal 1.000000e+00 0.000000e+00 0.000000e+00
    outer loop
      vertex   5.309311e+01 1.772807e+01 -1.135346e+01
      vertex   5.309311e+01 1.627428e+01 -9.907269e+00
      vertex   5.309311e+01 1.520727e+01 -1.147228e+01
    endloop
  endfacet
  facet normal 1.000000e+00 0.000000e+00 0.000000e+00
    outer loop
      vertex   5.309311e+01 1.772807e+01 -1.135346e+01
      vertex   5.309311e+01 1.520727e+01 -1.147228e+01
      vertex   5.309311e+01 1.656886e+01 -1.298134e+01
    endloop
  endfacet
  facet normal 1.000000e+00 0.000000e+00 0.000000e+00
    outer loop
      vertex   5.309311e+01 1.656886e+01 -1.298134e+01
      vertex   5.309311e+01 1.520727e+01 -1.147228e+01
      vertex   5.309311e+01 1.398974e+01 -1.292328e+01
    endloop
  endfacet
  facet normal 1.000000e+00 0.000000e+00 0.000000e+00
    outer loop
      vertex   5.309311e+01 1.656886e+01 -1.298134e+01
      vertex   5.309311e+01 1.398974e+01 -1.292328e+01
      vertex   5.309311e+01 1.526016e+01 -1.449166e+01
    endloop
  endfacet
  facet normal 1.000000e+00 0.000000e+00 0.000000e+00
    outer loop
      vertex   5.309311e+01 1.526016e+01 -1.449166e+01
      vertex   5.309311e+01 1.398974e+01 -1.292328e+01
      vertex   5.309311e+01 1.263378e+01 -1.424584e+01
    endloop
  endfacet
  facet normal 1.000000e+00 0.000000e+00 0.000000e+00
    outer loop
      vertex   5.309311e+01 1.526016e+01 -1.449166e+01
      vertex   5.309311e+01 1.263378e+01 -1.424584e+01
      vertex   5.309311e+01 1.381382e+01 -1.587074e+01
    endloop
  endfacet
  facet normal 1.000000e+00 0.000000e+00 0.000000e+00
    outer loop
      vertex   5.309311e+01 1.381382e+01 -1.587074e+01
      vertex   5.309311e+01 1.263378e+01 -1.424584e+01
      vertex   5.309311e+01 1.115288e+01 -1.542682e+01
    endloop
  endfacet
  facet normal 1.000000e+00 0.000000e+00 0.000000e+00
    outer loop
      vertex   5.309311e+01 1.381382e+01 -1.587074e+01
      vertex   5.309311e+01 1.115288e+01 -1.542682e+01
      vertex   5.309311e+01 1.224294e+01 -1.710609e+01
    endloop
  endfacet
  facet normal 1.000000e+00 0.000000e+00 0.000000e+00
    outer loop
      vertex   5.309311e+01 1.224294e+01 -1.710609e+01
      vertex   5.309311e+01 1.115288e+01 -1.542682e+01
      vertex   5.309311e+01 9.561749e+00 -1.645448e+01
    endloop
  endfacet
  facet normal 1.000000e+00 0.000000e+00 0.000000e+00
    outer loop
      vertex   5.309311e+01 1.224294e+01 -1.710609e+01
      vertex   5.309311e+01 9.561749e+00 -1.645448e+01
      vertex   5.309311e+01 1.056175e+01 -1.818653e+01
    endloop
  endfacet
  facet normal 1.000000e+00 0.000000e+00 0.000000e+00
    outer loop
      vertex   5.309311e+01 1.056175e+01 -1.818653e+01
      vertex   5.309311e+01 9.561749e+00 -1.645448e+01
      vertex   5.309311e+01 8.785465e+00 -1.910227e+01
    endloop
  endfacet
  facet normal 1.000000e+00 0.000000e+00 -0.000000e+00
    outer loop
      vertex   5.309311e+01 8.785465e+00 -1.910227e+01
      vertex   5.309311e+01 9.561749e+00 -1.645448e+01
      vertex   5.309311e+01 7.876204e+00 -1.731861e+01
    endloop
  endfacet
  facet normal 1.000000e+00 0.000000e+00 0.000000e+00
    outer loop
      vertex   5.309311e+01 8.785465e+00 -1.910227e+01
      vertex   5.309311e+01 7.876204e+00 -1.731861e+01
      vertex   5.309311e+01 6.930177e+00 -1.984502e+01
    endloop
  endfacet
  facet normal 1.000000e+00 0.000000e+00 -0.000000e+00
    outer loop
      vertex   5.309311e+01 6.930177e+00 -1.984502e+01
      vertex   5.309311e+01 7.876204e+00 -1.731861e+01
      vertex   5.309311e+01 6.112996e+00 -1.801062e+01
    endloop
  endfacet
  facet normal 1.000000e+00 0.000000e+00 0.000000e+00
    outer loop
      vertex   5.309311e+01 6.930177e+00 -1.984502e+01
      vertex   5.309311e+01 6.112996e+00 -1.801062e+01
      vertex   5.309311e+01 5.012687e+00 -2.040804e+01
    endloop
  endfacet
  facet normal 1.000000e+00 0.000000e+00 -0.000000e+00
    outer loop
      vertex   5.309311e+01 5.012687e+00 -2.040804e+01
      vertex   5.309311e+01 6.112996e+00 -1.801062e+01
      vertex   5.309311e+01 4.289647e+00 -1.852363e+01
    endloop
  endfacet
  facet normal 1.000000e+00 0.000000e+00 0.000000e+00
    outer loop
      vertex   5.309311e+01 5.012687e+00 -2.040804e+01
      vertex   5.309311e+01 4.289647e+00 -1.852363e+01
      vertex   5.309311e+01 3.050361e+00 -2.078625e+01
    endloop
  endfacet
  facet normal 1.000000e+00 0.000000e+00 -0.000000e+00
    outer loop
      vertex   5.309311e+01 3.050361e+00 -2.078625e+01
      vertex   5.309311e+01 4.289647e+00 -1.852363e+01
      vertex   5.309311e+01 2.424280e+00 -1.885254e+01
    endloop
  endfacet
  facet normal 1.000000e+00 0.000000e+00 0.000000e+00
    outer loop
      vertex   5.309311e+01 3.050361e+00 -2.078625e+01
      vertex   5.309311e+01 2.424280e+00 -1.885254e+01
      vertex   5.309311e+01 1.060970e+00 -2.097621e+01
    endloop
  endfacet
  facet normal 1.000000e+00 0.000000e+00 -0.000000e+00
    outer loop
      vertex   5.309311e+01 1.060970e+00 -2.097621e+01
      vertex   5.309311e+01 2.424280e+00 -1.885254e+01
      vertex   5.309311e+01 5.354326e-01 -1.899409e+01
    endloop
  endfacet
  facet normal 1.000000e+00 0.000000e+00 0.000000e+00
    outer loop
      vertex   5.309311e+01 1.060970e+00 -2.097621e+01
      vertex   5.309311e+01 5.354326e-01 -1.899409e+01
      vertex   5.309311e+01 -9.374707e-01 -2.097621e+01
    endloop
  endfacet
  facet normal 1.000000e+00 0.000000e+00 -0.000000e+00
    outer loop
      vertex   5.309311e+01 -9.374707e-01 -2.097621e+01
      vertex   5.309311e+01 5.354326e-01 -1.899409e+01
      vertex   5.309311e+01 -1.358122e+00 -1.894687e+01
    endloop
  endfacet
  facet normal 1.000000e+00 0.000000e+00 0.000000e+00
    outer loop
      vertex   5.309311e+01 -9.374707e-01 -2.097621e+01
      vertex   5.309311e+01 -1.358122e+00 -1.894687e+01
      vertex   5.309311e+01 -2.926862e+00 -2.078625e+01
    endloop
  endfacet
  facet normal 1.000000e+00 0.000000e+00 -0.000000e+00
    outer loop
      vertex   5.309311e+01 -2.926862e+00 -2.078625e+01
      vertex   5.309311e+01 -1.358122e+00 -1.894687e+01
      vertex   5.309311e+01 -3.237566e+00 -1.871135e+01
    endloop
  endfacet
  facet normal 1.000000e+00 0.000000e+00 0.000000e+00
    outer loop
      vertex   5.309311e+01 -2.926862e+00 -2.078625e+01
      vertex   5.309311e+01 -3.237566e+00 -1.871135e+01
      vertex   5.309311e+01 -4.889188e+00 -2.040804e+01
    endloop
  endfacet
  facet normal 1.000000e+00 0.000000e+00 -0.000000e+00
    outer loop
      vertex   5.309311e+01 -4.889188e+00 -2.040804e+01
      vertex   5.309311e+01 -3.237566e+00 -1.871135e+01
      vertex   5.309311e+01 -5.084219e+00 -1.828986e+01
    endloop
  endfacet
  facet normal 1.000000e+00 0.000000e+00 0.000000e+00
    outer loop
      vertex   5.309311e+01 -4.889188e+00 -2.040804e+01
      vertex   5.309311e+01 -5.084219e+00 -1.828986e+01
      vertex   5.309311e+01 -6.806678e+00 -1.984502e+01
    endloop
  endfacet
  facet normal 1.000000e+00 0.000000e+00 -0.000000e+00
    outer loop
      vertex   5.309311e+01 -6.806678e+00 -1.984502e+01
      vertex   5.309311e+01 -5.084219e+00 -1.828986e+01
      vertex   5.309311e+01 -6.879730e+00 -1.768660e+01
    endloop
  endfacet
  facet normal 1.000000e+00 0.000000e+00 0.000000e+00
    outer loop
      vertex   5.309311e+01 -6.806678e+00 -1.984502e+01
      vertex   5.309311e+01 -6.879730e+00 -1.768660e+01
      vertex   5.309311e+01 -8.661966e+00 -1.910227e+01
    endloop
  endfacet
  facet normal 1.000000e+00 0.000000e+00 0.000000e+00
    outer loop
      vertex   5.309311e+01 -8.661966e+00 -1.910227e+01
      vertex   5.309311e+01 -6.879730e+00 -1.768660e+01
      vertex   5.309311e+01 -8.606253e+00 -1.690756e+01
    endloop
  endfacet
  facet normal 1.000000e+00 0.000000e+00 -0.000000e+00
    outer loop
      vertex   5.309311e+01 -8.661966e+00 -1.910227e+01
      vertex   5.309311e+01 -8.606253e+00 -1.690756e+01
      vertex   5.309311e+01 -1.043825e+01 -1.818653e+01
    endloop
  endfacet
  facet normal 1.000000e+00 0.000000e+00 0.000000e+00
    outer loop
      vertex   5.309311e+01 -1.043825e+01 -1.818653e+01
      vertex   5.309311e+01 -8.606253e+00 -1.690756e+01
      vertex   5.309311e+01 -1.024663e+01 -1.596049e+01
    endloop
  endfacet
  facet normal 1.000000e+00 0.000000e+00 -0.000000e+00
    outer loop
      vertex   5.309311e+01 -1.043825e+01 -1.818653e+01
      vertex   5.309311e+01 -1.024663e+01 -1.596049e+01
      vertex   5.309311e+01 -1.211945e+01 -1.710609e+01
    endloop
  endfacet
  facet normal 1.000000e+00 0.000000e+00 0.000000e+00
    outer loop
      vertex   5.309311e+01 -1.211945e+01 -1.710609e+01
      vertex   5.309311e+01 -1.024663e+01 -1.596049e+01
      vertex   5.309311e+01 -1.178456e+01 -1.485480e+01
    endloop
  endfacet
  facet normal 1.000000e+00 0.000000e+00 -0.000000e+00
    outer loop
      vertex   5.309311e+01 -1.211945e+01 -1.710609e+01
      vertex   5.309311e+01 -1.178456e+01 -1.485480e+01
      vertex   5.309311e+01 -1.369033e+01 -1.587074e+01
    endloop
  endfacet
  facet normal 1.000000e+00 0.000000e+00 0.000000e+00
    outer loop
      vertex   5.309311e+01 -1.369033e+01 -1.587074e+01
      vertex   5.309311e+01 -1.178456e+01 -1.485480e+01
      vertex   5.309311e+01 -1.320475e+01 -1.360147e+01
    endloop
  endfacet
  facet normal 1.000000e+00 0.000000e+00 -0.000000e+00
    outer loop
      vertex   5.309311e+01 -1.369033e+01 -1.587074e+01
      vertex   5.309311e+01 -1.320475e+01 -1.360147e+01
      vertex   5.309311e+01 -1.513667e+01 -1.449166e+01
    endloop
  endfacet
  facet normal 1.000000e+00 0.000000e+00 0.000000e+00
    outer loop
      vertex   5.309311e+01 -1.513667e+01 -1.449166e+01
      vertex   5.309311e+01 -1.320475e+01 -1.360147e+01
      vertex   5.309311e+01 -1.449309e+01 -1.221296e+01
    endloop
  endfacet
  facet normal 1.000000e+00 0.000000e+00 -0.000000e+00
    outer loop
      vertex   5.309311e+01 -1.513667e+01 -1.449166e+01
      vertex   5.309311e+01 -1.449309e+01 -1.221296e+01
      vertex   5.309311e+01 -1.644537e+01 -1.298134e+01
    endloop
  endfacet
  facet normal 1.000000e+00 0.000000e+00 0.000000e+00
    outer loop
      vertex   5.309311e+01 -1.644537e+01 -1.298134e+01
      vertex   5.309311e+01 -1.449309e+01 -1.221296e+01
      vertex   5.309311e+01 -1.563679e+01 -1.070308e+01
    endloop
  endfacet
  facet normal 1.000000e+00 0.000000e+00 -0.000000e+00
    outer loop
      vertex   5.309311e+01 -1.644537e+01 -1.298134e+01
      vertex   5.309311e+01 -1.563679e+01 -1.070308e+01
      vertex   5.309311e+01 -1.760457e+01 -1.135346e+01
    endloop
  endfacet
  facet normal 1.000000e+00 0.000000e+00 0.000000e+00
    outer loop
      vertex   5.309311e+01 -1.760457e+01 -1.135346e+01
      vertex   5.309311e+01 -1.563679e+01 -1.070308e+01
      vertex   5.309311e+01 -1.662446e+01 -9.086826e+00
    endloop
  endfacet
  facet normal 1.000000e+00 0.000000e+00 -0.000000e+00
    outer loop
      vertex   5.309311e+01 -1.760457e+01 -1.135346e+01
      vertex   5.309311e+01 -1.662446e+01 -9.086826e+00
      vertex   5.309311e+01 -1.860379e+01 -9.622757e+00
    endloop
  endfacet
  facet normal 1.000000e+00 0.000000e+00 0.000000e+00
    outer loop
      vertex   5.309311e+01 -1.860379e+01 -9.622757e+00
      vertex   5.309311e+01 -1.662446e+01 -9.086826e+00
      vertex   5.309311e+01 -1.744630e+01 -7.380261e+00
    endloop
  endfacet
  facet normal 1.000000e+00 0.000000e+00 -0.000000e+00
    outer loop
      vertex   5.309311e+01 -1.860379e+01 -9.622757e+00
      vertex   5.309311e+01 -1.744630e+01 -7.380261e+00
      vertex   5.309311e+01 -1.943398e+01 -7.804912e+00
    endloop
  endfacet
  facet normal 1.000000e+00 0.000000e+00 0.000000e+00
    outer loop
      vertex   5.309311e+01 -1.943398e+01 -7.804912e+00
      vertex   5.309311e+01 -1.744630e+01 -7.380261e+00
      vertex   5.309311e+01 -1.809413e+01 -5.600348e+00
    endloop
  endfacet
  facet normal 1.000000e+00 0.000000e+00 -0.000000e+00
    outer loop
      vertex   5.309311e+01 -1.943398e+01 -7.804912e+00
      vertex   5.309311e+01 -1.809413e+01 -5.600348e+00
      vertex   5.309311e+01 -2.008760e+01 -5.916384e+00
    endloop
  endfacet
  facet normal 1.000000e+00 0.000000e+00 0.000000e+00
    outer loop
      vertex   5.309311e+01 -2.008760e+01 -5.916384e+00
      vertex   5.309311e+01 -1.809413e+01 -5.600348e+00
      vertex   5.309311e+01 -1.856153e+01 -3.764777e+00
    endloop
  endfacet
  facet normal 1.000000e+00 0.000000e+00 -0.000000e+00
    outer loop
      vertex   5.309311e+01 -2.008760e+01 -5.916384e+00
      vertex   5.309311e+01 -1.856153e+01 -3.764777e+00
      vertex   5.309311e+01 -2.055875e+01 -3.974276e+00
    endloop
  endfacet
  facet normal 1.000000e+00 0.000000e+00 0.000000e+00
    outer loop
      vertex   5.309311e+01 -2.055875e+01 -3.974276e+00
      vertex   5.309311e+01 -1.856153e+01 -3.764777e+00
      vertex   5.309311e+01 -1.884384e+01 -1.891789e+00
    endloop
  endfacet
  facet normal 1.000000e+00 0.000000e+00 -0.000000e+00
    outer loop
      vertex   5.309311e+01 -2.055875e+01 -3.974276e+00
      vertex   5.309311e+01 -1.884384e+01 -1.891789e+00
      vertex   5.309311e+01 -2.084316e+01 -1.996177e+00
    endloop
  endfacet
  facet normal 1.000000e+00 0.000000e+00 0.000000e+00
    outer loop
      vertex   5.309311e+01 -2.084316e+01 -1.996177e+00
      vertex   5.309311e+01 -1.884384e+01 -1.891789e+00
      vertex   5.309311e+01 -1.893825e+01 4.440892e-15
    endloop
  endfacet
  facet normal -1.000000e+00 -0.000000e+00 0.000000e+00
    outer loop
      vertex   -6.690689e+01 -1.884384e+01 -1.891789e+00
      vertex   -6.690689e+01 -2.084316e+01 -1.996177e+00
      vertex   -6.690689e+01 -1.893825e+01 4.440892e-15
    endloop
  endfacet
  facet normal -1.000000e+00 -0.000000e+00 0.000000e+00
    outer loop
      vertex   -6.690689e+01 -1.893825e+01 4.440892e-15
      vertex   -6.690689e+01 -2.084316e+01 -1.996177e+00
      vertex   -6.690689e+01 -2.093825e+01 4.440892e-15
    endloop
  endfacet
  facet normal -1.000000e+00 0.000000e+00 0.000000e+00
    outer loop
      vertex   -6.690689e+01 -1.893825e+01 4.440892e-15
      vertex   -6.690689e+01 -2.093825e+01 4.440892e-15
      vertex   -6.690689e+01 -2.084316e+01 1.996177e+00
    endloop
  endfacet
  facet normal -1.000000e+00 0.000000e+00 0.000000e+00
    outer loop
      vertex   -6.690689e+01 -2.084316e+01 -1.996177e+00
      vertex   -6.690689e+01 -1.884384e+01 -1.891789e+00
      vertex   -6.690689e+01 -2.055875e+01 -3.974276e+00
    endloop
  endfacet
  facet normal -1.000000e+00 0.000000e+00 0.000000e+00
    outer loop
      vertex   -6.690689e+01 -2.055875e+01 -3.974276e+00
      vertex   -6.690689e+01 -1.884384e+01 -1.891789e+00
      vertex   -6.690689e+01 -1.856153e+01 -3.764777e+00
    endloop
  endfacet
  facet normal -1.000000e+00 0.000000e+00 0.000000e+00
    outer loop
      vertex   -6.690689e+01 -2.055875e+01 -3.974276e+00
      vertex   -6.690689e+01 -1.856153e+01 -3.764777e+00
      vertex   -6.690689e+01 -2.008760e+01 -5.916384e+00
    endloop
  endfacet
  facet normal -1.000000e+00 0.000000e+00 0.000000e+00
    outer loop
      vertex   -6.690689e+01 -2.008760e+01 -5.916384e+00
      vertex   -6.690689e+01 -1.856153e+01 -3.764777e+00
      vertex   -6.690689e+01 -1.809413e+01 -5.600348e+00
    endloop
  endfacet
  facet normal -1.000000e+00 0.000000e+00 0.000000e+00
    outer loop
      vertex   -6.690689e+01 -2.008760e+01 -5.916384e+00
      vertex   -6.690689e+01 -1.809413e+01 -5.600348e+00
      vertex   -6.690689e+01 -1.943398e+01 -7.804912e+00
    endloop
  endfacet
  facet normal -1.000000e+00 0.000000e+00 0.000000e+00
    outer loop
      vertex   -6.690689e+01 -1.943398e+01 -7.804912e+00
      vertex   -6.690689e+01 -1.809413e+01 -5.600348e+00
      vertex   -6.690689e+01 -1.744630e+01 -7.380261e+00
    endloop
  endfacet
  facet normal -1.000000e+00 0.000000e+00 0.000000e+00
    outer loop
      vertex   -6.690689e+01 -1.943398e+01 -7.804912e+00
      vertex   -6.690689e+01 -1.744630e+01 -7.380261e+00
      vertex   -6.690689e+01 -1.860379e+01 -9.622757e+00
    endloop
  endfacet
  facet normal -1.000000e+00 0.000000e+00 0.000000e+00
    outer loop
      vertex   -6.690689e+01 -1.860379e+01 -9.622757e+00
      vertex   -6.690689e+01 -1.744630e+01 -7.380261e+00
      vertex   -6.690689e+01 -1.662446e+01 -9.086826e+00
    endloop
  endfacet
  facet normal -1.000000e+00 0.000000e+00 0.000000e+00
    outer loop
      vertex   -6.690689e+01 -1.860379e+01 -9.622757e+00
      vertex   -6.690689e+01 -1.662446e+01 -9.086826e+00
      vertex   -6.690689e+01 -1.760457e+01 -1.135346e+01
    endloop
  endfacet
  facet normal -1.000000e+00 0.000000e+00 0.000000e+00
    outer loop
      vertex   -6.690689e+01 -1.760457e+01 -1.135346e+01
      vertex   -6.690689e+01 -1.662446e+01 -9.086826e+00
      vertex   -6.690689e+01 -1.563679e+01 -1.070308e+01
    endloop
  endfacet
  facet normal -1.000000e+00 0.000000e+00 0.000000e+00
    outer loop
      vertex   -6.690689e+01 -1.760457e+01 -1.135346e+01
      vertex   -6.690689e+01 -1.563679e+01 -1.070308e+01
      vertex   -6.690689e+01 -1.644537e+01 -1.298134e+01
    endloop
  endfacet
  facet normal -1.000000e+00 0.000000e+00 0.000000e+00
    outer loop
      vertex   -6.690689e+01 -1.644537e+01 -1.298134e+01
      vertex   -6.690689e+01 -1.563679e+01 -1.070308e+01
      vertex   -6.690689e+01 -1.449309e+01 -1.221296e+01
    endloop
  endfacet
  facet normal -1.000000e+00 0.000000e+00 0.000000e+00
    outer loop
      vertex   -6.690689e+01 -1.644537e+01 -1.298134e+01
      vertex   -6.690689e+01 -1.449309e+01 -1.221296e+01
      vertex   -6.690689e+01 -1.513667e+01 -1.449166e+01
    endloop
  endfacet
  facet normal -1.000000e+00 0.000000e+00 0.000000e+00
    outer loop
      vertex   -6.690689e+01 -1.513667e+01 -1.449166e+01
      vertex   -6.690689e+01 -1.449309e+01 -1.221296e+01
      vertex   -6.690689e+01 -1.320475e+01 -1.360147e+01
    endloop
  endfacet
  facet normal -1.000000e+00 0.000000e+00 0.000000e+00
    outer loop
      vertex   -6.690689e+01 -1.513667e+01 -1.449166e+01
      vertex   -6.690689e+01 -1.320475e+01 -1.360147e+01
      vertex   -6.690689e+01 -1.369033e+01 -1.587074e+01
    endloop
  endfacet
  facet normal -1.000000e+00 0.000000e+00 0.000000e+00
    outer loop
      vertex   -6.690689e+01 -1.369033e+01 -1.587074e+01
      vertex   -6.690689e+01 -1.320475e+01 -1.360147e+01
      vertex   -6.690689e+01 -1.178456e+01 -1.485480e+01
    endloop
  endfacet
  facet normal -1.000000e+00 0.000000e+00 0.000000e+00
    outer loop
      vertex   -6.690689e+01 -1.369033e+01 -1.587074e+01
      vertex   -6.690689e+01 -1.178456e+01 -1.485480e+01
      vertex   -6.690689e+01 -1.211945e+01 -1.710609e+01
    endloop
  endfacet
  facet normal -1.000000e+00 0.000000e+00 0.000000e+00
    outer loop
      vertex   -6.690689e+01 -1.211945e+01 -1.710609e+01
      vertex   -6.690689e+01 -1.178456e+01 -1.485480e+01
      vertex   -6.690689e+01 -1.024663e+01 -1.596049e+01
    endloop
  endfacet
  facet normal -1.000000e+00 0.000000e+00 0.000000e+00
    outer loop
      vertex   -6.690689e+01 -1.211945e+01 -1.710609e+01
      vertex   -6.690689e+01 -1.024663e+01 -1.596049e+01
      vertex   -6.690689e+01 -1.043825e+01 -1.818653e+01
    endloop
  endfacet
  facet normal -1.000000e+00 0.000000e+00 0.000000e+00
    outer loop
      vertex   -6.690689e+01 -1.043825e+01 -1.818653e+01
      vertex   -6.690689e+01 -1.024663e+01 -1.596049e+01
      vertex   -6.690689e+01 -8.606253e+00 -1.690756e+01
    endloop
  endfacet
  facet normal -1.000000e+00 0.000000e+00 0.000000e+00
    outer loop
      vertex   -6.690689e+01 -1.043825e+01 -1.818653e+01
      vertex   -6.690689e+01 -8.606253e+00 -1.690756e+01
      vertex   -6.690689e+01 -8.661966e+00 -1.910227e+01
    endloop
  endfacet
  facet normal -1.000000e+00 0.000000e+00 0.000000e+00
    outer loop
      vertex   -6.690689e+01 -8.661966e+00 -1.910227e+01
      vertex   -6.690689e+01 -8.606253e+00 -1.690756e+01
      vertex   -6.690689e+01 -6.879730e+00 -1.768660e+01
    endloop
  endfacet
  facet normal -1.000000e+00 0.000000e+00 0.000000e+00
    outer loop
      vertex   -6.690689e+01 -8.661966e+00 -1.910227e+01
      vertex   -6.690689e+01 -6.879730e+00 -1.768660e+01
      vertex   -6.690689e+01 -6.806678e+00 -1.984502e+01
    endloop
  endfacet
  facet normal -1.000000e+00 0.000000e+00 0.000000e+00
    outer loop
      vertex   -6.690689e+01 -6.806678e+00 -1.984502e+01
      vertex   -6.690689e+01 -6.879730e+00 -1.768660e+01
      vertex   -6.690689e+01 -5.084219e+00 -1.828986e+01
    endloop
  endfacet
  facet normal -1.000000e+00 0.000000e+00 0.000000e+00
    outer loop
      vertex   -6.690689e+01 -6.806678e+00 -1.984502e+01
      vertex   -6.690689e+01 -5.084219e+00 -1.828986e+01
      vertex   -6.690689e+01 -4.889188e+00 -2.040804e+01
    endloop
  endfacet
  facet normal -1.000000e+00 0.000000e+00 0.000000e+00
    outer loop
      vertex   -6.690689e+01 -4.889188e+00 -2.040804e+01
      vertex   -6.690689e+01 -5.084219e+00 -1.828986e+01
      vertex   -6.690689e+01 -3.237566e+00 -1.871135e+01
    endloop
  endfacet
  facet normal -1.000000e+00 0.000000e+00 0.000000e+00
    outer loop
      vertex   -6.690689e+01 -4.889188e+00 -2.040804e+01
      vertex   -6.690689e+01 -3.237566e+00 -1.871135e+01
      vertex   -6.690689e+01 -2.926862e+00 -2.078625e+01
    endloop
  endfacet
  facet normal -1.000000e+00 0.000000e+00 0.000000e+00
    outer loop
      vertex   -6.690689e+01 -2.926862e+00 -2.078625e+01
      vertex   -6.690689e+01 -3.237566e+00 -1.871135e+01
      vertex   -6.690689e+01 -1.358122e+00 -1.894687e+01
    endloop
  endfacet
  facet normal -1.000000e+00 0.000000e+00 0.000000e+00
    outer loop
      vertex   -6.690689e+01 -2.926862e+00 -2.078625e+01
      vertex   -6.690689e+01 -1.358122e+00 -1.894687e+01
      vertex   -6.690689e+01 -9.374707e-01 -2.097621e+01
    endloop
  endfacet
  facet normal -1.000000e+00 0.000000e+00 0.000000e+00
    outer loop
      vertex   -6.690689e+01 -9.374707e-01 -2.097621e+01
      vertex   -6.690689e+01 -1.358122e+00 -1.894687e+01
      vertex   -6.690689e+01 5.354326e-01 -1.899409e+01
    endloop
  endfacet
  facet normal -1.000000e+00 0.000000e+00 0.000000e+00
    outer loop
      vertex   -6.690689e+01 -9.374707e-01 -2.097621e+01
      vertex   -6.690689e+01 5.354326e-01 -1.899409e+01
      vertex   -6.690689e+01 1.060970e+00 -2.097621e+01
    endloop
  endfacet
  facet normal -1.000000e+00 0.000000e+00 0.000000e+00
    outer loop
      vertex   -6.690689e+01 1.060970e+00 -2.097621e+01
      vertex   -6.690689e+01 5.354326e-01 -1.899409e+01
      vertex   -6.690689e+01 2.424280e+00 -1.885254e+01
    endloop
  endfacet
  facet normal -1.000000e+00 0.000000e+00 0.000000e+00
    outer loop
      vertex   -6.690689e+01 1.060970e+00 -2.097621e+01
      vertex   -6.690689e+01 2.424280e+00 -1.885254e+01
      vertex   -6.690689e+01 3.050361e+00 -2.078625e+01
    endloop
  endfacet
  facet normal -1.000000e+00 0.000000e+00 0.000000e+00
    outer loop
      vertex   -6.690689e+01 3.050361e+00 -2.078625e+01
      vertex   -6.690689e+01 2.424280e+00 -1.885254e+01
      vertex   -6.690689e+01 4.289647e+00 -1.852363e+01
    endloop
  endfacet
  facet normal -1.000000e+00 0.000000e+00 0.000000e+00
    outer loop
      vertex   -6.690689e+01 3.050361e+00 -2.078625e+01
      vertex   -6.690689e+01 4.289647e+00 -1.852363e+01
      vertex   -6.690689e+01 5.012687e+00 -2.040804e+01
    endloop
  endfacet
  facet normal -1.000000e+00 0.000000e+00 0.000000e+00
    outer loop
      vertex   -6.690689e+01 5.012687e+00 -2.040804e+01
      vertex   -6.690689e+01 4.289647e+00 -1.852363e+01
      vertex   -6.690689e+01 6.112996e+00 -1.801062e+01
    endloop
  endfacet
  facet normal -1.000000e+00 0.000000e+00 0.000000e+00
    outer loop
      vertex   -6.690689e+01 5.012687e+00 -2.040804e+01
      vertex   -6.690689e+01 6.112996e+00 -1.801062e+01
      vertex   -6.690689e+01 6.930177e+00 -1.984502e+01
    endloop
  endfacet
  facet normal -1.000000e+00 0.000000e+00 0.000000e+00
    outer loop
      vertex   -6.690689e+01 6.930177e+00 -1.984502e+01
      vertex   -6.690689e+01 6.112996e+00 -1.801062e+01
      vertex   -6.690689e+01 7.876204e+00 -1.731861e+01
    endloop
  endfacet
  facet normal -1.000000e+00 0.000000e+00 0.000000e+00
    outer loop
      vertex   -6.690689e+01 6.930177e+00 -1.984502e+01
      vertex   -6.690689e+01 7.876204e+00 -1.731861e+01
      vertex   -6.690689e+01 8.785465e+00 -1.910227e+01
    endloop
  endfacet
  facet normal -1.000000e+00 0.000000e+00 0.000000e+00
    outer loop
      vertex   -6.690689e+01 8.785465e+00 -1.910227e+01
      vertex   -6.690689e+01 7.876204e+00 -1.731861e+01
      vertex   -6.690689e+01 9.561749e+00 -1.645448e+01
    endloop
  endfacet
  facet normal -1.000000e+00 0.000000e+00 0.000000e+00
    outer loop
      vertex   -6.690689e+01 8.785465e+00 -1.910227e+01
      vertex   -6.690689e+01 9.561749e+00 -1.645448e+01
      vertex   -6.690689e+01 1.056175e+01 -1.818653e+01
    endloop
  endfacet
  facet normal -1.000000e+00 0.000000e+00 0.000000e+00
    outer loop
      vertex   -6.690689e+01 1.056175e+01 -1.818653e+01
      vertex   -6.690689e+01 9.561749e+00 -1.645448e+01
      vertex   -6.690689e+01 1.224294e+01 -1.710609e+01
    endloop
  endfacet
  facet normal -1.000000e+00 0.000000e+00 0.000000e+00
    outer loop
      vertex   -6.690689e+01 1.224294e+01 -1.710609e+01
      vertex   -6.690689e+01 9.561749e+00 -1.645448e+01
      vertex   -6.690689e+01 1.115288e+01 -1.542682e+01
    endloop
  endfacet
  facet normal -1.000000e+00 0.000000e+00 0.000000e+00
    outer loop
      vertex   -6.690689e+01 1.224294e+01 -1.710609e+01
      vertex   -6.690689e+01 1.115288e+01 -1.542682e+01
      vertex   -6.690689e+01 1.381382e+01 -1.587074e+01
    endloop
  endfacet
  facet normal -1.000000e+00 0.000000e+00 0.000000e+00
    outer loop
      vertex   -6.690689e+01 1.381382e+01 -1.587074e+01
      vertex   -6.690689e+01 1.115288e+01 -1.542682e+01
      vertex   -6.690689e+01 1.263378e+01 -1.424584e+01
    endloop
  endfacet
  facet normal -1.000000e+00 0.000000e+00 0.000000e+00
    outer loop
      vertex   -6.690689e+01 1.381382e+01 -1.587074e+01
      vertex   -6.690689e+01 1.263378e+01 -1.424584e+01
      vertex   -6.690689e+01 1.526016e+01 -1.449166e+01
    endloop
  endfacet
  facet normal -1.000000e+00 0.000000e+00 0.000000e+00
    outer loop
      vertex   -6.690689e+01 1.526016e+01 -1.449166e+01
      vertex   -6.690689e+01 1.263378e+01 -1.424584e+01
      vertex   -6.690689e+01 1.398974e+01 -1.292328e+01
    endloop
  endfacet
  facet normal -1.000000e+00 0.000000e+00 0.000000e+00
    outer loop
      vertex   -6.690689e+01 1.526016e+01 -1.449166e+01
      vertex   -6.690689e+01 1.398974e+01 -1.292328e+01
      vertex   -6.690689e+01 1.656886e+01 -1.298134e+01
    endloop
  endfacet
  facet normal -1.000000e+00 0.000000e+00 0.000000e+00
    outer loop
      vertex   -6.690689e+01 1.656886e+01 -1.298134e+01
      vertex   -6.690689e+01 1.398974e+01 -1.292328e+01
      vertex   -6.690689e+01 1.520727e+01 -1.147228e+01
    endloop
  endfacet
  facet normal -1.000000e+00 0.000000e+00 0.000000e+00
    outer loop
      vertex   -6.690689e+01 1.656886e+01 -1.298134e+01
      vertex   -6.690689e+01 1.520727e+01 -1.147228e+01
      vertex   -6.690689e+01 1.772807e+01 -1.135346e+01
    endloop
  endfacet
  facet normal -1.000000e+00 -0.000000e+00 0.000000e+00
    outer loop
      vertex   -6.690689e+01 1.772807e+01 -1.135346e+01
      vertex   -6.690689e+01 1.520727e+01 -1.147228e+01
      vertex   -6.690689e+01 1.627428e+01 -9.907269e+00
    endloop
  endfacet
  facet normal -1.000000e+00 0.000000e+00 0.000000e+00
    outer loop
      vertex   -6.690689e+01 1.772807e+01 -1.135346e+01
      vertex   -6.690689e+01 1.627428e+01 -9.907269e+00
      vertex   -6.690689e+01 1.872729e+01 -9.622757e+00
    endloop
  endfacet
  facet normal -1.000000e+00 -0.000000e+00 0.000000e+00
    outer loop
      vertex   -6.690689e+01 1.872729e+01 -9.622757e+00
      vertex   -6.690689e+01 1.627428e+01 -9.907269e+00
      vertex   -6.690689e+01 1.718016e+01 -8.243791e+00
    endloop
  endfacet
  facet normal -1.000000e+00 0.000000e+00 0.000000e+00
    outer loop
      vertex   -6.690689e+01 1.872729e+01 -9.622757e+00
      vertex   -6.690689e+01 1.718016e+01 -8.243791e+00
      vertex   -6.690689e+01 1.955748e+01 -7.804912e+00
    endloop
  endfacet
  facet normal -1.000000e+00 -0.000000e+00 0.000000e+00
    outer loop
      vertex   -6.690689e+01 1.955748e+01 -7.804912e+00
      vertex   -6.690689e+01 1.718016e+01 -8.243791e+00
      vertex   -6.690689e+01 1.791591e+01 -6.498383e+00
    endloop
  endfacet
  facet normal -1.000000e+00 0.000000e+00 0.000000e+00
    outer loop
      vertex   -6.690689e+01 1.955748e+01 -7.804912e+00
      vertex   -6.690689e+01 1.791591e+01 -6.498383e+00
      vertex   -6.690689e+01 2.021110e+01 -5.916384e+00
    endloop
  endfacet
  facet normal -1.000000e+00 -0.000000e+00 0.000000e+00
    outer loop
      vertex   -6.690689e+01 2.021110e+01 -5.916384e+00
      vertex   -6.690689e+01 1.791591e+01 -6.498383e+00
      vertex   -6.690689e+01 1.847422e+01 -4.688391e+00
    endloop
  endfacet
  facet normal -1.000000e+00 0.000000e+00 0.000000e+00
    outer loop
      vertex   -6.690689e+01 2.021110e+01 -5.916384e+00
      vertex   -6.690689e+01 1.847422e+01 -4.688391e+00
      vertex   -6.690689e+01 2.068225e+01 -3.974276e+00
    endloop
  endfacet
  facet normal -1.000000e+00 -0.000000e+00 0.000000e+00
    outer loop
      vertex   -6.690689e+01 2.068225e+01 -3.974276e+00
      vertex   -6.690689e+01 1.847422e+01 -4.688391e+00
      vertex   -6.690689e+01 1.884954e+01 -2.831803e+00
    endloop
  endfacet
  facet normal -1.000000e+00 0.000000e+00 0.000000e+00
    outer loop
      vertex   -6.690689e+01 2.068225e+01 -3.974276e+00
      vertex   -6.690689e+01 1.884954e+01 -2.831803e+00
      vertex   -6.690689e+01 2.096666e+01 -1.996177e+00
    endloop
  endfacet
  facet normal -1.000000e+00 -0.000000e+00 0.000000e+00
    outer loop
      vertex   -6.690689e+01 2.096666e+01 -1.996177e+00
      vertex   -6.690689e+01 1.884954e+01 -2.831803e+00
      vertex   -6.690689e+01 1.903813e+01 -9.470718e-01
    endloop
  endfacet
  facet normal -1.000000e+00 0.000000e+00 0.000000e+00
    outer loop
      vertex   -6.690689e+01 2.096666e+01 -1.996177e+00
      vertex   -6.690689e+01 1.903813e+01 -9.470718e-01
      vertex   -6.690689e+01 2.106175e+01 4.440892e-15
    endloop
  endfacet
  facet normal -1.000000e+00 -0.000000e+00 0.000000e+00
    outer loop
      vertex   -6.690689e+01 2.106175e+01 4.440892e-15
      vertex   -6.690689e+01 1.903813e+01 -9.470718e-01
      vertex   -6.690689e+01 1.903813e+01 9.470718e-01
    endloop
  endfacet
  facet normal -1.000000e+00 0.000000e+00 0.000000e+00
    outer loop
      vertex   -6.690689e+01 2.106175e+01 4.440892e-15
      vertex   -6.690689e+01 1.903813e+01 9.470718e-01
      vertex   -6.690689e+01 2.096666e+01 1.996177e+00
    endloop
  endfacet
  facet normal -1.000000e+00 -0.000000e+00 0.000000e+00
    outer loop
      vertex   -6.690689e+01 2.096666e+01 1.996177e+00
      vertex   -6.690689e+01 1.903813e+01 9.470718e-01
      vertex   -6.690689e+01 1.884954e+01 2.831803e+00
    endloop
  endfacet
  facet normal -1.000000e+00 0.000000e+00 0.000000e+00
    outer loop
      vertex   -6.690689e+01 2.096666e+01 1.996177e+00
      vertex   -6.690689e+01 1.884954e+01 2.831803e+00
      vertex   -6.690689e+01 2.068225e+01 3.974276e+00
    endloop
  endfacet
  facet normal -1.000000e+00 -0.000000e+00 0.000000e+00
    outer loop
      vertex   -6.690689e+01 2.068225e+01 3.974276e+00
      vertex   -6.690689e+01 1.884954e+01 2.831803e+00
      vertex   -6.690689e+01 1.847422e+01 4.688391e+00
    endloop
  endfacet
  facet normal -1.000000e+00 0.000000e+00 0.000000e+00
    outer loop
      vertex   -6.690689e+01 2.068225e+01 3.974276e+00
      vertex   -6.690689e+01 1.847422e+01 4.688391e+00
      vertex   -6.690689e+01 2.021110e+01 5.916384e+00
    endloop
  endfacet
  facet normal -1.000000e+00 -0.000000e+00 0.000000e+00
    outer loop
      vertex   -6.690689e+01 2.021110e+01 5.916384e+00
      vertex   -6.690689e+01 1.847422e+01 4.688391e+00
      vertex   -6.690689e+01 1.791591e+01 6.498383e+00
    endloop
  endfacet
  facet normal -1.000000e+00 0.000000e+00 0.000000e+00
    outer loop
      vertex   -6.690689e+01 2.021110e+01 5.916384e+00
      vertex   -6.690689e+01 1.791591e+01 6.498383e+00
      vertex   -6.690689e+01 1.955748e+01 7.804912e+00
    endloop
  endfacet
  facet normal -1.000000e+00 -0.000000e+00 0.000000e+00
    outer loop
      vertex   -6.690689e+01 1.955748e+01 7.804912e+00
      vertex   -6.690689e+01 1.791591e+01 6.498383e+00
      vertex   -6.690689e+01 1.718016e+01 8.243791e+00
    endloop
  endfacet
  facet normal -1.000000e+00 0.000000e+00 0.000000e+00
    outer loop
      vertex   -6.690689e+01 1.955748e+01 7.804912e+00
      vertex   -6.690689e+01 1.718016e+01 8.243791e+00
      vertex   -6.690689e+01 1.872729e+01 9.622757e+00
    endloop
  endfacet
  facet normal -1.000000e+00 -0.000000e+00 0.000000e+00
    outer loop
      vertex   -6.690689e+01 1.872729e+01 9.622757e+00
      vertex   -6.690689e+01 1.718016e+01 8.243791e+00
      vertex   -6.690689e+01 1.627428e+01 9.907269e+00
    endloop
  endfacet
  facet normal -1.000000e+00 0.000000e+00 0.000000e+00
    outer loop
      vertex   -6.690689e+01 1.872729e+01 9.622757e+00
      vertex   -6.690689e+01 1.627428e+01 9.907269e+00
      vertex   -6.690689e+01 1.772807e+01 1.135346e+01
    endloop
  endfacet
  facet normal -1.000000e+00 -0.000000e+00 0.000000e+00
    outer loop
      vertex   -6.690689e+01 1.772807e+01 1.135346e+01
      vertex   -6.690689e+01 1.627428e+01 9.907269e+00
      vertex   -6.690689e+01 1.520727e+01 1.147228e+01
    endloop
  endfacet
  facet normal -1.000000e+00 0.000000e+00 0.000000e+00
    outer loop
      vertex   -6.690689e+01 1.772807e+01 1.135346e+01
      vertex   -6.690689e+01 1.520727e+01 1.147228e+01
      vertex   -6.690689e+01 1.656886e+01 1.298134e+01
    endloop
  endfacet
  facet normal -1.000000e+00 0.000000e+00 0.000000e+00
    outer loop
      vertex   -6.690689e+01 1.656886e+01 1.298134e+01
      vertex   -6.690689e+01 1.520727e+01 1.147228e+01
      vertex   -6.690689e+01 1.398974e+01 1.292328e+01
    endloop
  endfacet
  facet normal -1.000000e+00 -0.000000e+00 0.000000e+00
    outer loop
      vertex   -6.690689e+01 1.656886e+01 1.298134e+01
      vertex   -6.690689e+01 1.398974e+01 1.292328e+01
      vertex   -6.690689e+01 1.526016e+01 1.449166e+01
    endloop
  endfacet
  facet normal -1.000000e+00 0.000000e+00 0.000000e+00
    outer loop
      vertex   -6.690689e+01 1.526016e+01 1.449166e+01
      vertex   -6.690689e+01 1.398974e+01 1.292328e+01
      vertex   -6.690689e+01 1.263378e+01 1.424584e+01
    endloop
  endfacet
  facet normal -1.000000e+00 -0.000000e+00 0.000000e+00
    outer loop
      vertex   -6.690689e+01 1.526016e+01 1.449166e+01
      vertex   -6.690689e+01 1.263378e+01 1.424584e+01
      vertex   -6.690689e+01 1.381382e+01 1.587074e+01
    endloop
  endfacet
  facet normal -1.000000e+00 0.000000e+00 0.000000e+00
    outer loop
      vertex   -6.690689e+01 1.381382e+01 1.587074e+01
      vertex   -6.690689e+01 1.263378e+01 1.424584e+01
      vertex   -6.690689e+01 1.115288e+01 1.542682e+01
    endloop
  endfacet
  facet normal -1.000000e+00 -0.000000e+00 0.000000e+00
    outer loop
      vertex   -6.690689e+01 1.381382e+01 1.587074e+01
      vertex   -6.690689e+01 1.115288e+01 1.542682e+01
      vertex   -6.690689e+01 1.224294e+01 1.710609e+01
    endloop
  endfacet
  facet normal -1.000000e+00 0.000000e+00 0.000000e+00
    outer loop
      vertex   -6.690689e+01 1.224294e+01 1.710609e+01
      vertex   -6.690689e+01 1.115288e+01 1.542682e+01
      vertex   -6.690689e+01 9.561749e+00 1.645448e+01
    endloop
  endfacet
  facet normal -1.000000e+00 -0.000000e+00 0.000000e+00
    outer loop
      vertex   -6.690689e+01 1.224294e+01 1.710609e+01
      vertex   -6.690689e+01 9.561749e+00 1.645448e+01
      vertex   -6.690689e+01 1.056175e+01 1.818653e+01
    endloop
  endfacet
  facet normal -1.000000e+00 -0.000000e+00 0.000000e+00
    outer loop
      vertex   -6.690689e+01 1.056175e+01 1.818653e+01
      vertex   -6.690689e+01 9.561749e+00 1.645448e+01
      vertex   -6.690689e+01 8.785465e+00 1.910227e+01
    endloop
  endfacet
  facet normal -1.000000e+00 0.000000e+00 -0.000000e+00
    outer loop
      vertex   -6.690689e+01 8.785465e+00 1.910227e+01
      vertex   -6.690689e+01 9.561749e+00 1.645448e+01
      vertex   -6.690689e+01 7.876204e+00 1.731861e+01
    endloop
  endfacet
  facet normal -1.000000e+00 -0.000000e+00 0.000000e+00
    outer loop
      vertex   -6.690689e+01 8.785465e+00 1.910227e+01
      vertex   -6.690689e+01 7.876204e+00 1.731861e+01
      vertex   -6.690689e+01 6.930177e+00 1.984502e+01
    endloop
  endfacet
  facet normal -1.000000e+00 0.000000e+00 -0.000000e+00
    outer loop
      vertex   -6.690689e+01 6.930177e+00 1.984502e+01
      vertex   -6.690689e+01 7.876204e+00 1.731861e+01
      vertex   -6.690689e+01 6.112996e+00 1.801062e+01
    endloop
  endfacet
  facet normal -1.000000e+00 -0.000000e+00 0.000000e+00
    outer loop
      vertex   -6.690689e+01 6.930177e+00 1.984502e+01
      vertex   -6.690689e+01 6.112996e+00 1.801062e+01
      vertex   -6.690689e+01 5.012687e+00 2.040804e+01
    endloop
  endfacet
  facet normal -1.000000e+00 0.000000e+00 -0.000000e+00
    outer loop
      vertex   -6.690689e+01 5.012687e+00 2.040804e+01
      vertex   -6.690689e+01 6.112996e+00 1.801062e+01
      vertex   -6.690689e+01 4.289647e+00 1.852363e+01
    endloop
  endfacet
  facet normal -1.000000e+00 -0.000000e+00 0.000000e+00
    outer loop
      vertex   -6.690689e+01 5.012687e+00 2.040804e+01
      vertex   -6.690689e+01 4.289647e+00 1.852363e+01
      vertex   -6.690689e+01 3.050361e+00 2.078625e+01
    endloop
  endfacet
  facet normal -1.000000e+00 0.000000e+00 -0.000000e+00
    outer loop
      vertex   -6.690689e+01 3.050361e+00 2.078625e+01
      vertex   -6.690689e+01 4.289647e+00 1.852363e+01
      vertex   -6.690689e+01 2.424280e+00 1.885254e+01
    endloop
  endfacet
  facet normal -1.000000e+00 -0.000000e+00 0.000000e+00
    outer loop
      vertex   -6.690689e+01 3.050361e+00 2.078625e+01
      vertex   -6.690689e+01 2.424280e+00 1.885254e+01
      vertex   -6.690689e+01 1.060970e+00 2.097621e+01
    endloop
  endfacet
  facet normal -1.000000e+00 0.000000e+00 -0.000000e+00
    outer loop
      vertex   -6.690689e+01 1.060970e+00 2.097621e+01
      vertex   -6.690689e+01 2.424280e+00 1.885254e+01
      vertex   -6.690689e+01 5.354326e-01 1.899409e+01
    endloop
  endfacet
  facet normal -1.000000e+00 -0.000000e+00 0.000000e+00
    outer loop
      vertex   -6.690689e+01 1.060970e+00 2.097621e+01
      vertex   -6.690689e+01 5.354326e-01 1.899409e+01
      vertex   -6.690689e+01 -9.374707e-01 2.097621e+01
    endloop
  endfacet
  facet normal -1.000000e+00 0.000000e+00 -0.000000e+00
    outer loop
      vertex   -6.690689e+01 -9.374707e-01 2.097621e+01
      vertex   -6.690689e+01 5.354326e-01 1.899409e+01
      vertex   -6.690689e+01 -1.358122e+00 1.894687e+01
    endloop
  endfacet
  facet normal -1.000000e+00 0.000000e+00 0.000000e+00
    outer loop
      vertex   -6.690689e+01 -9.374707e-01 2.097621e+01
      vertex   -6.690689e+01 -1.358122e+00 1.894687e+01
      vertex   -6.690689e+01 -2.926862e+00 2.078625e+01
    endloop
  endfacet
  facet normal -1.000000e+00 0.000000e+00 -0.000000e+00
    outer loop
      vertex   -6.690689e+01 -2.926862e+00 2.078625e+01
      vertex   -6.690689e+01 -1.358122e+00 1.894687e+01
      vertex   -6.690689e+01 -3.237566e+00 1.871135e+01
    endloop
  endfacet
  facet normal -1.000000e+00 0.000000e+00 0.000000e+00
    outer loop
      vertex   -6.690689e+01 -2.926862e+00 2.078625e+01
      vertex   -6.690689e+01 -3.237566e+00 1.871135e+01
      vertex   -6.690689e+01 -4.889188e+00 2.040804e+01
    endloop
  endfacet
  facet normal -1.000000e+00 0.000000e+00 -0.000000e+00
    outer loop
      vertex   -6.690689e+01 -4.889188e+00 2.040804e+01
      vertex   -6.690689e+01 -3.237566e+00 1.871135e+01
      vertex   -6.690689e+01 -5.084219e+00 1.828986e+01
    endloop
  endfacet
  facet normal -1.000000e+00 0.000000e+00 0.000000e+00
    outer loop
      vertex   -6.690689e+01 -4.889188e+00 2.040804e+01
      vertex   -6.690689e+01 -5.084219e+00 1.828986e+01
      vertex   -6.690689e+01 -6.806678e+00 1.984502e+01
    endloop
  endfacet
  facet normal -1.000000e+00 0.000000e+00 -0.000000e+00
    outer loop
      vertex   -6.690689e+01 -6.806678e+00 1.984502e+01
      vertex   -6.690689e+01 -5.084219e+00 1.828986e+01
      vertex   -6.690689e+01 -6.879730e+00 1.768660e+01
    endloop
  endfacet
  facet normal -1.000000e+00 0.000000e+00 0.000000e+00
    outer loop
      vertex   -6.690689e+01 -6.806678e+00 1.984502e+01
      vertex   -6.690689e+01 -6.879730e+00 1.768660e+01
      vertex   -6.690689e+01 -8.661966e+00 1.910227e+01
    endloop
  endfacet
  facet normal -1.000000e+00 0.000000e+00 0.000000e+00
    outer loop
      vertex   -6.690689e+01 -8.661966e+00 1.910227e+01
      vertex   -6.690689e+01 -6.879730e+00 1.768660e+01
      vertex   -6.690689e+01 -8.606253e+00 1.690756e+01
    endloop
  endfacet
  facet normal -1.000000e+00 0.000000e+00 -0.000000e+00
    outer loop
      vertex   -6.690689e+01 -8.661966e+00 1.910227e+01
      vertex   -6.690689e+01 -8.606253e+00 1.690756e+01
      vertex   -6.690689e+01 -1.043825e+01 1.818653e+01
    endloop
  endfacet
  facet normal -1.000000e+00 0.000000e+00 0.000000e+00
    outer loop
      vertex   -6.690689e+01 -1.043825e+01 1.818653e+01
      vertex   -6.690689e+01 -8.606253e+00 1.690756e+01
      vertex   -6.690689e+01 -1.024663e+01 1.596049e+01
    endloop
  endfacet
  facet normal -1.000000e+00 0.000000e+00 -0.000000e+00
    outer loop
      vertex   -6.690689e+01 -1.043825e+01 1.818653e+01
      vertex   -6.690689e+01 -1.024663e+01 1.596049e+01
      vertex   -6.690689e+01 -1.211945e+01 1.710609e+01
    endloop
  endfacet
  facet normal -1.000000e+00 0.000000e+00 0.000000e+00
    outer loop
      vertex   -6.690689e+01 -1.211945e+01 1.710609e+01
      vertex   -6.690689e+01 -1.024663e+01 1.596049e+01
      vertex   -6.690689e+01 -1.178456e+01 1.485480e+01
    endloop
  endfacet
  facet normal -1.000000e+00 0.000000e+00 -0.000000e+00
    outer loop
      vertex   -6.690689e+01 -1.211945e+01 1.710609e+01
      vertex   -6.690689e+01 -1.178456e+01 1.485480e+01
      vertex   -6.690689e+01 -1.369033e+01 1.587074e+01
    endloop
  endfacet
  facet normal -1.000000e+00 0.000000e+00 0.000000e+00
    outer loop
      vertex   -6.690689e+01 -1.369033e+01 1.587074e+01
      vertex   -6.690689e+01 -1.178456e+01 1.485480e+01
      vertex   -6.690689e+01 -1.320475e+01 1.360147e+01
    endloop
  endfacet
  facet normal -1.000000e+00 0.000000e+00 -0.000000e+00
    outer loop
      vertex   -6.690689e+01 -1.369033e+01 1.587074e+01
      vertex   -6.690689e+01 -1.320475e+01 1.360147e+01
      vertex   -6.690689e+01 -1.513667e+01 1.449166e+01
    endloop
  endfacet
  facet normal -1.000000e+00 0.000000e+00 0.000000e+00
    outer loop
      vertex   -6.690689e+01 -1.513667e+01 1.449166e+01
      vertex   -6.690689e+01 -1.320475e+01 1.360147e+01
      vertex   -6.690689e+01 -1.449309e+01 1.221296e+01
    endloop
  endfacet
  facet normal -1.000000e+00 0.000000e+00 -0.000000e+00
    outer loop
      vertex   -6.690689e+01 -1.513667e+01 1.449166e+01
      vertex   -6.690689e+01 -1.449309e+01 1.221296e+01
      vertex   -6.690689e+01 -1.644537e+01 1.298134e+01
    endloop
  endfacet
  facet normal -1.000000e+00 0.000000e+00 0.000000e+00
    outer loop
      vertex   -6.690689e+01 -1.644537e+01 1.298134e+01
      vertex   -6.690689e+01 -1.449309e+01 1.221296e+01
      vertex   -6.690689e+01 -1.563679e+01 1.070308e+01
    endloop
  endfacet
  facet normal -1.000000e+00 0.000000e+00 -0.000000e+00
    outer loop
      vertex   -6.690689e+01 -1.644537e+01 1.298134e+01
      vertex   -6.690689e+01 -1.563679e+01 1.070308e+01
      vertex   -6.690689e+01 -1.760457e+01 1.135346e+01
    endloop
  endfacet
  facet normal -1.000000e+00 0.000000e+00 0.000000e+00
    outer loop
      vertex   -6.690689e+01 -1.760457e+01 1.135346e+01
      vertex   -6.690689e+01 -1.563679e+01 1.070308e+01
      vertex   -6.690689e+01 -1.662446e+01 9.086826e+00
    endloop
  endfacet
  facet normal -1.000000e+00 0.000000e+00 -0.000000e+00
    outer loop
      vertex   -6.690689e+01 -1.760457e+01 1.135346e+01
      vertex   -6.690689e+01 -1.662446e+01 9.086826e+00
      vertex   -6.690689e+01 -1.860379e+01 9.622757e+00
    endloop
  endfacet
  facet normal -1.000000e+00 0.000000e+00 0.000000e+00
    outer loop
      vertex   -6.690689e+01 -1.860379e+01 9.622757e+00
      vertex   -6.690689e+01 -1.662446e+01 9.086826e+00
      vertex   -6.690689e+01 -1.744630e+01 7.380261e+00
    endloop
  endfacet
  facet normal -1.000000e+00 0.000000e+00 -0.000000e+00
    outer loop
      vertex   -6.690689e+01 -1.860379e+01 9.622757e+00
      vertex   -6.690689e+01 -1.744630e+01 7.380261e+00
      vertex   -6.690689e+01 -1.943398e+01 7.804912e+00
    endloop
  endfacet
  facet normal -1.000000e+00 0.000000e+00 0.000000e+00
    outer loop
      vertex   -6.690689e+01 -1.943398e+01 7.804912e+00
      vertex   -6.690689e+01 -1.744630e+01 7.380261e+00
      vertex   -6.690689e+01 -1.809413e+01 5.600348e+00
    endloop
  endfacet
  facet normal -1.000000e+00 0.000000e+00 -0.000000e+00
    outer loop
      vertex   -6.690689e+01 -1.943398e+01 7.804912e+00
      vertex   -6.690689e+01 -1.809413e+01 5.600348e+00
      vertex   -6.690689e+01 -2.008760e+01 5.916384e+00
    endloop
  endfacet
  facet normal -1.000000e+00 0.000000e+00 0.000000e+00
    outer loop
      vertex   -6.690689e+01 -2.008760e+01 5.916384e+00
      vertex   -6.690689e+01 -1.809413e+01 5.600348e+00
      vertex   -6.690689e+01 -1.856153e+01 3.764777e+00
    endloop
  endfacet
  facet normal -1.000000e+00 0.000000e+00 -0.000000e+00
    outer loop
      vertex   -6.690689e+01 -2.008760e+01 5.916384e+00
      vertex   -6.690689e+01 -1.856153e+01 3.764777e+00
      vertex   -6.690689e+01 -2.055875e+01 3.974276e+00
    endloop
  endfacet
  facet normal -1.000000e+00 0.000000e+00 0.000000e+00
    outer loop
      vertex   -6.690689e+01 -2.055875e+01 3.974276e+00
      vertex   -6.690689e+01 -1.856153e+01 3.764777e+00
      vertex   -6.690689e+01 -1.884384e+01 1.891789e+00
    endloop
  endfacet
  facet normal -1.000000e+00 0.000000e+00 -0.000000e+00
    outer loop
      vertex   -6.690689e+01 -2.055875e+01 3.974276e+00
      vertex   -6.690689e+01 -1.884384e+01 1.891789e+00
      vertex   -6.690689e+01 -2.084316e+01 1.996177e+00
    endloop
  endfacet
  facet normal -1.000000e+00 0.000000e+00 0.000000e+00
    outer loop
      vertex   -6.690689e+01 -2.084316e+01 1.996177e+00
      vertex   -6.690689e+01 -1.884384e+01 1.891789e+00
      vertex   -6.690689e+01 -1.893825e+01 4.440892e-15
    endloop
  endfacet
  facet normal 0.000000e+00 0.000000e+00 1.000000e+00
    outer loop
      vertex   4.034645e+00 8.155938e-01 4.200000e+01
      vertex   -1.527197e+00 5.934717e+00 4.200000e+01
      vertex   3.943112e+00 6.174949e-02 4.200000e+01
    endloop
  endfacet
  facet normal 0.000000e+00 0.000000e+00 1.000000e+00
    outer loop
      vertex   3.943112e+00 6.174949e-02 4.200000e+01
      vertex   -1.527197e+00 5.934717e+00 4.200000e+01
      vertex   -2.286578e+00 5.934717e+00 4.200000e+01
    endloop
  endfacet
  facet normal 0.000000e+00 0.000000e+00 1.000000e+00
    outer loop
      vertex   3.943112e+00 6.174949e-02 4.200000e+01
      vertex   -2.286578e+00 5.934717e+00 4.200000e+01
      vertex   -7.756888e+00 6.174949e-02 4.200000e+01
    endloop
  endfacet
  facet normal 0.000000e+00 -0.000000e+00 1.000000e+00
    outer loop
      vertex   -7.756888e+00 6.174949e-02 4.200000e+01
      vertex   -2.286578e+00 5.934717e+00 4.200000e+01
      vertex   -7.848421e+00 8.155938e-01 4.200000e+01
    endloop
  endfacet
  facet normal 0.000000e+00 0.000000e+00 1.000000e+00
    outer loop
      vertex   -7.848421e+00 8.155938e-01 4.200000e+01
      vertex   -2.286578e+00 5.934717e+00 4.200000e+01
      vertex   -3.023893e+00 6.116448e+00 4.200000e+01
    endloop
  endfacet
  facet normal 0.000000e+00 -0.000000e+00 1.000000e+00
    outer loop
      vertex   -7.848421e+00 8.155938e-01 4.200000e+01
      vertex   -3.023893e+00 6.116448e+00 4.200000e+01
      vertex   -8.117701e+00 1.525627e+00 4.200000e+01
    endloop
  endfacet
  facet normal 0.000000e+00 0.000000e+00 1.000000e+00
    outer loop
      vertex   -8.117701e+00 1.525627e+00 4.200000e+01
      vertex   -3.023893e+00 6.116448e+00 4.200000e+01
      vertex   -3.696292e+00 6.469350e+00 4.200000e+01
    endloop
  endfacet
  facet normal 0.000000e+00 -0.000000e+00 1.000000e+00
    outer loop
      vertex   -8.117701e+00 1.525627e+00 4.200000e+01
      vertex   -3.696292e+00 6.469350e+00 4.200000e+01
      vertex   -8.549079e+00 2.150586e+00 4.200000e+01
    endloop
  endfacet
  facet normal 0.000000e+00 0.000000e+00 1.000000e+00
    outer loop
      vertex   -8.549079e+00 2.150586e+00 4.200000e+01
      vertex   -3.696292e+00 6.469350e+00 4.200000e+01
      vertex   -4.264697e+00 6.972913e+00 4.200000e+01
    endloop
  endfacet
  facet normal 0.000000e+00 -0.000000e+00 1.000000e+00
    outer loop
      vertex   -8.549079e+00 2.150586e+00 4.200000e+01
      vertex   -4.264697e+00 6.972913e+00 4.200000e+01
      vertex   -9.117484e+00 2.654149e+00 4.200000e+01
    endloop
  endfacet
  facet normal 0.000000e+00 0.000000e+00 1.000000e+00
    outer loop
      vertex   -9.117484e+00 2.654149e+00 4.200000e+01
      vertex   -4.264697e+00 6.972913e+00 4.200000e+01
      vertex   -4.696074e+00 7.597871e+00 4.200000e+01
    endloop
  endfacet
  facet normal 0.000000e+00 -0.000000e+00 1.000000e+00
    outer loop
      vertex   -9.117484e+00 2.654149e+00 4.200000e+01
      vertex   -4.696074e+00 7.597871e+00 4.200000e+01
      vertex   -9.789882e+00 3.007051e+00 4.200000e+01
    endloop
  endfacet
  facet normal 0.000000e+00 0.000000e+00 1.000000e+00
    outer loop
      vertex   -9.789882e+00 3.007051e+00 4.200000e+01
      vertex   -4.696074e+00 7.597871e+00 4.200000e+01
      vertex   -4.965355e+00 8.307905e+00 4.200000e+01
    endloop
  endfacet
  facet normal 0.000000e+00 -0.000000e+00 1.000000e+00
    outer loop
      vertex   -9.789882e+00 3.007051e+00 4.200000e+01
      vertex   -4.965355e+00 8.307905e+00 4.200000e+01
      vertex   -1.052720e+01 3.188782e+00 4.200000e+01
    endloop
  endfacet
  facet normal 0.000000e+00 -0.000000e+00 1.000000e+00
    outer loop
      vertex   -1.052720e+01 3.188782e+00 4.200000e+01
      vertex   -4.965355e+00 8.307905e+00 4.200000e+01
      vertex   -1.251349e+01 1.066835e+01 4.200000e+01
    endloop
  endfacet
  facet normal 0.000000e+00 0.000000e+00 1.000000e+00
    outer loop
      vertex   -1.052720e+01 3.188782e+00 4.200000e+01
      vertex   -1.251349e+01 1.066835e+01 4.200000e+01
      vertex   -1.363436e+01 9.414097e+00 4.200000e+01
    endloop
  endfacet
  facet normal -0.000000e+00 0.000000e+00 1.000000e+00
    outer loop
      vertex   -1.527197e+00 5.934717e+00 4.200000e+01
      vertex   4.034645e+00 8.155938e-01 4.200000e+01
      vertex   -7.898824e-01 6.116448e+00 4.200000e+01
    endloop
  endfacet
  facet normal 0.000000e+00 0.000000e+00 1.000000e+00
    outer loop
      vertex   -7.898824e-01 6.116448e+00 4.200000e+01
      vertex   4.034645e+00 8.155938e-01 4.200000e+01
      vertex   4.303926e+00 1.525627e+00 4.200000e+01
    endloop
  endfacet
  facet normal -0.000000e+00 0.000000e+00 1.000000e+00
    outer loop
      vertex   -7.898824e-01 6.116448e+00 4.200000e+01
      vertex   4.303926e+00 1.525627e+00 4.200000e+01
      vertex   -1.174839e-01 6.469350e+00 4.200000e+01
    endloop
  endfacet
  facet normal 0.000000e+00 0.000000e+00 1.000000e+00
    outer loop
      vertex   -1.174839e-01 6.469350e+00 4.200000e+01
      vertex   4.303926e+00 1.525627e+00 4.200000e+01
      vertex   4.735303e+00 2.150586e+00 4.200000e+01
    endloop
  endfacet
  facet normal -0.000000e+00 0.000000e+00 1.000000e+00
    outer loop
      vertex   -1.174839e-01 6.469350e+00 4.200000e+01
      vertex   4.735303e+00 2.150586e+00 4.200000e+01
      vertex   4.509210e-01 6.972913e+00 4.200000e+01
    endloop
  endfacet
  facet normal 0.000000e+00 0.000000e+00 1.000000e+00
    outer loop
      vertex   4.509210e-01 6.972913e+00 4.200000e+01
      vertex   4.735303e+00 2.150586e+00 4.200000e+01
      vertex   5.303708e+00 2.654149e+00 4.200000e+01
    endloop
  endfacet
  facet normal -0.000000e+00 0.000000e+00 1.000000e+00
    outer loop
      vertex   4.509210e-01 6.972913e+00 4.200000e+01
      vertex   5.303708e+00 2.654149e+00 4.200000e+01
      vertex   8.822987e-01 7.597871e+00 4.200000e+01
    endloop
  endfacet
  facet normal 0.000000e+00 0.000000e+00 1.000000e+00
    outer loop
      vertex   8.822987e-01 7.597871e+00 4.200000e+01
      vertex   5.303708e+00 2.654149e+00 4.200000e+01
      vertex   5.976107e+00 3.007051e+00 4.200000e+01
    endloop
  endfacet
  facet normal -0.000000e+00 0.000000e+00 1.000000e+00
    outer loop
      vertex   8.822987e-01 7.597871e+00 4.200000e+01
      vertex   5.976107e+00 3.007051e+00 4.200000e+01
      vertex   1.151579e+00 8.307905e+00 4.200000e+01
    endloop
  endfacet
  facet normal 0.000000e+00 0.000000e+00 1.000000e+00
    outer loop
      vertex   1.151579e+00 8.307905e+00 4.200000e+01
      vertex   5.976107e+00 3.007051e+00 4.200000e+01
      vertex   6.713422e+00 3.188782e+00 4.200000e+01
    endloop
  endfacet
  facet normal -0.000000e+00 0.000000e+00 1.000000e+00
    outer loop
      vertex   1.151579e+00 8.307905e+00 4.200000e+01
      vertex   6.713422e+00 3.188782e+00 4.200000e+01
      vertex   8.699714e+00 1.066835e+01 4.200000e+01
    endloop
  endfacet
  facet normal 0.000000e+00 0.000000e+00 1.000000e+00
    outer loop
      vertex   8.699714e+00 1.066835e+01 4.200000e+01
      vertex   6.713422e+00 3.188782e+00 4.200000e+01
      vertex   9.820584e+00 9.414097e+00 4.200000e+01
    endloop
  endfacet
  facet normal 0.000000e+00 0.000000e+00 1.000000e+00
    outer loop
      vertex   9.820584e+00 9.414097e+00 4.200000e+01
      vertex   6.713422e+00 3.188782e+00 4.200000e+01
      vertex   7.472803e+00 3.188782e+00 4.200000e+01
    endloop
  endfacet
  facet normal 0.000000e+00 0.000000e+00 1.000000e+00
    outer loop
      vertex   9.820584e+00 9.414097e+00 4.200000e+01
      vertex   7.472803e+00 3.188782e+00 4.200000e+01
      vertex   1.079398e+01 8.042231e+00 4.200000e+01
    endloop
  endfacet
  facet normal 0.000000e+00 0.000000e+00 1.000000e+00
    outer loop
      vertex   1.079398e+01 8.042231e+00 4.200000e+01
      vertex   7.472803e+00 3.188782e+00 4.200000e+01
      vertex   8.210118e+00 3.007051e+00 4.200000e+01
    endloop
  endfacet
  facet normal 0.000000e+00 0.000000e+00 1.000000e+00
    outer loop
      vertex   1.079398e+01 8.042231e+00 4.200000e+01
      vertex   8.210118e+00 3.007051e+00 4.200000e+01
      vertex   1.160765e+01 6.570006e+00 4.200000e+01
    endloop
  endfacet
  facet normal 0.000000e+00 0.000000e+00 1.000000e+00
    outer loop
      vertex   1.160765e+01 6.570006e+00 4.200000e+01
      vertex   8.210118e+00 3.007051e+00 4.200000e+01
      vertex   8.882516e+00 2.654149e+00 4.200000e+01
    endloop
  endfacet
  facet normal 0.000000e+00 0.000000e+00 1.000000e+00
    outer loop
      vertex   1.160765e+01 6.570006e+00 4.200000e+01
      vertex   8.882516e+00 2.654149e+00 4.200000e+01
      vertex   1.225136e+01 5.015935e+00 4.200000e+01
    endloop
  endfacet
  facet normal 0.000000e+00 0.000000e+00 1.000000e+00
    outer loop
      vertex   1.225136e+01 5.015935e+00 4.200000e+01
      vertex   8.882516e+00 2.654149e+00 4.200000e+01
      vertex   9.450921e+00 2.150586e+00 4.200000e+01
    endloop
  endfacet
  facet normal 0.000000e+00 0.000000e+00 1.000000e+00
    outer loop
      vertex   1.225136e+01 5.015935e+00 4.200000e+01
      vertex   9.450921e+00 2.150586e+00 4.200000e+01
      vertex   1.271703e+01 3.399563e+00 4.200000e+01
    endloop
  endfacet
  facet normal 0.000000e+00 0.000000e+00 1.000000e+00
    outer loop
      vertex   1.271703e+01 3.399563e+00 4.200000e+01
      vertex   9.450921e+00 2.150586e+00 4.200000e+01
      vertex   9.882299e+00 1.525627e+00 4.200000e+01
    endloop
  endfacet
  facet normal 0.000000e+00 0.000000e+00 1.000000e+00
    outer loop
      vertex   1.271703e+01 3.399563e+00 4.200000e+01
      vertex   9.882299e+00 1.525627e+00 4.200000e+01
      vertex   1.299880e+01 1.741217e+00 4.200000e+01
    endloop
  endfacet
  facet normal 0.000000e+00 0.000000e+00 1.000000e+00
    outer loop
      vertex   1.299880e+01 1.741217e+00 4.200000e+01
      vertex   9.882299e+00 1.525627e+00 4.200000e+01
      vertex   1.015158e+01 8.155938e-01 4.200000e+01
    endloop
  endfacet
  facet normal 0.000000e+00 0.000000e+00 1.000000e+00
    outer loop
      vertex   1.299880e+01 1.741217e+00 4.200000e+01
      vertex   1.015158e+01 8.155938e-01 4.200000e+01
      vertex   1.309311e+01 6.174949e-02 4.200000e+01
    endloop
  endfacet
  facet normal 0.000000e+00 0.000000e+00 1.000000e+00
    outer loop
      vertex   1.309311e+01 6.174949e-02 4.200000e+01
      vertex   1.015158e+01 8.155938e-01 4.200000e+01
      vertex   1.024311e+01 6.174949e-02 4.200000e+01
    endloop
  endfacet
  facet normal 0.000000e+00 0.000000e+00 1.000000e+00
    outer loop
      vertex   1.309311e+01 6.174949e-02 4.200000e+01
      vertex   1.024311e+01 6.174949e-02 4.200000e+01
      vertex   1.015158e+01 -6.920949e-01 4.200000e+01
    endloop
  endfacet
  facet normal 0.000000e+00 0.000000e+00 1.000000e+00
    outer loop
      vertex   1.309311e+01 6.174949e-02 4.200000e+01
      vertex   1.015158e+01 -6.920949e-01 4.200000e+01
      vertex   1.299880e+01 -1.617718e+00 4.200000e+01
    endloop
  endfacet
  facet normal 0.000000e+00 0.000000e+00 1.000000e+00
    outer loop
      vertex   1.299880e+01 -1.617718e+00 4.200000e+01
      vertex   1.015158e+01 -6.920949e-01 4.200000e+01
      vertex   9.882299e+00 -1.402129e+00 4.200000e+01
    endloop
  endfacet
  facet normal 0.000000e+00 0.000000e+00 1.000000e+00
    outer loop
      vertex   1.299880e+01 -1.617718e+00 4.200000e+01
      vertex   9.882299e+00 -1.402129e+00 4.200000e+01
      vertex   1.271703e+01 -3.276065e+00 4.200000e+01
    endloop
  endfacet
  facet normal 0.000000e+00 0.000000e+00 1.000000e+00
    outer loop
      vertex   1.271703e+01 -3.276065e+00 4.200000e+01
      vertex   9.882299e+00 -1.402129e+00 4.200000e+01
      vertex   9.450921e+00 -2.027087e+00 4.200000e+01
    endloop
  endfacet
  facet normal 0.000000e+00 0.000000e+00 1.000000e+00
    outer loop
      vertex   1.271703e+01 -3.276065e+00 4.200000e+01
      vertex   9.450921e+00 -2.027087e+00 4.200000e+01
      vertex   1.225136e+01 -4.892436e+00 4.200000e+01
    endloop
  endfacet
  facet normal 0.000000e+00 0.000000e+00 1.000000e+00
    outer loop
      vertex   1.225136e+01 -4.892436e+00 4.200000e+01
      vertex   9.450921e+00 -2.027087e+00 4.200000e+01
      vertex   8.882516e+00 -2.530650e+00 4.200000e+01
    endloop
  endfacet
  facet normal 0.000000e+00 0.000000e+00 1.000000e+00
    outer loop
      vertex   1.225136e+01 -4.892436e+00 4.200000e+01
      vertex   8.882516e+00 -2.530650e+00 4.200000e+01
      vertex   1.160765e+01 -6.446507e+00 4.200000e+01
    endloop
  endfacet
  facet normal 0.000000e+00 0.000000e+00 1.000000e+00
    outer loop
      vertex   1.160765e+01 -6.446507e+00 4.200000e+01
      vertex   8.882516e+00 -2.530650e+00 4.200000e+01
      vertex   8.210118e+00 -2.883552e+00 4.200000e+01
    endloop
  endfacet
  facet normal 0.000000e+00 0.000000e+00 1.000000e+00
    outer loop
      vertex   1.160765e+01 -6.446507e+00 4.200000e+01
      vertex   8.210118e+00 -2.883552e+00 4.200000e+01
      vertex   1.079398e+01 -7.918732e+00 4.200000e+01
    endloop
  endfacet
  facet normal 0.000000e+00 0.000000e+00 1.000000e+00
    outer loop
      vertex   1.079398e+01 -7.918732e+00 4.200000e+01
      vertex   8.210118e+00 -2.883552e+00 4.200000e+01
      vertex   7.472803e+00 -3.065283e+00 4.200000e+01
    endloop
  endfacet
  facet normal 0.000000e+00 0.000000e+00 1.000000e+00
    outer loop
      vertex   1.079398e+01 -7.918732e+00 4.200000e+01
      vertex   7.472803e+00 -3.065283e+00 4.200000e+01
      vertex   9.820584e+00 -9.290598e+00 4.200000e+01
    endloop
  endfacet
  facet normal 0.000000e+00 0.000000e+00 1.000000e+00
    outer loop
      vertex   9.820584e+00 -9.290598e+00 4.200000e+01
      vertex   7.472803e+00 -3.065283e+00 4.200000e+01
      vertex   6.713422e+00 -3.065283e+00 4.200000e+01
    endloop
  endfacet
  facet normal 0.000000e+00 0.000000e+00 1.000000e+00
    outer loop
      vertex   9.820584e+00 -9.290598e+00 4.200000e+01
      vertex   6.713422e+00 -3.065283e+00 4.200000e+01
      vertex   8.699714e+00 -1.054485e+01 4.200000e+01
    endloop
  endfacet
  facet normal 0.000000e+00 0.000000e+00 1.000000e+00
    outer loop
      vertex   8.699714e+00 -1.054485e+01 4.200000e+01
      vertex   6.713422e+00 -3.065283e+00 4.200000e+01
      vertex   1.151579e+00 -8.184406e+00 4.200000e+01
    endloop
  endfacet
  facet normal 0.000000e+00 0.000000e+00 1.000000e+00
    outer loop
      vertex   8.699714e+00 -1.054485e+01 4.200000e+01
      vertex   1.151579e+00 -8.184406e+00 4.200000e+01
      vertex   1.243112e+00 -8.938251e+00 4.200000e+01
    endloop
  endfacet
  facet normal 0.000000e+00 0.000000e+00 1.000000e+00
    outer loop
      vertex   6.713422e+00 -3.065283e+00 4.200000e+01
      vertex   5.976107e+00 -2.883552e+00 4.200000e+01
      vertex   1.151579e+00 -8.184406e+00 4.200000e+01
    endloop
  endfacet
  facet normal 0.000000e+00 -0.000000e+00 1.000000e+00
    outer loop
      vertex   1.151579e+00 -8.184406e+00 4.200000e+01
      vertex   5.976107e+00 -2.883552e+00 4.200000e+01
      vertex   8.822987e-01 -7.474373e+00 4.200000e+01
    endloop
  endfacet
  facet normal 0.000000e+00 0.000000e+00 1.000000e+00
    outer loop
      vertex   8.822987e-01 -7.474373e+00 4.200000e+01
      vertex   5.976107e+00 -2.883552e+00 4.200000e+01
      vertex   5.303708e+00 -2.530650e+00 4.200000e+01
    endloop
  endfacet
  facet normal 0.000000e+00 -0.000000e+00 1.000000e+00
    outer loop
      vertex   8.822987e-01 -7.474373e+00 4.200000e+01
      vertex   5.303708e+00 -2.530650e+00 4.200000e+01
      vertex   4.509210e-01 -6.849414e+00 4.200000e+01
    endloop
  endfacet
  facet normal 0.000000e+00 0.000000e+00 1.000000e+00
    outer loop
      vertex   4.509210e-01 -6.849414e+00 4.200000e+01
      vertex   5.303708e+00 -2.530650e+00 4.200000e+01
      vertex   4.735303e+00 -2.027087e+00 4.200000e+01
    endloop
  endfacet
  facet normal 0.000000e+00 -0.000000e+00 1.000000e+00
    outer loop
      vertex   4.509210e-01 -6.849414e+00 4.200000e+01
      vertex   4.735303e+00 -2.027087e+00 4.200000e+01
      vertex   -1.174839e-01 -6.345851e+00 4.200000e+01
    endloop
  endfacet
  facet normal 0.000000e+00 0.000000e+00 1.000000e+00
    outer loop
      vertex   -1.174839e-01 -6.345851e+00 4.200000e+01
      vertex   4.735303e+00 -2.027087e+00 4.200000e+01
      vertex   4.303926e+00 -1.402129e+00 4.200000e+01
    endloop
  endfacet
  facet normal 0.000000e+00 -0.000000e+00 1.000000e+00
    outer loop
      vertex   -1.174839e-01 -6.345851e+00 4.200000e+01
      vertex   4.303926e+00 -1.402129e+00 4.200000e+01
      vertex   -7.898824e-01 -5.992949e+00 4.200000e+01
    endloop
  endfacet
  facet normal 0.000000e+00 0.000000e+00 1.000000e+00
    outer loop
      vertex   -7.898824e-01 -5.992949e+00 4.200000e+01
      vertex   4.303926e+00 -1.402129e+00 4.200000e+01
      vertex   4.034645e+00 -6.920949e-01 4.200000e+01
    endloop
  endfacet
  facet normal 0.000000e+00 -0.000000e+00 1.000000e+00
    outer loop
      vertex   -7.898824e-01 -5.992949e+00 4.200000e+01
      vertex   4.034645e+00 -6.920949e-01 4.200000e+01
      vertex   -1.527197e+00 -5.811218e+00 4.200000e+01
    endloop
  endfacet
  facet normal 0.000000e+00 0.000000e+00 1.000000e+00
    outer loop
      vertex   -1.527197e+00 -5.811218e+00 4.200000e+01
      vertex   4.034645e+00 -6.920949e-01 4.200000e+01
      vertex   3.943112e+00 6.174949e-02 4.200000e+01
    endloop
  endfacet
  facet normal 0.000000e+00 -0.000000e+00 1.000000e+00
    outer loop
      vertex   -1.527197e+00 -5.811218e+00 4.200000e+01
      vertex   3.943112e+00 6.174949e-02 4.200000e+01
      vertex   -7.756888e+00 6.174949e-02 4.200000e+01
    endloop
  endfacet
  facet normal 0.000000e+00 0.000000e+00 1.000000e+00
    outer loop
      vertex   -4.965355e+00 9.815594e+00 4.200000e+01
      vertex   -9.887369e+00 1.276261e+01 4.200000e+01
      vertex   -5.056888e+00 9.061749e+00 4.200000e+01
    endloop
  endfacet
  facet normal 0.000000e+00 0.000000e+00 1.000000e+00
    outer loop
      vertex   -5.056888e+00 9.061749e+00 4.200000e+01
      vertex   -9.887369e+00 1.276261e+01 4.200000e+01
      vertex   -1.125923e+01 1.178922e+01 4.200000e+01
    endloop
  endfacet
  facet normal 0.000000e+00 0.000000e+00 1.000000e+00
    outer loop
      vertex   -5.056888e+00 9.061749e+00 4.200000e+01
      vertex   -1.125923e+01 1.178922e+01 4.200000e+01
      vertex   -1.251349e+01 1.066835e+01 4.200000e+01
    endloop
  endfacet
  facet normal -0.000000e+00 0.000000e+00 1.000000e+00
    outer loop
      vertex   -9.887369e+00 1.276261e+01 4.200000e+01
      vertex   -4.965355e+00 9.815594e+00 4.200000e+01
      vertex   -8.415144e+00 1.357628e+01 4.200000e+01
    endloop
  endfacet
  facet normal 0.000000e+00 0.000000e+00 1.000000e+00
    outer loop
      vertex   -8.415144e+00 1.357628e+01 4.200000e+01
      vertex   -4.965355e+00 9.815594e+00 4.200000e+01
      vertex   -4.696074e+00 1.052563e+01 4.200000e+01
    endloop
  endfacet
  facet normal -0.000000e+00 0.000000e+00 1.000000e+00
    outer loop
      vertex   -8.415144e+00 1.357628e+01 4.200000e+01
      vertex   -4.696074e+00 1.052563e+01 4.200000e+01
      vertex   -6.861074e+00 1.422000e+01 4.200000e+01
    endloop
  endfacet
  facet normal 0.000000e+00 0.000000e+00 1.000000e+00
    outer loop
      vertex   -6.861074e+00 1.422000e+01 4.200000e+01
      vertex   -4.696074e+00 1.052563e+01 4.200000e+01
      vertex   -4.264697e+00 1.115059e+01 4.200000e+01
    endloop
  endfacet
  facet normal -0.000000e+00 0.000000e+00 1.000000e+00
    outer loop
      vertex   -6.861074e+00 1.422000e+01 4.200000e+01
      vertex   -4.264697e+00 1.115059e+01 4.200000e+01
      vertex   -5.244702e+00 1.468567e+01 4.200000e+01
    endloop
  endfacet
  facet normal 0.000000e+00 0.000000e+00 1.000000e+00
    outer loop
      vertex   -5.244702e+00 1.468567e+01 4.200000e+01
      vertex   -4.264697e+00 1.115059e+01 4.200000e+01
      vertex   -3.696292e+00 1.165415e+01 4.200000e+01
    endloop
  endfacet
  facet normal 0.000000e+00 0.000000e+00 1.000000e+00
    outer loop
      vertex   -5.244702e+00 1.468567e+01 4.200000e+01
      vertex   -3.696292e+00 1.165415e+01 4.200000e+01
      vertex   -3.023893e+00 1.200705e+01 4.200000e+01
    endloop
  endfacet
  facet normal -0.000000e+00 0.000000e+00 1.000000e+00
    outer loop
      vertex   -5.244702e+00 1.468567e+01 4.200000e+01
      vertex   -3.023893e+00 1.200705e+01 4.200000e+01
      vertex   -3.586355e+00 1.496743e+01 4.200000e+01
    endloop
  endfacet
  facet normal 0.000000e+00 0.000000e+00 1.000000e+00
    outer loop
      vertex   -3.586355e+00 1.496743e+01 4.200000e+01
      vertex   -3.023893e+00 1.200705e+01 4.200000e+01
      vertex   -2.286578e+00 1.218878e+01 4.200000e+01
    endloop
  endfacet
  facet normal -0.000000e+00 0.000000e+00 1.000000e+00
    outer loop
      vertex   -3.586355e+00 1.496743e+01 4.200000e+01
      vertex   -2.286578e+00 1.218878e+01 4.200000e+01
      vertex   -1.906888e+00 1.506175e+01 4.200000e+01
    endloop
  endfacet
  facet normal 0.000000e+00 0.000000e+00 1.000000e+00
    outer loop
      vertex   -1.906888e+00 1.506175e+01 4.200000e+01
      vertex   -2.286578e+00 1.218878e+01 4.200000e+01
      vertex   -1.527197e+00 1.218878e+01 4.200000e+01
    endloop
  endfacet
  facet normal 0.000000e+00 0.000000e+00 1.000000e+00
    outer loop
      vertex   -1.906888e+00 1.506175e+01 4.200000e+01
      vertex   -1.527197e+00 1.218878e+01 4.200000e+01
      vertex   -2.274207e-01 1.496743e+01 4.200000e+01
    endloop
  endfacet
  facet normal 0.000000e+00 0.000000e+00 1.000000e+00
    outer loop
      vertex   -2.274207e-01 1.496743e+01 4.200000e+01
      vertex   -1.527197e+00 1.218878e+01 4.200000e+01
      vertex   -7.898824e-01 1.200705e+01 4.200000e+01
    endloop
  endfacet
  facet normal 0.000000e+00 0.000000e+00 1.000000e+00
    outer loop
      vertex   -2.274207e-01 1.496743e+01 4.200000e+01
      vertex   -7.898824e-01 1.200705e+01 4.200000e+01
      vertex   1.430926e+00 1.468567e+01 4.200000e+01
    endloop
  endfacet
  facet normal 0.000000e+00 0.000000e+00 1.000000e+00
    outer loop
      vertex   1.430926e+00 1.468567e+01 4.200000e+01
      vertex   -7.898824e-01 1.200705e+01 4.200000e+01
      vertex   -1.174839e-01 1.165415e+01 4.200000e+01
    endloop
  endfacet
  facet normal 0.000000e+00 0.000000e+00 1.000000e+00
    outer loop
      vertex   1.430926e+00 1.468567e+01 4.200000e+01
      vertex   -1.174839e-01 1.165415e+01 4.200000e+01
      vertex   4.509210e-01 1.115059e+01 4.200000e+01
    endloop
  endfacet
  facet normal 0.000000e+00 0.000000e+00 1.000000e+00
    outer loop
      vertex   1.430926e+00 1.468567e+01 4.200000e+01
      vertex   4.509210e-01 1.115059e+01 4.200000e+01
      vertex   3.047298e+00 1.422000e+01 4.200000e+01
    endloop
  endfacet
  facet normal 0.000000e+00 0.000000e+00 1.000000e+00
    outer loop
      vertex   3.047298e+00 1.422000e+01 4.200000e+01
      vertex   4.509210e-01 1.115059e+01 4.200000e+01
      vertex   8.822987e-01 1.052563e+01 4.200000e+01
    endloop
  endfacet
  facet normal 0.000000e+00 0.000000e+00 1.000000e+00
    outer loop
      vertex   3.047298e+00 1.422000e+01 4.200000e+01
      vertex   8.822987e-01 1.052563e+01 4.200000e+01
      vertex   4.601368e+00 1.357628e+01 4.200000e+01
    endloop
  endfacet
  facet normal 0.000000e+00 0.000000e+00 1.000000e+00
    outer loop
      vertex   4.601368e+00 1.357628e+01 4.200000e+01
      vertex   8.822987e-01 1.052563e+01 4.200000e+01
      vertex   1.151579e+00 9.815594e+00 4.200000e+01
    endloop
  endfacet
  facet normal 0.000000e+00 0.000000e+00 1.000000e+00
    outer loop
      vertex   4.601368e+00 1.357628e+01 4.200000e+01
      vertex   1.151579e+00 9.815594e+00 4.200000e+01
      vertex   6.073593e+00 1.276261e+01 4.200000e+01
    endloop
  endfacet
  facet normal 0.000000e+00 0.000000e+00 1.000000e+00
    outer loop
      vertex   6.073593e+00 1.276261e+01 4.200000e+01
      vertex   1.151579e+00 9.815594e+00 4.200000e+01
      vertex   1.243112e+00 9.061749e+00 4.200000e+01
    endloop
  endfacet
  facet normal 0.000000e+00 0.000000e+00 1.000000e+00
    outer loop
      vertex   6.073593e+00 1.276261e+01 4.200000e+01
      vertex   1.243112e+00 9.061749e+00 4.200000e+01
      vertex   7.445459e+00 1.178922e+01 4.200000e+01
    endloop
  endfacet
  facet normal 0.000000e+00 0.000000e+00 1.000000e+00
    outer loop
      vertex   7.445459e+00 1.178922e+01 4.200000e+01
      vertex   1.243112e+00 9.061749e+00 4.200000e+01
      vertex   8.699714e+00 1.066835e+01 4.200000e+01
    endloop
  endfacet
  facet normal 0.000000e+00 0.000000e+00 1.000000e+00
    outer loop
      vertex   8.699714e+00 1.066835e+01 4.200000e+01
      vertex   1.243112e+00 9.061749e+00 4.200000e+01
      vertex   1.151579e+00 8.307905e+00 4.200000e+01
    endloop
  endfacet
  facet normal 0.000000e+00 0.000000e+00 1.000000e+00
    outer loop
      vertex   -4.965355e+00 8.307905e+00 4.200000e+01
      vertex   -5.056888e+00 9.061749e+00 4.200000e+01
      vertex   -1.251349e+01 1.066835e+01 4.200000e+01
    endloop
  endfacet
  facet normal 0.000000e+00 0.000000e+00 1.000000e+00
    outer loop
      vertex   -4.965355e+00 -8.184406e+00 4.200000e+01
      vertex   -1.251349e+01 -1.054485e+01 4.200000e+01
      vertex   -5.056888e+00 -8.938251e+00 4.200000e+01
    endloop
  endfacet
  facet normal 0.000000e+00 0.000000e+00 1.000000e+00
    outer loop
      vertex   -5.056888e+00 -8.938251e+00 4.200000e+01
      vertex   -1.251349e+01 -1.054485e+01 4.200000e+01
      vertex   -1.125923e+01 -1.166572e+01 4.200000e+01
    endloop
  endfacet
  facet normal 0.000000e+00 0.000000e+00 1.000000e+00
    outer loop
      vertex   -5.056888e+00 -8.938251e+00 4.200000e+01
      vertex   -1.125923e+01 -1.166572e+01 4.200000e+01
      vertex   -9.887369e+00 -1.263911e+01 4.200000e+01
    endloop
  endfacet
  facet normal 0.000000e+00 0.000000e+00 1.000000e+00
    outer loop
      vertex   -4.696074e+00 -7.474373e+00 4.200000e+01
      vertex   -9.789882e+00 -2.883552e+00 4.200000e+01
      vertex   -4.965355e+00 -8.184406e+00 4.200000e+01
    endloop
  endfacet
  facet normal 0.000000e+00 0.000000e+00 1.000000e+00
    outer loop
      vertex   -4.965355e+00 -8.184406e+00 4.200000e+01
      vertex   -9.789882e+00 -2.883552e+00 4.200000e+01
      vertex   -1.052720e+01 -3.065283e+00 4.200000e+01
    endloop
  endfacet
  facet normal 0.000000e+00 0.000000e+00 1.000000e+00
    outer loop
      vertex   -4.965355e+00 -8.184406e+00 4.200000e+01
      vertex   -1.052720e+01 -3.065283e+00 4.200000e+01
      vertex   -1.251349e+01 -1.054485e+01 4.200000e+01
    endloop
  endfacet
  facet normal 0.000000e+00 -0.000000e+00 1.000000e+00
    outer loop
      vertex   -1.251349e+01 -1.054485e+01 4.200000e+01
      vertex   -1.052720e+01 -3.065283e+00 4.200000e+01
      vertex   -1.363436e+01 -9.290598e+00 4.200000e+01
    endloop
  endfacet
  facet normal 0.000000e+00 0.000000e+00 1.000000e+00
    outer loop
      vertex   -1.363436e+01 -9.290598e+00 4.200000e+01
      vertex   -1.052720e+01 -3.065283e+00 4.200000e+01
      vertex   -1.128658e+01 -3.065283e+00 4.200000e+01
    endloop
  endfacet
  facet normal 0.000000e+00 -0.000000e+00 1.000000e+00
    outer loop
      vertex   -1.363436e+01 -9.290598e+00 4.200000e+01
      vertex   -1.128658e+01 -3.065283e+00 4.200000e+01
      vertex   -1.460775e+01 -7.918732e+00 4.200000e+01
    endloop
  endfacet
  facet normal 0.000000e+00 0.000000e+00 1.000000e+00
    outer loop
      vertex   -1.460775e+01 -7.918732e+00 4.200000e+01
      vertex   -1.128658e+01 -3.065283e+00 4.200000e+01
      vertex   -1.202389e+01 -2.883552e+00 4.200000e+01
    endloop
  endfacet
  facet normal 0.000000e+00 -0.000000e+00 1.000000e+00
    outer loop
      vertex   -1.460775e+01 -7.918732e+00 4.200000e+01
      vertex   -1.202389e+01 -2.883552e+00 4.200000e+01
      vertex   -1.542142e+01 -6.446507e+00 4.200000e+01
    endloop
  endfacet
  facet normal 0.000000e+00 0.000000e+00 1.000000e+00
    outer loop
      vertex   -1.542142e+01 -6.446507e+00 4.200000e+01
      vertex   -1.202389e+01 -2.883552e+00 4.200000e+01
      vertex   -1.269629e+01 -2.530650e+00 4.200000e+01
    endloop
  endfacet
  facet normal 0.000000e+00 -0.000000e+00 1.000000e+00
    outer loop
      vertex   -1.542142e+01 -6.446507e+00 4.200000e+01
      vertex   -1.269629e+01 -2.530650e+00 4.200000e+01
      vertex   -1.606514e+01 -4.892436e+00 4.200000e+01
    endloop
  endfacet
  facet normal 0.000000e+00 0.000000e+00 1.000000e+00
    outer loop
      vertex   -1.606514e+01 -4.892436e+00 4.200000e+01
      vertex   -1.269629e+01 -2.530650e+00 4.200000e+01
      vertex   -1.326470e+01 -2.027087e+00 4.200000e+01
    endloop
  endfacet
  facet normal 0.000000e+00 -0.000000e+00 1.000000e+00
    outer loop
      vertex   -1.606514e+01 -4.892436e+00 4.200000e+01
      vertex   -1.326470e+01 -2.027087e+00 4.200000e+01
      vertex   -1.653081e+01 -3.276065e+00 4.200000e+01
    endloop
  endfacet
  facet normal 0.000000e+00 0.000000e+00 1.000000e+00
    outer loop
      vertex   -1.653081e+01 -3.276065e+00 4.200000e+01
      vertex   -1.326470e+01 -2.027087e+00 4.200000e+01
      vertex   -1.369607e+01 -1.402129e+00 4.200000e+01
    endloop
  endfacet
  facet normal 0.000000e+00 -0.000000e+00 1.000000e+00
    outer loop
      vertex   -1.653081e+01 -3.276065e+00 4.200000e+01
      vertex   -1.369607e+01 -1.402129e+00 4.200000e+01
      vertex   -1.681257e+01 -1.617718e+00 4.200000e+01
    endloop
  endfacet
  facet normal 0.000000e+00 0.000000e+00 1.000000e+00
    outer loop
      vertex   -1.681257e+01 -1.617718e+00 4.200000e+01
      vertex   -1.369607e+01 -1.402129e+00 4.200000e+01
      vertex   -1.396535e+01 -6.920949e-01 4.200000e+01
    endloop
  endfacet
  facet normal 0.000000e+00 -0.000000e+00 1.000000e+00
    outer loop
      vertex   -1.681257e+01 -1.617718e+00 4.200000e+01
      vertex   -1.396535e+01 -6.920949e-01 4.200000e+01
      vertex   -1.690689e+01 6.174949e-02 4.200000e+01
    endloop
  endfacet
  facet normal -0.000000e+00 0.000000e+00 1.000000e+00
    outer loop
      vertex   -1.690689e+01 6.174949e-02 4.200000e+01
      vertex   -1.396535e+01 -6.920949e-01 4.200000e+01
      vertex   -1.405689e+01 6.174949e-02 4.200000e+01
    endloop
  endfacet
  facet normal 0.000000e+00 0.000000e+00 1.000000e+00
    outer loop
      vertex   -1.690689e+01 6.174949e-02 4.200000e+01
      vertex   -1.405689e+01 6.174949e-02 4.200000e+01
      vertex   -1.396535e+01 8.155938e-01 4.200000e+01
    endloop
  endfacet
  facet normal -0.000000e+00 0.000000e+00 1.000000e+00
    outer loop
      vertex   -9.789882e+00 -2.883552e+00 4.200000e+01
      vertex   -4.696074e+00 -7.474373e+00 4.200000e+01
      vertex   -9.117484e+00 -2.530650e+00 4.200000e+01
    endloop
  endfacet
  facet normal 0.000000e+00 0.000000e+00 1.000000e+00
    outer loop
      vertex   -9.117484e+00 -2.530650e+00 4.200000e+01
      vertex   -4.696074e+00 -7.474373e+00 4.200000e+01
      vertex   -4.264697e+00 -6.849414e+00 4.200000e+01
    endloop
  endfacet
  facet normal -0.000000e+00 0.000000e+00 1.000000e+00
    outer loop
      vertex   -9.117484e+00 -2.530650e+00 4.200000e+01
      vertex   -4.264697e+00 -6.849414e+00 4.200000e+01
      vertex   -8.549079e+00 -2.027087e+00 4.200000e+01
    endloop
  endfacet
  facet normal 0.000000e+00 0.000000e+00 1.000000e+00
    outer loop
      vertex   -8.549079e+00 -2.027087e+00 4.200000e+01
      vertex   -4.264697e+00 -6.849414e+00 4.200000e+01
      vertex   -3.696292e+00 -6.345851e+00 4.200000e+01
    endloop
  endfacet
  facet normal -0.000000e+00 0.000000e+00 1.000000e+00
    outer loop
      vertex   -8.549079e+00 -2.027087e+00 4.200000e+01
      vertex   -3.696292e+00 -6.345851e+00 4.200000e+01
      vertex   -8.117701e+00 -1.402129e+00 4.200000e+01
    endloop
  endfacet
  facet normal 0.000000e+00 0.000000e+00 1.000000e+00
    outer loop
      vertex   -8.117701e+00 -1.402129e+00 4.200000e+01
      vertex   -3.696292e+00 -6.345851e+00 4.200000e+01
      vertex   -3.023893e+00 -5.992949e+00 4.200000e+01
    endloop
  endfacet
  facet normal -0.000000e+00 0.000000e+00 1.000000e+00
    outer loop
      vertex   -8.117701e+00 -1.402129e+00 4.200000e+01
      vertex   -3.023893e+00 -5.992949e+00 4.200000e+01
      vertex   -7.848421e+00 -6.920949e-01 4.200000e+01
    endloop
  endfacet
  facet normal 0.000000e+00 0.000000e+00 1.000000e+00
    outer loop
      vertex   -7.848421e+00 -6.920949e-01 4.200000e+01
      vertex   -3.023893e+00 -5.992949e+00 4.200000e+01
      vertex   -2.286578e+00 -5.811218e+00 4.200000e+01
    endloop
  endfacet
  facet normal -0.000000e+00 0.000000e+00 1.000000e+00
    outer loop
      vertex   -7.848421e+00 -6.920949e-01 4.200000e+01
      vertex   -2.286578e+00 -5.811218e+00 4.200000e+01
      vertex   -7.756888e+00 6.174949e-02 4.200000e+01
    endloop
  endfacet
  facet normal 0.000000e+00 0.000000e+00 1.000000e+00
    outer loop
      vertex   -7.756888e+00 6.174949e-02 4.200000e+01
      vertex   -2.286578e+00 -5.811218e+00 4.200000e+01
      vertex   -1.527197e+00 -5.811218e+00 4.200000e+01
    endloop
  endfacet
  facet normal -0.000000e+00 0.000000e+00 1.000000e+00
    outer loop
      vertex   1.151579e+00 -9.692095e+00 4.200000e+01
      vertex   6.073593e+00 -1.263911e+01 4.200000e+01
      vertex   1.243112e+00 -8.938251e+00 4.200000e+01
    endloop
  endfacet
  facet normal 0.000000e+00 0.000000e+00 1.000000e+00
    outer loop
      vertex   1.243112e+00 -8.938251e+00 4.200000e+01
      vertex   6.073593e+00 -1.263911e+01 4.200000e+01
      vertex   7.445459e+00 -1.166572e+01 4.200000e+01
    endloop
  endfacet
  facet normal 0.000000e+00 0.000000e+00 1.000000e+00
    outer loop
      vertex   1.243112e+00 -8.938251e+00 4.200000e+01
      vertex   7.445459e+00 -1.166572e+01 4.200000e+01
      vertex   8.699714e+00 -1.054485e+01 4.200000e+01
    endloop
  endfacet
  facet normal 0.000000e+00 0.000000e+00 1.000000e+00
    outer loop
      vertex   6.073593e+00 -1.263911e+01 4.200000e+01
      vertex   1.151579e+00 -9.692095e+00 4.200000e+01
      vertex   4.601368e+00 -1.345278e+01 4.200000e+01
    endloop
  endfacet
  facet normal 0.000000e+00 0.000000e+00 1.000000e+00
    outer loop
      vertex   4.601368e+00 -1.345278e+01 4.200000e+01
      vertex   1.151579e+00 -9.692095e+00 4.200000e+01
      vertex   8.822987e-01 -1.040213e+01 4.200000e+01
    endloop
  endfacet
  facet normal 0.000000e+00 0.000000e+00 1.000000e+00
    outer loop
      vertex   4.601368e+00 -1.345278e+01 4.200000e+01
      vertex   8.822987e-01 -1.040213e+01 4.200000e+01
      vertex   3.047298e+00 -1.409650e+01 4.200000e+01
    endloop
  endfacet
  facet normal 0.000000e+00 0.000000e+00 1.000000e+00
    outer loop
      vertex   3.047298e+00 -1.409650e+01 4.200000e+01
      vertex   8.822987e-01 -1.040213e+01 4.200000e+01
      vertex   4.509210e-01 -1.102709e+01 4.200000e+01
    endloop
  endfacet
  facet normal 0.000000e+00 0.000000e+00 1.000000e+00
    outer loop
      vertex   3.047298e+00 -1.409650e+01 4.200000e+01
      vertex   4.509210e-01 -1.102709e+01 4.200000e+01
      vertex   1.430926e+00 -1.456217e+01 4.200000e+01
    endloop
  endfacet
  facet normal 0.000000e+00 0.000000e+00 1.000000e+00
    outer loop
      vertex   1.430926e+00 -1.456217e+01 4.200000e+01
      vertex   4.509210e-01 -1.102709e+01 4.200000e+01
      vertex   -1.174839e-01 -1.153065e+01 4.200000e+01
    endloop
  endfacet
  facet normal 0.000000e+00 0.000000e+00 1.000000e+00
    outer loop
      vertex   1.430926e+00 -1.456217e+01 4.200000e+01
      vertex   -1.174839e-01 -1.153065e+01 4.200000e+01
      vertex   -7.898824e-01 -1.188355e+01 4.200000e+01
    endloop
  endfacet
  facet normal 0.000000e+00 0.000000e+00 1.000000e+00
    outer loop
      vertex   1.430926e+00 -1.456217e+01 4.200000e+01
      vertex   -7.898824e-01 -1.188355e+01 4.200000e+01
      vertex   -2.274207e-01 -1.484393e+01 4.200000e+01
    endloop
  endfacet
  facet normal 0.000000e+00 0.000000e+00 1.000000e+00
    outer loop
      vertex   -2.274207e-01 -1.484393e+01 4.200000e+01
      vertex   -7.898824e-01 -1.188355e+01 4.200000e+01
      vertex   -1.527197e+00 -1.206528e+01 4.200000e+01
    endloop
  endfacet
  facet normal 0.000000e+00 0.000000e+00 1.000000e+00
    outer loop
      vertex   -2.274207e-01 -1.484393e+01 4.200000e+01
      vertex   -1.527197e+00 -1.206528e+01 4.200000e+01
      vertex   -1.906888e+00 -1.493825e+01 4.200000e+01
    endloop
  endfacet
  facet normal 0.000000e+00 -0.000000e+00 1.000000e+00
    outer loop
      vertex   -1.906888e+00 -1.493825e+01 4.200000e+01
      vertex   -1.527197e+00 -1.206528e+01 4.200000e+01
      vertex   -2.286578e+00 -1.206528e+01 4.200000e+01
    endloop
  endfacet
  facet normal 0.000000e+00 0.000000e+00 1.000000e+00
    outer loop
      vertex   -1.906888e+00 -1.493825e+01 4.200000e+01
      vertex   -2.286578e+00 -1.206528e+01 4.200000e+01
      vertex   -3.586355e+00 -1.484393e+01 4.200000e+01
    endloop
  endfacet
  facet normal 0.000000e+00 0.000000e+00 1.000000e+00
    outer loop
      vertex   -3.586355e+00 -1.484393e+01 4.200000e+01
      vertex   -2.286578e+00 -1.206528e+01 4.200000e+01
      vertex   -3.023893e+00 -1.188355e+01 4.200000e+01
    endloop
  endfacet
  facet normal 0.000000e+00 -0.000000e+00 1.000000e+00
    outer loop
      vertex   -3.586355e+00 -1.484393e+01 4.200000e+01
      vertex   -3.023893e+00 -1.188355e+01 4.200000e+01
      vertex   -5.244702e+00 -1.456217e+01 4.200000e+01
    endloop
  endfacet
  facet normal 0.000000e+00 0.000000e+00 1.000000e+00
    outer loop
      vertex   -5.244702e+00 -1.456217e+01 4.200000e+01
      vertex   -3.023893e+00 -1.188355e+01 4.200000e+01
      vertex   -3.696292e+00 -1.153065e+01 4.200000e+01
    endloop
  endfacet
  facet normal 0.000000e+00 0.000000e+00 1.000000e+00
    outer loop
      vertex   -5.244702e+00 -1.456217e+01 4.200000e+01
      vertex   -3.696292e+00 -1.153065e+01 4.200000e+01
      vertex   -4.264697e+00 -1.102709e+01 4.200000e+01
    endloop
  endfacet
  facet normal 0.000000e+00 -0.000000e+00 1.000000e+00
    outer loop
      vertex   -5.244702e+00 -1.456217e+01 4.200000e+01
      vertex   -4.264697e+00 -1.102709e+01 4.200000e+01
      vertex   -6.861074e+00 -1.409650e+01 4.200000e+01
    endloop
  endfacet
  facet normal 0.000000e+00 0.000000e+00 1.000000e+00
    outer loop
      vertex   -6.861074e+00 -1.409650e+01 4.200000e+01
      vertex   -4.264697e+00 -1.102709e+01 4.200000e+01
      vertex   -4.696074e+00 -1.040213e+01 4.200000e+01
    endloop
  endfacet
  facet normal 0.000000e+00 -0.000000e+00 1.000000e+00
    outer loop
      vertex   -6.861074e+00 -1.409650e+01 4.200000e+01
      vertex   -4.696074e+00 -1.040213e+01 4.200000e+01
      vertex   -8.415144e+00 -1.345278e+01 4.200000e+01
    endloop
  endfacet
  facet normal 0.000000e+00 0.000000e+00 1.000000e+00
    outer loop
      vertex   -8.415144e+00 -1.345278e+01 4.200000e+01
      vertex   -4.696074e+00 -1.040213e+01 4.200000e+01
      vertex   -4.965355e+00 -9.692095e+00 4.200000e+01
    endloop
  endfacet
  facet normal 0.000000e+00 -0.000000e+00 1.000000e+00
    outer loop
      vertex   -8.415144e+00 -1.345278e+01 4.200000e+01
      vertex   -4.965355e+00 -9.692095e+00 4.200000e+01
      vertex   -9.887369e+00 -1.263911e+01 4.200000e+01
    endloop
  endfacet
  facet normal 0.000000e+00 0.000000e+00 1.000000e+00
    outer loop
      vertex   -9.887369e+00 -1.263911e+01 4.200000e+01
      vertex   -4.965355e+00 -9.692095e+00 4.200000e+01
      vertex   -5.056888e+00 -8.938251e+00 4.200000e+01
    endloop
  endfacet
  facet normal 0.000000e+00 0.000000e+00 1.000000e+00
    outer loop
      vertex   -1.690689e+01 6.174949e-02 4.200000e+01
      vertex   -1.396535e+01 8.155938e-01 4.200000e+01
      vertex   -1.681257e+01 1.741217e+00 4.200000e+01
    endloop
  endfacet
  facet normal 0.000000e+00 0.000000e+00 1.000000e+00
    outer loop
      vertex   -1.681257e+01 1.741217e+00 4.200000e+01
      vertex   -1.396535e+01 8.155938e-01 4.200000e+01
      vertex   -1.369607e+01 1.525627e+00 4.200000e+01
    endloop
  endfacet
  facet normal -0.000000e+00 0.000000e+00 1.000000e+00
    outer loop
      vertex   -1.681257e+01 1.741217e+00 4.200000e+01
      vertex   -1.369607e+01 1.525627e+00 4.200000e+01
      vertex   -1.653081e+01 3.399563e+00 4.200000e+01
    endloop
  endfacet
  facet normal 0.000000e+00 0.000000e+00 1.000000e+00
    outer loop
      vertex   -1.653081e+01 3.399563e+00 4.200000e+01
      vertex   -1.369607e+01 1.525627e+00 4.200000e+01
      vertex   -1.326470e+01 2.150586e+00 4.200000e+01
    endloop
  endfacet
  facet normal -0.000000e+00 0.000000e+00 1.000000e+00
    outer loop
      vertex   -1.653081e+01 3.399563e+00 4.200000e+01
      vertex   -1.326470e+01 2.150586e+00 4.200000e+01
      vertex   -1.606514e+01 5.015935e+00 4.200000e+01
    endloop
  endfacet
  facet normal 0.000000e+00 0.000000e+00 1.000000e+00
    outer loop
      vertex   -1.606514e+01 5.015935e+00 4.200000e+01
      vertex   -1.326470e+01 2.150586e+00 4.200000e+01
      vertex   -1.269629e+01 2.654149e+00 4.200000e+01
    endloop
  endfacet
  facet normal -0.000000e+00 0.000000e+00 1.000000e+00
    outer loop
      vertex   -1.606514e+01 5.015935e+00 4.200000e+01
      vertex   -1.269629e+01 2.654149e+00 4.200000e+01
      vertex   -1.542142e+01 6.570006e+00 4.200000e+01
    endloop
  endfacet
  facet normal 0.000000e+00 0.000000e+00 1.000000e+00
    outer loop
      vertex   -1.542142e+01 6.570006e+00 4.200000e+01
      vertex   -1.269629e+01 2.654149e+00 4.200000e+01
      vertex   -1.202389e+01 3.007051e+00 4.200000e+01
    endloop
  endfacet
  facet normal -0.000000e+00 0.000000e+00 1.000000e+00
    outer loop
      vertex   -1.542142e+01 6.570006e+00 4.200000e+01
      vertex   -1.202389e+01 3.007051e+00 4.200000e+01
      vertex   -1.460775e+01 8.042231e+00 4.200000e+01
    endloop
  endfacet
  facet normal 0.000000e+00 0.000000e+00 1.000000e+00
    outer loop
      vertex   -1.460775e+01 8.042231e+00 4.200000e+01
      vertex   -1.202389e+01 3.007051e+00 4.200000e+01
      vertex   -1.128658e+01 3.188782e+00 4.200000e+01
    endloop
  endfacet
  facet normal -0.000000e+00 0.000000e+00 1.000000e+00
    outer loop
      vertex   -1.460775e+01 8.042231e+00 4.200000e+01
      vertex   -1.128658e+01 3.188782e+00 4.200000e+01
      vertex   -1.363436e+01 9.414097e+00 4.200000e+01
    endloop
  endfacet
  facet normal 0.000000e+00 0.000000e+00 1.000000e+00
    outer loop
      vertex   -1.363436e+01 9.414097e+00 4.200000e+01
      vertex   -1.128658e+01 3.188782e+00 4.200000e+01
      vertex   -1.052720e+01 3.188782e+00 4.200000e+01
    endloop
  endfacet
  facet normal -9.984268e-01 -5.607045e-02 0.000000e+00
    outer loop
      vertex   -1.681257e+01 -1.617718e+00 2.500000e+01
      vertex   -1.681257e+01 -1.617718e+00 4.200000e+01
      vertex   -1.690689e+01 6.174949e-02 2.500000e+01
    endloop
  endfacet
  facet normal -9.984268e-01 -5.607045e-02 0.000000e+00
    outer loop
      vertex   -1.690689e+01 6.174949e-02 2.500000e+01
      vertex   -1.681257e+01 -1.617718e+00 4.200000e+01
      vertex   -1.690689e+01 6.174949e-02 4.200000e+01
    endloop
  endfacet
  facet normal -9.984268e-01 5.607045e-02 0.000000e+00
    outer loop
      vertex   -1.690689e+01 6.174949e-02 2.500000e+01
      vertex   -1.690689e+01 6.174949e-02 4.200000e+01
      vertex   -1.681257e+01 1.741217e+00 2.500000e+01
    endloop
  endfacet
  facet normal -9.984268e-01 5.607045e-02 0.000000e+00
    outer loop
      vertex   -1.681257e+01 1.741217e+00 2.500000e+01
      vertex   -1.690689e+01 6.174949e-02 4.200000e+01
      vertex   -1.681257e+01 1.741217e+00 4.200000e+01
    endloop
  endfacet
  facet normal -9.858710e-01 1.675062e-01 0.000000e+00
    outer loop
      vertex   -1.681257e+01 1.741217e+00 2.500000e+01
      vertex   -1.681257e+01 1.741217e+00 4.200000e+01
      vertex   -1.653081e+01 3.399563e+00 2.500000e+01
    endloop
  endfacet
  facet normal -9.858710e-01 1.675062e-01 0.000000e+00
    outer loop
      vertex   -1.653081e+01 3.399563e+00 2.500000e+01
      vertex   -1.681257e+01 1.741217e+00 4.200000e+01
      vertex   -1.653081e+01 3.399563e+00 4.200000e+01
    endloop
  endfacet
  facet normal -9.609173e-01 2.768355e-01 0.000000e+00
    outer loop
      vertex   -1.653081e+01 3.399563e+00 2.500000e+01
      vertex   -1.653081e+01 3.399563e+00 4.200000e+01
      vertex   -1.606514e+01 5.015935e+00 2.500000e+01
    endloop
  endfacet
  facet normal -9.609173e-01 2.768355e-01 0.000000e+00
    outer loop
      vertex   -1.606514e+01 5.015935e+00 2.500000e+01
      vertex   -1.653081e+01 3.399563e+00 4.200000e+01
      vertex   -1.606514e+01 5.015935e+00 4.200000e+01
    endloop
  endfacet
  facet normal -9.238795e-01 3.826834e-01 0.000000e+00
    outer loop
      vertex   -1.606514e+01 5.015935e+00 2.500000e+01
      vertex   -1.606514e+01 5.015935e+00 4.200000e+01
      vertex   -1.542142e+01 6.570006e+00 2.500000e+01
    endloop
  endfacet
  facet normal -9.238795e-01 3.826834e-01 0.000000e+00
    outer loop
      vertex   -1.542142e+01 6.570006e+00 2.500000e+01
      vertex   -1.606514e+01 5.015935e+00 4.200000e+01
      vertex   -1.542142e+01 6.570006e+00 4.200000e+01
    endloop
  endfacet
  facet normal -8.752234e-01 4.837189e-01 0.000000e+00
    outer loop
      vertex   -1.542142e+01 6.570006e+00 2.500000e+01
      vertex   -1.542142e+01 6.570006e+00 4.200000e+01
      vertex   -1.460775e+01 8.042231e+00 2.500000e+01
    endloop
  endfacet
  facet normal -8.752234e-01 4.837189e-01 0.000000e+00
    outer loop
      vertex   -1.460775e+01 8.042231e+00 2.500000e+01
      vertex   -1.542142e+01 6.570006e+00 4.200000e+01
      vertex   -1.460775e+01 8.042231e+00 4.200000e+01
    endloop
  endfacet
  facet normal -8.155609e-01 5.786713e-01 0.000000e+00
    outer loop
      vertex   -1.460775e+01 8.042231e+00 2.500000e+01
      vertex   -1.460775e+01 8.042231e+00 4.200000e+01
      vertex   -1.363436e+01 9.414097e+00 2.500000e+01
    endloop
  endfacet
  facet normal -8.155609e-01 5.786713e-01 0.000000e+00
    outer loop
      vertex   -1.363436e+01 9.414097e+00 2.500000e+01
      vertex   -1.460775e+01 8.042231e+00 4.200000e+01
      vertex   -1.363436e+01 9.414097e+00 4.200000e+01
    endloop
  endfacet
  facet normal -7.456422e-01 6.663466e-01 0.000000e+00
    outer loop
      vertex   -1.363436e+01 9.414097e+00 2.500000e+01
      vertex   -1.363436e+01 9.414097e+00 4.200000e+01
      vertex   -1.251349e+01 1.066835e+01 2.500000e+01
    endloop
  endfacet
  facet normal -7.456422e-01 6.663466e-01 0.000000e+00
    outer loop
      vertex   -1.251349e+01 1.066835e+01 2.500000e+01
      vertex   -1.363436e+01 9.414097e+00 4.200000e+01
      vertex   -1.251349e+01 1.066835e+01 4.200000e+01
    endloop
  endfacet
  facet normal -6.663466e-01 7.456422e-01 0.000000e+00
    outer loop
      vertex   -1.251349e+01 1.066835e+01 2.500000e+01
      vertex   -1.251349e+01 1.066835e+01 4.200000e+01
      vertex   -1.125923e+01 1.178922e+01 2.500000e+01
    endloop
  endfacet
  facet normal -6.663466e-01 7.456422e-01 0.000000e+00
    outer loop
      vertex   -1.125923e+01 1.178922e+01 2.500000e+01
      vertex   -1.251349e+01 1.066835e+01 4.200000e+01
      vertex   -1.125923e+01 1.178922e+01 4.200000e+01
    endloop
  endfacet
  facet normal -5.786713e-01 8.155609e-01 0.000000e+00
    outer loop
      vertex   -1.125923e+01 1.178922e+01 2.500000e+01
      vertex   -1.125923e+01 1.178922e+01 4.200000e+01
      vertex   -9.887369e+00 1.276261e+01 2.500000e+01
    endloop
  endfacet
  facet normal -5.786713e-01 8.155609e-01 0.000000e+00
    outer loop
      vertex   -9.887369e+00 1.276261e+01 2.500000e+01
      vertex   -1.125923e+01 1.178922e+01 4.200000e+01
      vertex   -9.887369e+00 1.276261e+01 4.200000e+01
    endloop
  endfacet
  facet normal -4.837189e-01 8.752234e-01 0.000000e+00
    outer loop
      vertex   -9.887369e+00 1.276261e+01 2.500000e+01
      vertex   -9.887369e+00 1.276261e+01 4.200000e+01
      vertex   -8.415144e+00 1.357628e+01 2.500000e+01
    endloop
  endfacet
  facet normal -4.837189e-01 8.752234e-01 0.000000e+00
    outer loop
      vertex   -8.415144e+00 1.357628e+01 2.500000e+01
      vertex   -9.887369e+00 1.276261e+01 4.200000e+01
      vertex   -8.415144e+00 1.357628e+01 4.200000e+01
    endloop
  endfacet
  facet normal -3.826834e-01 9.238795e-01 0.000000e+00
    outer loop
      vertex   -8.415144e+00 1.357628e+01 2.500000e+01
      vertex   -8.415144e+00 1.357628e+01 4.200000e+01
      vertex   -6.861074e+00 1.422000e+01 2.500000e+01
    endloop
  endfacet
  facet normal -3.826834e-01 9.238795e-01 0.000000e+00
    outer loop
      vertex   -6.861074e+00 1.422000e+01 2.500000e+01
      vertex   -8.415144e+00 1.357628e+01 4.200000e+01
      vertex   -6.861074e+00 1.422000e+01 4.200000e+01
    endloop
  endfacet
  facet normal -2.768355e-01 9.609173e-01 0.000000e+00
    outer loop
      vertex   -6.861074e+00 1.422000e+01 2.500000e+01
      vertex   -6.861074e+00 1.422000e+01 4.200000e+01
      vertex   -5.244702e+00 1.468567e+01 2.500000e+01
    endloop
  endfacet
  facet normal -2.768355e-01 9.609173e-01 0.000000e+00
    outer loop
      vertex   -5.244702e+00 1.468567e+01 2.500000e+01
      vertex   -6.861074e+00 1.422000e+01 4.200000e+01
      vertex   -5.244702e+00 1.468567e+01 4.200000e+01
    endloop
  endfacet
  facet normal -1.675062e-01 9.858710e-01 0.000000e+00
    outer loop
      vertex   -5.244702e+00 1.468567e+01 2.500000e+01
      vertex   -5.244702e+00 1.468567e+01 4.200000e+01
      vertex   -3.586355e+00 1.496743e+01 2.500000e+01
    endloop
  endfacet
  facet normal -1.675062e-01 9.858710e-01 0.000000e+00
    outer loop
      vertex   -3.586355e+00 1.496743e+01 2.500000e+01
      vertex   -5.244702e+00 1.468567e+01 4.200000e+01
      vertex   -3.586355e+00 1.496743e+01 4.200000e+01
    endloop
  endfacet
  facet normal -5.607045e-02 9.984268e-01 0.000000e+00
    outer loop
      vertex   -3.586355e+00 1.496743e+01 2.500000e+01
      vertex   -3.586355e+00 1.496743e+01 4.200000e+01
      vertex   -1.906888e+00 1.506175e+01 2.500000e+01
    endloop
  endfacet
  facet normal -5.607045e-02 9.984268e-01 0.000000e+00
    outer loop
      vertex   -1.906888e+00 1.506175e+01 2.500000e+01
      vertex   -3.586355e+00 1.496743e+01 4.200000e+01
      vertex   -1.906888e+00 1.506175e+01 4.200000e+01
    endloop
  endfacet
  facet normal 5.607045e-02 9.984268e-01 -0.000000e+00
    outer loop
      vertex   -1.906888e+00 1.506175e+01 2.500000e+01
      vertex   -1.906888e+00 1.506175e+01 4.200000e+01
      vertex   -2.274207e-01 1.496743e+01 2.500000e+01
    endloop
  endfacet
  facet normal 5.607045e-02 9.984268e-01 -0.000000e+00
    outer loop
      vertex   -2.274207e-01 1.496743e+01 2.500000e+01
      vertex   -1.906888e+00 1.506175e+01 4.200000e+01
      vertex   -2.274207e-01 1.496743e+01 4.200000e+01
    endloop
  endfacet
  facet normal 1.675062e-01 9.858710e-01 -0.000000e+00
    outer loop
      vertex   -2.274207e-01 1.496743e+01 2.500000e+01
      vertex   -2.274207e-01 1.496743e+01 4.200000e+01
      vertex   1.430926e+00 1.468567e+01 2.500000e+01
    endloop
  endfacet
  facet normal 1.675062e-01 9.858710e-01 -0.000000e+00
    outer loop
      vertex   1.430926e+00 1.468567e+01 2.500000e+01
      vertex   -2.274207e-01 1.496743e+01 4.200000e+01
      vertex   1.430926e+00 1.468567e+01 4.200000e+01
    endloop
  endfacet
  facet normal 2.768355e-01 9.609173e-01 -0.000000e+00
    outer loop
      vertex   1.430926e+00 1.468567e+01 2.500000e+01
      vertex   1.430926e+00 1.468567e+01 4.200000e+01
      vertex   3.047298e+00 1.422000e+01 2.500000e+01
    endloop
  endfacet
  facet normal 2.768355e-01 9.609173e-01 -0.000000e+00
    outer loop
      vertex   3.047298e+00 1.422000e+01 2.500000e+01
      vertex   1.430926e+00 1.468567e+01 4.200000e+01
      vertex   3.047298e+00 1.422000e+01 4.200000e+01
    endloop
  endfacet
  facet normal 3.826834e-01 9.238795e-01 -0.000000e+00
    outer loop
      vertex   3.047298e+00 1.422000e+01 2.500000e+01
      vertex   3.047298e+00 1.422000e+01 4.200000e+01
      vertex   4.601368e+00 1.357628e+01 2.500000e+01
    endloop
  endfacet
  facet normal 3.826834e-01 9.238795e-01 -0.000000e+00
    outer loop
      vertex   4.601368e+00 1.357628e+01 2.500000e+01
      vertex   3.047298e+00 1.422000e+01 4.200000e+01
      vertex   4.601368e+00 1.357628e+01 4.200000e+01
    endloop
  endfacet
  facet normal 4.837189e-01 8.752234e-01 -0.000000e+00
    outer loop
      vertex   4.601368e+00 1.357628e+01 2.500000e+01
      vertex   4.601368e+00 1.357628e+01 4.200000e+01
      vertex   6.073593e+00 1.276261e+01 2.500000e+01
    endloop
  endfacet
  facet normal 4.837189e-01 8.752234e-01 -0.000000e+00
    outer loop
      vertex   6.073593e+00 1.276261e+01 2.500000e+01
      vertex   4.601368e+00 1.357628e+01 4.200000e+01
      vertex   6.073593e+00 1.276261e+01 4.200000e+01
    endloop
  endfacet
  facet normal 5.786713e-01 8.155609e-01 -0.000000e+00
    outer loop
      vertex   6.073593e+00 1.276261e+01 2.500000e+01
      vertex   6.073593e+00 1.276261e+01 4.200000e+01
      vertex   7.445459e+00 1.178922e+01 2.500000e+01
    endloop
  endfacet
  facet normal 5.786713e-01 8.155609e-01 -0.000000e+00
    outer loop
      vertex   7.445459e+00 1.178922e+01 2.500000e+01
      vertex   6.073593e+00 1.276261e+01 4.200000e+01
      vertex   7.445459e+00 1.178922e+01 4.200000e+01
    endloop
  endfacet
  facet normal 6.663466e-01 7.456422e-01 -0.000000e+00
    outer loop
      vertex   7.445459e+00 1.178922e+01 2.500000e+01
      vertex   7.445459e+00 1.178922e+01 4.200000e+01
      vertex   8.699714e+00 1.066835e+01 2.500000e+01
    endloop
  endfacet
  facet normal 6.663466e-01 7.456422e-01 -0.000000e+00
    outer loop
      vertex   8.699714e+00 1.066835e+01 2.500000e+01
      vertex   7.445459e+00 1.178922e+01 4.200000e+01
      vertex   8.699714e+00 1.066835e+01 4.200000e+01
    endloop
  endfacet
  facet normal 7.456422e-01 6.663466e-01 -0.000000e+00
    outer loop
      vertex   8.699714e+00 1.066835e+01 2.500000e+01
      vertex   8.699714e+00 1.066835e+01 4.200000e+01
      vertex   9.820584e+00 9.414097e+00 2.500000e+01
    endloop
  endfacet
  facet normal 7.456422e-01 6.663466e-01 -0.000000e+00
    outer loop
      vertex   9.820584e+00 9.414097e+00 2.500000e+01
      vertex   8.699714e+00 1.066835e+01 4.200000e+01
      vertex   9.820584e+00 9.414097e+00 4.200000e+01
    endloop
  endfacet
  facet normal 8.155609e-01 5.786713e-01 -0.000000e+00
    outer loop
      vertex   9.820584e+00 9.414097e+00 2.500000e+01
      vertex   9.820584e+00 9.414097e+00 4.200000e+01
      vertex   1.079398e+01 8.042231e+00 2.500000e+01
    endloop
  endfacet
  facet normal 8.155609e-01 5.786713e-01 -0.000000e+00
    outer loop
      vertex   1.079398e+01 8.042231e+00 2.500000e+01
      vertex   9.820584e+00 9.414097e+00 4.200000e+01
      vertex   1.079398e+01 8.042231e+00 4.200000e+01
    endloop
  endfacet
  facet normal 8.752234e-01 4.837189e-01 -0.000000e+00
    outer loop
      vertex   1.079398e+01 8.042231e+00 2.500000e+01
      vertex   1.079398e+01 8.042231e+00 4.200000e+01
      vertex   1.160765e+01 6.570006e+00 2.500000e+01
    endloop
  endfacet
  facet normal 8.752234e-01 4.837189e-01 -0.000000e+00
    outer loop
      vertex   1.160765e+01 6.570006e+00 2.500000e+01
      vertex   1.079398e+01 8.042231e+00 4.200000e+01
      vertex   1.160765e+01 6.570006e+00 4.200000e+01
    endloop
  endfacet
  facet normal 9.238795e-01 3.826834e-01 -0.000000e+00
    outer loop
      vertex   1.160765e+01 6.570006e+00 2.500000e+01
      vertex   1.160765e+01 6.570006e+00 4.200000e+01
      vertex   1.225136e+01 5.015935e+00 2.500000e+01
    endloop
  endfacet
  facet normal 9.238795e-01 3.826834e-01 -0.000000e+00
    outer loop
      vertex   1.225136e+01 5.015935e+00 2.500000e+01
      vertex   1.160765e+01 6.570006e+00 4.200000e+01
      vertex   1.225136e+01 5.015935e+00 4.200000e+01
    endloop
  endfacet
  facet normal 9.609173e-01 2.768355e-01 -0.000000e+00
    outer loop
      vertex   1.225136e+01 5.015935e+00 2.500000e+01
      vertex   1.225136e+01 5.015935e+00 4.200000e+01
      vertex   1.271703e+01 3.399563e+00 2.500000e+01
    endloop
  endfacet
  facet normal 9.609173e-01 2.768355e-01 -0.000000e+00
    outer loop
      vertex   1.271703e+01 3.399563e+00 2.500000e+01
      vertex   1.225136e+01 5.015935e+00 4.200000e+01
      vertex   1.271703e+01 3.399563e+00 4.200000e+01
    endloop
  endfacet
  facet normal 9.858710e-01 1.675062e-01 -0.000000e+00
    outer loop
      vertex   1.271703e+01 3.399563e+00 2.500000e+01
      vertex   1.271703e+01 3.399563e+00 4.200000e+01
      vertex   1.299880e+01 1.741217e+00 2.500000e+01
    endloop
  endfacet
  facet normal 9.858710e-01 1.675062e-01 -0.000000e+00
    outer loop
      vertex   1.299880e+01 1.741217e+00 2.500000e+01
      vertex   1.271703e+01 3.399563e+00 4.200000e+01
      vertex   1.299880e+01 1.741217e+00 4.200000e+01
    endloop
  endfacet
  facet normal 9.984268e-01 5.607045e-02 -0.000000e+00
    outer loop
      vertex   1.299880e+01 1.741217e+00 2.500000e+01
      vertex   1.299880e+01 1.741217e+00 4.200000e+01
      vertex   1.309311e+01 6.174949e-02 2.500000e+01
    endloop
  endfacet
  facet normal 9.984268e-01 5.607045e-02 -0.000000e+00
    outer loop
      vertex   1.309311e+01 6.174949e-02 2.500000e+01
      vertex   1.299880e+01 1.741217e+00 4.200000e+01
      vertex   1.309311e+01 6.174949e-02 4.200000e+01
    endloop
  endfacet
  facet normal 9.984268e-01 -5.607045e-02 0.000000e+00
    outer loop
      vertex   1.309311e+01 6.174949e-02 2.500000e+01
      vertex   1.309311e+01 6.174949e-02 4.200000e+01
      vertex   1.299880e+01 -1.617718e+00 2.500000e+01
    endloop
  endfacet
  facet normal 9.984268e-01 -5.607045e-02 0.000000e+00
    outer loop
      vertex   1.299880e+01 -1.617718e+00 2.500000e+01
      vertex   1.309311e+01 6.174949e-02 4.200000e+01
      vertex   1.299880e+01 -1.617718e+00 4.200000e+01
    endloop
  endfacet
  facet normal 9.858710e-01 -1.675062e-01 0.000000e+00
    outer loop
      vertex   1.299880e+01 -1.617718e+00 2.500000e+01
      vertex   1.299880e+01 -1.617718e+00 4.200000e+01
      vertex   1.271703e+01 -3.276065e+00 2.500000e+01
    endloop
  endfacet
  facet normal 9.858710e-01 -1.675062e-01 0.000000e+00
    outer loop
      vertex   1.271703e+01 -3.276065e+00 2.500000e+01
      vertex   1.299880e+01 -1.617718e+00 4.200000e+01
      vertex   1.271703e+01 -3.276065e+00 4.200000e+01
    endloop
  endfacet
  facet normal 9.609173e-01 -2.768355e-01 0.000000e+00
    outer loop
      vertex   1.271703e+01 -3.276065e+00 2.500000e+01
      vertex   1.271703e+01 -3.276065e+00 4.200000e+01
      vertex   1.225136e+01 -4.892436e+00 2.500000e+01
    endloop
  endfacet
  facet normal 9.609173e-01 -2.768355e-01 0.000000e+00
    outer loop
      vertex   1.225136e+01 -4.892436e+00 2.500000e+01
      vertex   1.271703e+01 -3.276065e+00 4.200000e+01
      vertex   1.225136e+01 -4.892436e+00 4.200000e+01
    endloop
  endfacet
  facet normal 9.238795e-01 -3.826834e-01 0.000000e+00
    outer loop
      vertex   1.225136e+01 -4.892436e+00 2.500000e+01
      vertex   1.225136e+01 -4.892436e+00 4.200000e+01
      vertex   1.160765e+01 -6.446507e+00 2.500000e+01
    endloop
  endfacet
  facet normal 9.238795e-01 -3.826834e-01 0.000000e+00
    outer loop
      vertex   1.160765e+01 -6.446507e+00 2.500000e+01
      vertex   1.225136e+01 -4.892436e+00 4.200000e+01
      vertex   1.160765e+01 -6.446507e+00 4.200000e+01
    endloop
  endfacet
  facet normal 8.752234e-01 -4.837189e-01 0.000000e+00
    outer loop
      vertex   1.160765e+01 -6.446507e+00 2.500000e+01
      vertex   1.160765e+01 -6.446507e+00 4.200000e+01
      vertex   1.079398e+01 -7.918732e+00 2.500000e+01
    endloop
  endfacet
  facet normal 8.752234e-01 -4.837189e-01 0.000000e+00
    outer loop
      vertex   1.079398e+01 -7.918732e+00 2.500000e+01
      vertex   1.160765e+01 -6.446507e+00 4.200000e+01
      vertex   1.079398e+01 -7.918732e+00 4.200000e+01
    endloop
  endfacet
  facet normal 8.155609e-01 -5.786713e-01 0.000000e+00
    outer loop
      vertex   1.079398e+01 -7.918732e+00 2.500000e+01
      vertex   1.079398e+01 -7.918732e+00 4.200000e+01
      vertex   9.820584e+00 -9.290598e+00 2.500000e+01
    endloop
  endfacet
  facet normal 8.155609e-01 -5.786713e-01 0.000000e+00
    outer loop
      vertex   9.820584e+00 -9.290598e+00 2.500000e+01
      vertex   1.079398e+01 -7.918732e+00 4.200000e+01
      vertex   9.820584e+00 -9.290598e+00 4.200000e+01
    endloop
  endfacet
  facet normal 7.456422e-01 -6.663466e-01 0.000000e+00
    outer loop
      vertex   9.820584e+00 -9.290598e+00 2.500000e+01
      vertex   9.820584e+00 -9.290598e+00 4.200000e+01
      vertex   8.699714e+00 -1.054485e+01 2.500000e+01
    endloop
  endfacet
  facet normal 7.456422e-01 -6.663466e-01 0.000000e+00
    outer loop
      vertex   8.699714e+00 -1.054485e+01 2.500000e+01
      vertex   9.820584e+00 -9.290598e+00 4.200000e+01
      vertex   8.699714e+00 -1.054485e+01 4.200000e+01
    endloop
  endfacet
  facet normal 6.663466e-01 -7.456422e-01 0.000000e+00
    outer loop
      vertex   8.699714e+00 -1.054485e+01 2.500000e+01
      vertex   8.699714e+00 -1.054485e+01 4.200000e+01
      vertex   7.445459e+00 -1.166572e+01 2.500000e+01
    endloop
  endfacet
  facet normal 6.663466e-01 -7.456422e-01 0.000000e+00
    outer loop
      vertex   7.445459e+00 -1.166572e+01 2.500000e+01
      vertex   8.699714e+00 -1.054485e+01 4.200000e+01
      vertex   7.445459e+00 -1.166572e+01 4.200000e+01
    endloop
  endfacet
  facet normal 5.786713e-01 -8.155609e-01 0.000000e+00
    outer loop
      vertex   7.445459e+00 -1.166572e+01 2.500000e+01
      vertex   7.445459e+00 -1.166572e+01 4.200000e+01
      vertex   6.073593e+00 -1.263911e+01 2.500000e+01
    endloop
  endfacet
  facet normal 5.786713e-01 -8.155609e-01 0.000000e+00
    outer loop
      vertex   6.073593e+00 -1.263911e+01 2.500000e+01
      vertex   7.445459e+00 -1.166572e+01 4.200000e+01
      vertex   6.073593e+00 -1.263911e+01 4.200000e+01
    endloop
  endfacet
  facet normal 4.837189e-01 -8.752234e-01 0.000000e+00
    outer loop
      vertex   6.073593e+00 -1.263911e+01 2.500000e+01
      vertex   6.073593e+00 -1.263911e+01 4.200000e+01
      vertex   4.601368e+00 -1.345278e+01 2.500000e+01
    endloop
  endfacet
  facet normal 4.837189e-01 -8.752234e-01 0.000000e+00
    outer loop
      vertex   4.601368e+00 -1.345278e+01 2.500000e+01
      vertex   6.073593e+00 -1.263911e+01 4.200000e+01
      vertex   4.601368e+00 -1.345278e+01 4.200000e+01
    endloop
  endfacet
  facet normal 3.826834e-01 -9.238795e-01 0.000000e+00
    outer loop
      vertex   4.601368e+00 -1.345278e+01 2.500000e+01
      vertex   4.601368e+00 -1.345278e+01 4.200000e+01
      vertex   3.047298e+00 -1.409650e+01 2.500000e+01
    endloop
  endfacet
  facet normal 3.826834e-01 -9.238795e-01 0.000000e+00
    outer loop
      vertex   3.047298e+00 -1.409650e+01 2.500000e+01
      vertex   4.601368e+00 -1.345278e+01 4.200000e+01
      vertex   3.047298e+00 -1.409650e+01 4.200000e+01
    endloop
  endfacet
  facet normal 2.768355e-01 -9.609173e-01 0.000000e+00
    outer loop
      vertex   3.047298e+00 -1.409650e+01 2.500000e+01
      vertex   3.047298e+00 -1.409650e+01 4.200000e+01
      vertex   1.430926e+00 -1.456217e+01 2.500000e+01
    endloop
  endfacet
  facet normal 2.768355e-01 -9.609173e-01 0.000000e+00
    outer loop
      vertex   1.430926e+00 -1.456217e+01 2.500000e+01
      vertex   3.047298e+00 -1.409650e+01 4.200000e+01
      vertex   1.430926e+00 -1.456217e+01 4.200000e+01
    endloop
  endfacet
  facet normal 1.675062e-01 -9.858710e-01 0.000000e+00
    outer loop
      vertex   1.430926e+00 -1.456217e+01 2.500000e+01
      vertex   1.430926e+00 -1.456217e+01 4.200000e+01
      vertex   -2.274207e-01 -1.484393e+01 2.500000e+01
    endloop
  endfacet
  facet normal 1.675062e-01 -9.858710e-01 0.000000e+00
    outer loop
      vertex   -2.274207e-01 -1.484393e+01 2.500000e+01
      vertex   1.430926e+00 -1.456217e+01 4.200000e+01
      vertex   -2.274207e-01 -1.484393e+01 4.200000e+01
    endloop
  endfacet
  facet normal 5.607045e-02 -9.984268e-01 0.000000e+00
    outer loop
      vertex   -2.274207e-01 -1.484393e+01 2.500000e+01
      vertex   -2.274207e-01 -1.484393e+01 4.200000e+01
      vertex   -1.906888e+00 -1.493825e+01 2.500000e+01
    endloop
  endfacet
  facet normal 5.607045e-02 -9.984268e-01 0.000000e+00
    outer loop
      vertex   -1.906888e+00 -1.493825e+01 2.500000e+01
      vertex   -2.274207e-01 -1.484393e+01 4.200000e+01
      vertex   -1.906888e+00 -1.493825e+01 4.200000e+01
    endloop
  endfacet
  facet normal -5.607045e-02 -9.984268e-01 0.000000e+00
    outer loop
      vertex   -1.906888e+00 -1.493825e+01 2.500000e+01
      vertex   -1.906888e+00 -1.493825e+01 4.200000e+01
      vertex   -3.586355e+00 -1.484393e+01 2.500000e+01
    endloop
  endfacet
  facet normal -5.607045e-02 -9.984268e-01 0.000000e+00
    outer loop
      vertex   -3.586355e+00 -1.484393e+01 2.500000e+01
      vertex   -1.906888e+00 -1.493825e+01 4.200000e+01
      vertex   -3.586355e+00 -1.484393e+01 4.200000e+01
    endloop
  endfacet
  facet normal -1.675062e-01 -9.858710e-01 0.000000e+00
    outer loop
      vertex   -3.586355e+00 -1.484393e+01 2.500000e+01
      vertex   -3.586355e+00 -1.484393e+01 4.200000e+01
      vertex   -5.244702e+00 -1.456217e+01 2.500000e+01
    endloop
  endfacet
  facet normal -1.675062e-01 -9.858710e-01 0.000000e+00
    outer loop
      vertex   -5.244702e+00 -1.456217e+01 2.500000e+01
      vertex   -3.586355e+00 -1.484393e+01 4.200000e+01
      vertex   -5.244702e+00 -1.456217e+01 4.200000e+01
    endloop
  endfacet
  facet normal -2.768355e-01 -9.609173e-01 0.000000e+00
    outer loop
      vertex   -5.244702e+00 -1.456217e+01 2.500000e+01
      vertex   -5.244702e+00 -1.456217e+01 4.200000e+01
      vertex   -6.861074e+00 -1.409650e+01 2.500000e+01
    endloop
  endfacet
  facet normal -2.768355e-01 -9.609173e-01 0.000000e+00
    outer loop
      vertex   -6.861074e+00 -1.409650e+01 2.500000e+01
      vertex   -5.244702e+00 -1.456217e+01 4.200000e+01
      vertex   -6.861074e+00 -1.409650e+01 4.200000e+01
    endloop
  endfacet
  facet normal -3.826834e-01 -9.238795e-01 0.000000e+00
    outer loop
      vertex   -6.861074e+00 -1.409650e+01 2.500000e+01
      vertex   -6.861074e+00 -1.409650e+01 4.200000e+01
      vertex   -8.415144e+00 -1.345278e+01 2.500000e+01
    endloop
  endfacet
  facet normal -3.826834e-01 -9.238795e-01 0.000000e+00
    outer loop
      vertex   -8.415144e+00 -1.345278e+01 2.500000e+01
      vertex   -6.861074e+00 -1.409650e+01 4.200000e+01
      vertex   -8.415144e+00 -1.345278e+01 4.200000e+01
    endloop
  endfacet
  facet normal -4.837189e-01 -8.752234e-01 0.000000e+00
    outer loop
      vertex   -8.415144e+00 -1.345278e+01 2.500000e+01
      vertex   -8.415144e+00 -1.345278e+01 4.200000e+01
      vertex   -9.887369e+00 -1.263911e+01 2.500000e+01
    endloop
  endfacet
  facet normal -4.837189e-01 -8.752234e-01 0.000000e+00
    outer loop
      vertex   -9.887369e+00 -1.263911e+01 2.500000e+01
      vertex   -8.415144e+00 -1.345278e+01 4.200000e+01
      vertex   -9.887369e+00 -1.263911e+01 4.200000e+01
    endloop
  endfacet
  facet normal -5.786713e-01 -8.155609e-01 0.000000e+00
    outer loop
      vertex   -9.887369e+00 -1.263911e+01 2.500000e+01
      vertex   -9.887369e+00 -1.263911e+01 4.200000e+01
      vertex   -1.125923e+01 -1.166572e+01 2.500000e+01
    endloop
  endfacet
  facet normal -5.786713e-01 -8.155609e-01 0.000000e+00
    outer loop
      vertex   -1.125923e+01 -1.166572e+01 2.500000e+01
      vertex   -9.887369e+00 -1.263911e+01 4.200000e+01
      vertex   -1.125923e+01 -1.166572e+01 4.200000e+01
    endloop
  endfacet
  facet normal -6.663466e-01 -7.456422e-01 0.000000e+00
    outer loop
      vertex   -1.125923e+01 -1.166572e+01 2.500000e+01
      vertex   -1.125923e+01 -1.166572e+01 4.200000e+01
      vertex   -1.251349e+01 -1.054485e+01 2.500000e+01
    endloop
  endfacet
  facet normal -6.663466e-01 -7.456422e-01 0.000000e+00
    outer loop
      vertex   -1.251349e+01 -1.054485e+01 2.500000e+01
      vertex   -1.125923e+01 -1.166572e+01 4.200000e+01
      vertex   -1.251349e+01 -1.054485e+01 4.200000e+01
    endloop
  endfacet
  facet normal -7.456422e-01 -6.663466e-01 0.000000e+00
    outer loop
      vertex   -1.251349e+01 -1.054485e+01 2.500000e+01
      vertex   -1.251349e+01 -1.054485e+01 4.200000e+01
      vertex   -1.363436e+01 -9.290598e+00 2.500000e+01
    endloop
  endfacet
  facet normal -7.456422e-01 -6.663466e-01 0.000000e+00
    outer loop
      vertex   -1.363436e+01 -9.290598e+00 2.500000e+01
      vertex   -1.251349e+01 -1.054485e+01 4.200000e+01
      vertex   -1.363436e+01 -9.290598e+00 4.200000e+01
    endloop
  endfacet
  facet normal -8.155609e-01 -5.786713e-01 0.000000e+00
    outer loop
      vertex   -1.363436e+01 -9.290598e+00 2.500000e+01
      vertex   -1.363436e+01 -9.290598e+00 4.200000e+01
      vertex   -1.460775e+01 -7.918732e+00 2.500000e+01
    endloop
  endfacet
  facet normal -8.155609e-01 -5.786713e-01 0.000000e+00
    outer loop
      vertex   -1.460775e+01 -7.918732e+00 2.500000e+01
      vertex   -1.363436e+01 -9.290598e+00 4.200000e+01
      vertex   -1.460775e+01 -7.918732e+00 4.200000e+01
    endloop
  endfacet
  facet normal -8.752234e-01 -4.837189e-01 0.000000e+00
    outer loop
      vertex   -1.460775e+01 -7.918732e+00 2.500000e+01
      vertex   -1.460775e+01 -7.918732e+00 4.200000e+01
      vertex   -1.542142e+01 -6.446507e+00 2.500000e+01
    endloop
  endfacet
  facet normal -8.752234e-01 -4.837189e-01 0.000000e+00
    outer loop
      vertex   -1.542142e+01 -6.446507e+00 2.500000e+01
      vertex   -1.460775e+01 -7.918732e+00 4.200000e+01
      vertex   -1.542142e+01 -6.446507e+00 4.200000e+01
    endloop
  endfacet
  facet normal -9.238795e-01 -3.826834e-01 0.000000e+00
    outer loop
      vertex   -1.542142e+01 -6.446507e+00 2.500000e+01
      vertex   -1.542142e+01 -6.446507e+00 4.200000e+01
      vertex   -1.606514e+01 -4.892436e+00 2.500000e+01
    endloop
  endfacet
  facet normal -9.238795e-01 -3.826834e-01 0.000000e+00
    outer loop
      vertex   -1.606514e+01 -4.892436e+00 2.500000e+01
      vertex   -1.542142e+01 -6.446507e+00 4.200000e+01
      vertex   -1.606514e+01 -4.892436e+00 4.200000e+01
    endloop
  endfacet
  facet normal -9.609173e-01 -2.768355e-01 0.000000e+00
    outer loop
      vertex   -1.606514e+01 -4.892436e+00 2.500000e+01
      vertex   -1.606514e+01 -4.892436e+00 4.200000e+01
      vertex   -1.653081e+01 -3.276065e+00 2.500000e+01
    endloop
  endfacet
  facet normal -9.609173e-01 -2.768355e-01 0.000000e+00
    outer loop
      vertex   -1.653081e+01 -3.276065e+00 2.500000e+01
      vertex   -1.606514e+01 -4.892436e+00 4.200000e+01
      vertex   -1.653081e+01 -3.276065e+00 4.200000e+01
    endloop
  endfacet
  facet normal -9.858710e-01 -1.675062e-01 0.000000e+00
    outer loop
      vertex   -1.653081e+01 -3.276065e+00 2.500000e+01
      vertex   -1.653081e+01 -3.276065e+00 4.200000e+01
      vertex   -1.681257e+01 -1.617718e+00 2.500000e+01
    endloop
  endfacet
  facet normal -9.858710e-01 -1.675062e-01 0.000000e+00
    outer loop
      vertex   -1.681257e+01 -1.617718e+00 2.500000e+01
      vertex   -1.653081e+01 -3.276065e+00 4.200000e+01
      vertex   -1.681257e+01 -1.617718e+00 4.200000e+01
    endloop
  endfacet
  facet normal -0.000000e+00 0.000000e+00 -1.000000e+00
    outer loop
      vertex   -1.681257e+01 -1.617718e+00 2.300000e+01
      vertex   -1.931102e+01 -1.767499e+00 2.300000e+01
      vertex   -1.690689e+01 6.174949e-02 2.300000e+01
    endloop
  endfacet
  facet normal -0.000000e+00 0.000000e+00 -1.000000e+00
    outer loop
      vertex   -1.690689e+01 6.174949e-02 2.300000e+01
      vertex   -1.931102e+01 -1.767499e+00 2.300000e+01
      vertex   -1.940689e+01 6.174949e-02 2.300000e+01
    endloop
  endfacet
  facet normal 0.000000e+00 0.000000e+00 -1.000000e+00
    outer loop
      vertex   -1.690689e+01 6.174949e-02 2.300000e+01
      vertex   -1.940689e+01 6.174949e-02 2.300000e+01
      vertex   -1.931102e+01 1.890998e+00 2.300000e+01
    endloop
  endfacet
  facet normal 0.000000e+00 0.000000e+00 -1.000000e+00
    outer loop
      vertex   -1.931102e+01 -1.767499e+00 2.300000e+01
      vertex   -1.681257e+01 -1.617718e+00 2.300000e+01
      vertex   -1.902447e+01 -3.576705e+00 2.300000e+01
    endloop
  endfacet
  facet normal 0.000000e+00 0.000000e+00 -1.000000e+00
    outer loop
      vertex   -1.902447e+01 -3.576705e+00 2.300000e+01
      vertex   -1.681257e+01 -1.617718e+00 2.300000e+01
      vertex   -1.653081e+01 -3.276065e+00 2.300000e+01
    endloop
  endfacet
  facet normal 0.000000e+00 0.000000e+00 -1.000000e+00
    outer loop
      vertex   -1.902447e+01 -3.576705e+00 2.300000e+01
      vertex   -1.653081e+01 -3.276065e+00 2.300000e+01
      vertex   -1.855038e+01 -5.346048e+00 2.300000e+01
    endloop
  endfacet
  facet normal 0.000000e+00 0.000000e+00 -1.000000e+00
    outer loop
      vertex   -1.855038e+01 -5.346048e+00 2.300000e+01
      vertex   -1.653081e+01 -3.276065e+00 2.300000e+01
      vertex   -1.606514e+01 -4.892436e+00 2.300000e+01
    endloop
  endfacet
  facet normal 0.000000e+00 0.000000e+00 -1.000000e+00
    outer loop
      vertex   -1.855038e+01 -5.346048e+00 2.300000e+01
      vertex   -1.606514e+01 -4.892436e+00 2.300000e+01
      vertex   -1.789393e+01 -7.056142e+00 2.300000e+01
    endloop
  endfacet
  facet normal 0.000000e+00 0.000000e+00 -1.000000e+00
    outer loop
      vertex   -1.789393e+01 -7.056142e+00 2.300000e+01
      vertex   -1.606514e+01 -4.892436e+00 2.300000e+01
      vertex   -1.542142e+01 -6.446507e+00 2.300000e+01
    endloop
  endfacet
  facet normal 0.000000e+00 0.000000e+00 -1.000000e+00
    outer loop
      vertex   -1.789393e+01 -7.056142e+00 2.300000e+01
      vertex   -1.542142e+01 -6.446507e+00 2.300000e+01
      vertex   -1.706233e+01 -8.688251e+00 2.300000e+01
    endloop
  endfacet
  facet normal 0.000000e+00 0.000000e+00 -1.000000e+00
    outer loop
      vertex   -1.706233e+01 -8.688251e+00 2.300000e+01
      vertex   -1.542142e+01 -6.446507e+00 2.300000e+01
      vertex   -1.460775e+01 -7.918732e+00 2.300000e+01
    endloop
  endfacet
  facet normal 0.000000e+00 0.000000e+00 -1.000000e+00
    outer loop
      vertex   -1.706233e+01 -8.688251e+00 2.300000e+01
      vertex   -1.460775e+01 -7.918732e+00 2.300000e+01
      vertex   -1.606469e+01 -1.022449e+01 2.300000e+01
    endloop
  endfacet
  facet normal 0.000000e+00 0.000000e+00 -1.000000e+00
    outer loop
      vertex   -1.606469e+01 -1.022449e+01 2.300000e+01
      vertex   -1.460775e+01 -7.918732e+00 2.300000e+01
      vertex   -1.363436e+01 -9.290598e+00 2.300000e+01
    endloop
  endfacet
  facet normal 0.000000e+00 0.000000e+00 -1.000000e+00
    outer loop
      vertex   -1.606469e+01 -1.022449e+01 2.300000e+01
      vertex   -1.363436e+01 -9.290598e+00 2.300000e+01
      vertex   -1.491192e+01 -1.164804e+01 2.300000e+01
    endloop
  endfacet
  facet normal 0.000000e+00 0.000000e+00 -1.000000e+00
    outer loop
      vertex   -1.491192e+01 -1.164804e+01 2.300000e+01
      vertex   -1.363436e+01 -9.290598e+00 2.300000e+01
      vertex   -1.251349e+01 -1.054485e+01 2.300000e+01
    endloop
  endfacet
  facet normal 0.000000e+00 0.000000e+00 -1.000000e+00
    outer loop
      vertex   -1.491192e+01 -1.164804e+01 2.300000e+01
      vertex   -1.251349e+01 -1.054485e+01 2.300000e+01
      vertex   -1.361667e+01 -1.294328e+01 2.300000e+01
    endloop
  endfacet
  facet normal 0.000000e+00 0.000000e+00 -1.000000e+00
    outer loop
      vertex   -1.361667e+01 -1.294328e+01 2.300000e+01
      vertex   -1.251349e+01 -1.054485e+01 2.300000e+01
      vertex   -1.125923e+01 -1.166572e+01 2.300000e+01
    endloop
  endfacet
  facet normal 0.000000e+00 0.000000e+00 -1.000000e+00
    outer loop
      vertex   -1.361667e+01 -1.294328e+01 2.300000e+01
      vertex   -1.125923e+01 -1.166572e+01 2.300000e+01
      vertex   -1.219313e+01 -1.409605e+01 2.300000e+01
    endloop
  endfacet
  facet normal 0.000000e+00 0.000000e+00 -1.000000e+00
    outer loop
      vertex   -1.219313e+01 -1.409605e+01 2.300000e+01
      vertex   -1.125923e+01 -1.166572e+01 2.300000e+01
      vertex   -9.887369e+00 -1.263911e+01 2.300000e+01
    endloop
  endfacet
  facet normal 0.000000e+00 0.000000e+00 -1.000000e+00
    outer loop
      vertex   -1.219313e+01 -1.409605e+01 2.300000e+01
      vertex   -9.887369e+00 -1.263911e+01 2.300000e+01
      vertex   -1.065689e+01 -1.509370e+01 2.300000e+01
    endloop
  endfacet
  facet normal 0.000000e+00 0.000000e+00 -1.000000e+00
    outer loop
      vertex   -1.065689e+01 -1.509370e+01 2.300000e+01
      vertex   -9.887369e+00 -1.263911e+01 2.300000e+01
      vertex   -8.415144e+00 -1.345278e+01 2.300000e+01
    endloop
  endfacet
  facet normal 0.000000e+00 0.000000e+00 -1.000000e+00
    outer loop
      vertex   -1.065689e+01 -1.509370e+01 2.300000e+01
      vertex   -8.415144e+00 -1.345278e+01 2.300000e+01
      vertex   -9.024779e+00 -1.592530e+01 2.300000e+01
    endloop
  endfacet
  facet normal 0.000000e+00 0.000000e+00 -1.000000e+00
    outer loop
      vertex   -9.024779e+00 -1.592530e+01 2.300000e+01
      vertex   -8.415144e+00 -1.345278e+01 2.300000e+01
      vertex   -6.861074e+00 -1.409650e+01 2.300000e+01
    endloop
  endfacet
  facet normal 0.000000e+00 0.000000e+00 -1.000000e+00
    outer loop
      vertex   -9.024779e+00 -1.592530e+01 2.300000e+01
      vertex   -6.861074e+00 -1.409650e+01 2.300000e+01
      vertex   -7.314685e+00 -1.658174e+01 2.300000e+01
    endloop
  endfacet
  facet normal 0.000000e+00 0.000000e+00 -1.000000e+00
    outer loop
      vertex   -7.314685e+00 -1.658174e+01 2.300000e+01
      vertex   -6.861074e+00 -1.409650e+01 2.300000e+01
      vertex   -5.244702e+00 -1.456217e+01 2.300000e+01
    endloop
  endfacet
  facet normal 0.000000e+00 0.000000e+00 -1.000000e+00
    outer loop
      vertex   -7.314685e+00 -1.658174e+01 2.300000e+01
      vertex   -5.244702e+00 -1.456217e+01 2.300000e+01
      vertex   -5.545342e+00 -1.705583e+01 2.300000e+01
    endloop
  endfacet
  facet normal 0.000000e+00 0.000000e+00 -1.000000e+00
    outer loop
      vertex   -5.545342e+00 -1.705583e+01 2.300000e+01
      vertex   -5.244702e+00 -1.456217e+01 2.300000e+01
      vertex   -3.586355e+00 -1.484393e+01 2.300000e+01
    endloop
  endfacet
  facet normal 0.000000e+00 0.000000e+00 -1.000000e+00
    outer loop
      vertex   -5.545342e+00 -1.705583e+01 2.300000e+01
      vertex   -3.586355e+00 -1.484393e+01 2.300000e+01
      vertex   -3.736136e+00 -1.734238e+01 2.300000e+01
    endloop
  endfacet
  facet normal 0.000000e+00 0.000000e+00 -1.000000e+00
    outer loop
      vertex   -3.736136e+00 -1.734238e+01 2.300000e+01
      vertex   -3.586355e+00 -1.484393e+01 2.300000e+01
      vertex   -1.906888e+00 -1.493825e+01 2.300000e+01
    endloop
  endfacet
  facet normal 0.000000e+00 0.000000e+00 -1.000000e+00
    outer loop
      vertex   -3.736136e+00 -1.734238e+01 2.300000e+01
      vertex   -1.906888e+00 -1.493825e+01 2.300000e+01
      vertex   -1.906888e+00 -1.743825e+01 2.300000e+01
    endloop
  endfacet
  facet normal 0.000000e+00 0.000000e+00 -1.000000e+00
    outer loop
      vertex   -1.906888e+00 -1.743825e+01 2.300000e+01
      vertex   -1.906888e+00 -1.493825e+01 2.300000e+01
      vertex   -7.763972e-02 -1.734238e+01 2.300000e+01
    endloop
  endfacet
  facet normal 0.000000e+00 0.000000e+00 -1.000000e+00
    outer loop
      vertex   -7.763972e-02 -1.734238e+01 2.300000e+01
      vertex   -1.906888e+00 -1.493825e+01 2.300000e+01
      vertex   -2.274207e-01 -1.484393e+01 2.300000e+01
    endloop
  endfacet
  facet normal 0.000000e+00 0.000000e+00 -1.000000e+00
    outer loop
      vertex   -7.763972e-02 -1.734238e+01 2.300000e+01
      vertex   -2.274207e-01 -1.484393e+01 2.300000e+01
      vertex   1.731567e+00 -1.705583e+01 2.300000e+01
    endloop
  endfacet
  facet normal 0.000000e+00 0.000000e+00 -1.000000e+00
    outer loop
      vertex   1.731567e+00 -1.705583e+01 2.300000e+01
      vertex   -2.274207e-01 -1.484393e+01 2.300000e+01
      vertex   1.430926e+00 -1.456217e+01 2.300000e+01
    endloop
  endfacet
  facet normal 0.000000e+00 0.000000e+00 -1.000000e+00
    outer loop
      vertex   1.731567e+00 -1.705583e+01 2.300000e+01
      vertex   1.430926e+00 -1.456217e+01 2.300000e+01
      vertex   3.500910e+00 -1.658174e+01 2.300000e+01
    endloop
  endfacet
  facet normal 0.000000e+00 0.000000e+00 -1.000000e+00
    outer loop
      vertex   3.500910e+00 -1.658174e+01 2.300000e+01
      vertex   1.430926e+00 -1.456217e+01 2.300000e+01
      vertex   3.047298e+00 -1.409650e+01 2.300000e+01
    endloop
  endfacet
  facet normal 0.000000e+00 0.000000e+00 -1.000000e+00
    outer loop
      vertex   3.500910e+00 -1.658174e+01 2.300000e+01
      vertex   3.047298e+00 -1.409650e+01 2.300000e+01
      vertex   5.211003e+00 -1.592530e+01 2.300000e+01
    endloop
  endfacet
  facet normal 0.000000e+00 0.000000e+00 -1.000000e+00
    outer loop
      vertex   5.211003e+00 -1.592530e+01 2.300000e+01
      vertex   3.047298e+00 -1.409650e+01 2.300000e+01
      vertex   4.601368e+00 -1.345278e+01 2.300000e+01
    endloop
  endfacet
  facet normal 0.000000e+00 0.000000e+00 -1.000000e+00
    outer loop
      vertex   5.211003e+00 -1.592530e+01 2.300000e+01
      vertex   4.601368e+00 -1.345278e+01 2.300000e+01
      vertex   6.843112e+00 -1.509370e+01 2.300000e+01
    endloop
  endfacet
  facet normal 0.000000e+00 0.000000e+00 -1.000000e+00
    outer loop
      vertex   6.843112e+00 -1.509370e+01 2.300000e+01
      vertex   4.601368e+00 -1.345278e+01 2.300000e+01
      vertex   6.073593e+00 -1.263911e+01 2.300000e+01
    endloop
  endfacet
  facet normal 0.000000e+00 0.000000e+00 -1.000000e+00
    outer loop
      vertex   6.843112e+00 -1.509370e+01 2.300000e+01
      vertex   6.073593e+00 -1.263911e+01 2.300000e+01
      vertex   8.379354e+00 -1.409605e+01 2.300000e+01
    endloop
  endfacet
  facet normal 0.000000e+00 0.000000e+00 -1.000000e+00
    outer loop
      vertex   8.379354e+00 -1.409605e+01 2.300000e+01
      vertex   6.073593e+00 -1.263911e+01 2.300000e+01
      vertex   7.445459e+00 -1.166572e+01 2.300000e+01
    endloop
  endfacet
  facet normal 0.000000e+00 0.000000e+00 -1.000000e+00
    outer loop
      vertex   8.379354e+00 -1.409605e+01 2.300000e+01
      vertex   7.445459e+00 -1.166572e+01 2.300000e+01
      vertex   9.802898e+00 -1.294328e+01 2.300000e+01
    endloop
  endfacet
  facet normal 0.000000e+00 0.000000e+00 -1.000000e+00
    outer loop
      vertex   9.802898e+00 -1.294328e+01 2.300000e+01
      vertex   7.445459e+00 -1.166572e+01 2.300000e+01
      vertex   8.699714e+00 -1.054485e+01 2.300000e+01
    endloop
  endfacet
  facet normal 0.000000e+00 0.000000e+00 -1.000000e+00
    outer loop
      vertex   9.802898e+00 -1.294328e+01 2.300000e+01
      vertex   8.699714e+00 -1.054485e+01 2.300000e+01
      vertex   1.109815e+01 -1.164804e+01 2.300000e+01
    endloop
  endfacet
  facet normal 0.000000e+00 0.000000e+00 -1.000000e+00
    outer loop
      vertex   1.109815e+01 -1.164804e+01 2.300000e+01
      vertex   8.699714e+00 -1.054485e+01 2.300000e+01
      vertex   9.820584e+00 -9.290598e+00 2.300000e+01
    endloop
  endfacet
  facet normal 0.000000e+00 0.000000e+00 -1.000000e+00
    outer loop
      vertex   1.109815e+01 -1.164804e+01 2.300000e+01
      vertex   9.820584e+00 -9.290598e+00 2.300000e+01
      vertex   1.225091e+01 -1.022449e+01 2.300000e+01
    endloop
  endfacet
  facet normal 0.000000e+00 0.000000e+00 -1.000000e+00
    outer loop
      vertex   1.225091e+01 -1.022449e+01 2.300000e+01
      vertex   9.820584e+00 -9.290598e+00 2.300000e+01
      vertex   1.079398e+01 -7.918732e+00 2.300000e+01
    endloop
  endfacet
  facet normal 0.000000e+00 0.000000e+00 -1.000000e+00
    outer loop
      vertex   1.225091e+01 -1.022449e+01 2.300000e+01
      vertex   1.079398e+01 -7.918732e+00 2.300000e+01
      vertex   1.324856e+01 -8.688251e+00 2.300000e+01
    endloop
  endfacet
  facet normal 0.000000e+00 0.000000e+00 -1.000000e+00
    outer loop
      vertex   1.324856e+01 -8.688251e+00 2.300000e+01
      vertex   1.079398e+01 -7.918732e+00 2.300000e+01
      vertex   1.160765e+01 -6.446507e+00 2.300000e+01
    endloop
  endfacet
  facet normal 0.000000e+00 0.000000e+00 -1.000000e+00
    outer loop
      vertex   1.324856e+01 -8.688251e+00 2.300000e+01
      vertex   1.160765e+01 -6.446507e+00 2.300000e+01
      vertex   1.408016e+01 -7.056142e+00 2.300000e+01
    endloop
  endfacet
  facet normal 0.000000e+00 0.000000e+00 -1.000000e+00
    outer loop
      vertex   1.408016e+01 -7.056142e+00 2.300000e+01
      vertex   1.160765e+01 -6.446507e+00 2.300000e+01
      vertex   1.225136e+01 -4.892436e+00 2.300000e+01
    endloop
  endfacet
  facet normal 0.000000e+00 0.000000e+00 -1.000000e+00
    outer loop
      vertex   1.408016e+01 -7.056142e+00 2.300000e+01
      vertex   1.225136e+01 -4.892436e+00 2.300000e+01
      vertex   1.473660e+01 -5.346048e+00 2.300000e+01
    endloop
  endfacet
  facet normal 0.000000e+00 0.000000e+00 -1.000000e+00
    outer loop
      vertex   1.473660e+01 -5.346048e+00 2.300000e+01
      vertex   1.225136e+01 -4.892436e+00 2.300000e+01
      vertex   1.271703e+01 -3.276065e+00 2.300000e+01
    endloop
  endfacet
  facet normal 0.000000e+00 0.000000e+00 -1.000000e+00
    outer loop
      vertex   1.473660e+01 -5.346048e+00 2.300000e+01
      vertex   1.271703e+01 -3.276065e+00 2.300000e+01
      vertex   1.521070e+01 -3.576705e+00 2.300000e+01
    endloop
  endfacet
  facet normal 0.000000e+00 0.000000e+00 -1.000000e+00
    outer loop
      vertex   1.521070e+01 -3.576705e+00 2.300000e+01
      vertex   1.271703e+01 -3.276065e+00 2.300000e+01
      vertex   1.299880e+01 -1.617718e+00 2.300000e+01
    endloop
  endfacet
  facet normal 0.000000e+00 0.000000e+00 -1.000000e+00
    outer loop
      vertex   1.521070e+01 -3.576705e+00 2.300000e+01
      vertex   1.299880e+01 -1.617718e+00 2.300000e+01
      vertex   1.549725e+01 -1.767499e+00 2.300000e+01
    endloop
  endfacet
  facet normal 0.000000e+00 0.000000e+00 -1.000000e+00
    outer loop
      vertex   1.549725e+01 -1.767499e+00 2.300000e+01
      vertex   1.299880e+01 -1.617718e+00 2.300000e+01
      vertex   1.309311e+01 6.174949e-02 2.300000e+01
    endloop
  endfacet
  facet normal 0.000000e+00 0.000000e+00 -1.000000e+00
    outer loop
      vertex   1.549725e+01 -1.767499e+00 2.300000e+01
      vertex   1.309311e+01 6.174949e-02 2.300000e+01
      vertex   1.559311e+01 6.174949e-02 2.300000e+01
    endloop
  endfacet
  facet normal 0.000000e+00 0.000000e+00 -1.000000e+00
    outer loop
      vertex   1.559311e+01 6.174949e-02 2.300000e+01
      vertex   1.309311e+01 6.174949e-02 2.300000e+01
      vertex   1.549725e+01 1.890998e+00 2.300000e+01
    endloop
  endfacet
  facet normal 0.000000e+00 0.000000e+00 -1.000000e+00
    outer loop
      vertex   1.549725e+01 1.890998e+00 2.300000e+01
      vertex   1.309311e+01 6.174949e-02 2.300000e+01
      vertex   1.299880e+01 1.741217e+00 2.300000e+01
    endloop
  endfacet
  facet normal -0.000000e+00 0.000000e+00 -1.000000e+00
    outer loop
      vertex   1.549725e+01 1.890998e+00 2.300000e+01
      vertex   1.299880e+01 1.741217e+00 2.300000e+01
      vertex   1.521070e+01 3.700204e+00 2.300000e+01
    endloop
  endfacet
  facet normal 0.000000e+00 0.000000e+00 -1.000000e+00
    outer loop
      vertex   1.521070e+01 3.700204e+00 2.300000e+01
      vertex   1.299880e+01 1.741217e+00 2.300000e+01
      vertex   1.271703e+01 3.399563e+00 2.300000e+01
    endloop
  endfacet
  facet normal -0.000000e+00 0.000000e+00 -1.000000e+00
    outer loop
      vertex   1.521070e+01 3.700204e+00 2.300000e+01
      vertex   1.271703e+01 3.399563e+00 2.300000e+01
      vertex   1.473660e+01 5.469547e+00 2.300000e+01
    endloop
  endfacet
  facet normal 0.000000e+00 0.000000e+00 -1.000000e+00
    outer loop
      vertex   1.473660e+01 5.469547e+00 2.300000e+01
      vertex   1.271703e+01 3.399563e+00 2.300000e+01
      vertex   1.225136e+01 5.015935e+00 2.300000e+01
    endloop
  endfacet
  facet normal -0.000000e+00 0.000000e+00 -1.000000e+00
    outer loop
      vertex   1.473660e+01 5.469547e+00 2.300000e+01
      vertex   1.225136e+01 5.015935e+00 2.300000e+01
      vertex   1.408016e+01 7.179641e+00 2.300000e+01
    endloop
  endfacet
  facet normal 0.000000e+00 0.000000e+00 -1.000000e+00
    outer loop
      vertex   1.408016e+01 7.179641e+00 2.300000e+01
      vertex   1.225136e+01 5.015935e+00 2.300000e+01
      vertex   1.160765e+01 6.570006e+00 2.300000e+01
    endloop
  endfacet
  facet normal -0.000000e+00 0.000000e+00 -1.000000e+00
    outer loop
      vertex   1.408016e+01 7.179641e+00 2.300000e+01
      vertex   1.160765e+01 6.570006e+00 2.300000e+01
      vertex   1.324856e+01 8.811749e+00 2.300000e+01
    endloop
  endfacet
  facet normal 0.000000e+00 0.000000e+00 -1.000000e+00
    outer loop
      vertex   1.324856e+01 8.811749e+00 2.300000e+01
      vertex   1.160765e+01 6.570006e+00 2.300000e+01
      vertex   1.079398e+01 8.042231e+00 2.300000e+01
    endloop
  endfacet
  facet normal -0.000000e+00 0.000000e+00 -1.000000e+00
    outer loop
      vertex   1.324856e+01 8.811749e+00 2.300000e+01
      vertex   1.079398e+01 8.042231e+00 2.300000e+01
      vertex   1.225091e+01 1.034799e+01 2.300000e+01
    endloop
  endfacet
  facet normal 0.000000e+00 0.000000e+00 -1.000000e+00
    outer loop
      vertex   1.225091e+01 1.034799e+01 2.300000e+01
      vertex   1.079398e+01 8.042231e+00 2.300000e+01
      vertex   9.820584e+00 9.414097e+00 2.300000e+01
    endloop
  endfacet
  facet normal -0.000000e+00 0.000000e+00 -1.000000e+00
    outer loop
      vertex   1.225091e+01 1.034799e+01 2.300000e+01
      vertex   9.820584e+00 9.414097e+00 2.300000e+01
      vertex   1.109815e+01 1.177154e+01 2.300000e+01
    endloop
  endfacet
  facet normal 0.000000e+00 0.000000e+00 -1.000000e+00
    outer loop
      vertex   1.109815e+01 1.177154e+01 2.300000e+01
      vertex   9.820584e+00 9.414097e+00 2.300000e+01
      vertex   8.699714e+00 1.066835e+01 2.300000e+01
    endloop
  endfacet
  facet normal -0.000000e+00 0.000000e+00 -1.000000e+00
    outer loop
      vertex   1.109815e+01 1.177154e+01 2.300000e+01
      vertex   8.699714e+00 1.066835e+01 2.300000e+01
      vertex   9.802898e+00 1.306678e+01 2.300000e+01
    endloop
  endfacet
  facet normal 0.000000e+00 0.000000e+00 -1.000000e+00
    outer loop
      vertex   9.802898e+00 1.306678e+01 2.300000e+01
      vertex   8.699714e+00 1.066835e+01 2.300000e+01
      vertex   7.445459e+00 1.178922e+01 2.300000e+01
    endloop
  endfacet
  facet normal -0.000000e+00 0.000000e+00 -1.000000e+00
    outer loop
      vertex   9.802898e+00 1.306678e+01 2.300000e+01
      vertex   7.445459e+00 1.178922e+01 2.300000e+01
      vertex   8.379354e+00 1.421955e+01 2.300000e+01
    endloop
  endfacet
  facet normal 0.000000e+00 0.000000e+00 -1.000000e+00
    outer loop
      vertex   8.379354e+00 1.421955e+01 2.300000e+01
      vertex   7.445459e+00 1.178922e+01 2.300000e+01
      vertex   6.073593e+00 1.276261e+01 2.300000e+01
    endloop
  endfacet
  facet normal -0.000000e+00 0.000000e+00 -1.000000e+00
    outer loop
      vertex   8.379354e+00 1.421955e+01 2.300000e+01
      vertex   6.073593e+00 1.276261e+01 2.300000e+01
      vertex   6.843112e+00 1.521719e+01 2.300000e+01
    endloop
  endfacet
  facet normal 0.000000e+00 0.000000e+00 -1.000000e+00
    outer loop
      vertex   6.843112e+00 1.521719e+01 2.300000e+01
      vertex   6.073593e+00 1.276261e+01 2.300000e+01
      vertex   4.601368e+00 1.357628e+01 2.300000e+01
    endloop
  endfacet
  facet normal -0.000000e+00 0.000000e+00 -1.000000e+00
    outer loop
      vertex   6.843112e+00 1.521719e+01 2.300000e+01
      vertex   4.601368e+00 1.357628e+01 2.300000e+01
      vertex   5.211003e+00 1.604879e+01 2.300000e+01
    endloop
  endfacet
  facet normal 0.000000e+00 0.000000e+00 -1.000000e+00
    outer loop
      vertex   5.211003e+00 1.604879e+01 2.300000e+01
      vertex   4.601368e+00 1.357628e+01 2.300000e+01
      vertex   3.047298e+00 1.422000e+01 2.300000e+01
    endloop
  endfacet
  facet normal -0.000000e+00 0.000000e+00 -1.000000e+00
    outer loop
      vertex   5.211003e+00 1.604879e+01 2.300000e+01
      vertex   3.047298e+00 1.422000e+01 2.300000e+01
      vertex   3.500910e+00 1.670524e+01 2.300000e+01
    endloop
  endfacet
  facet normal 0.000000e+00 0.000000e+00 -1.000000e+00
    outer loop
      vertex   3.500910e+00 1.670524e+01 2.300000e+01
      vertex   3.047298e+00 1.422000e+01 2.300000e+01
      vertex   1.430926e+00 1.468567e+01 2.300000e+01
    endloop
  endfacet
  facet normal -0.000000e+00 0.000000e+00 -1.000000e+00
    outer loop
      vertex   3.500910e+00 1.670524e+01 2.300000e+01
      vertex   1.430926e+00 1.468567e+01 2.300000e+01
      vertex   1.731567e+00 1.717933e+01 2.300000e+01
    endloop
  endfacet
  facet normal 0.000000e+00 0.000000e+00 -1.000000e+00
    outer loop
      vertex   1.731567e+00 1.717933e+01 2.300000e+01
      vertex   1.430926e+00 1.468567e+01 2.300000e+01
      vertex   -2.274207e-01 1.496743e+01 2.300000e+01
    endloop
  endfacet
  facet normal -0.000000e+00 0.000000e+00 -1.000000e+00
    outer loop
      vertex   1.731567e+00 1.717933e+01 2.300000e+01
      vertex   -2.274207e-01 1.496743e+01 2.300000e+01
      vertex   -7.763972e-02 1.746588e+01 2.300000e+01
    endloop
  endfacet
  facet normal 0.000000e+00 0.000000e+00 -1.000000e+00
    outer loop
      vertex   -7.763972e-02 1.746588e+01 2.300000e+01
      vertex   -2.274207e-01 1.496743e+01 2.300000e+01
      vertex   -1.906888e+00 1.506175e+01 2.300000e+01
    endloop
  endfacet
  facet normal -0.000000e+00 0.000000e+00 -1.000000e+00
    outer loop
      vertex   -7.763972e-02 1.746588e+01 2.300000e+01
      vertex   -1.906888e+00 1.506175e+01 2.300000e+01
      vertex   -1.906888e+00 1.756175e+01 2.300000e+01
    endloop
  endfacet
  facet normal 0.000000e+00 0.000000e+00 -1.000000e+00
    outer loop
      vertex   -1.906888e+00 1.756175e+01 2.300000e+01
      vertex   -1.906888e+00 1.506175e+01 2.300000e+01
      vertex   -3.736136e+00 1.746588e+01 2.300000e+01
    endloop
  endfacet
  facet normal 0.000000e+00 0.000000e+00 -1.000000e+00
    outer loop
      vertex   -3.736136e+00 1.746588e+01 2.300000e+01
      vertex   -1.906888e+00 1.506175e+01 2.300000e+01
      vertex   -3.586355e+00 1.496743e+01 2.300000e+01
    endloop
  endfacet
  facet normal 0.000000e+00 -0.000000e+00 -1.000000e+00
    outer loop
      vertex   -3.736136e+00 1.746588e+01 2.300000e+01
      vertex   -3.586355e+00 1.496743e+01 2.300000e+01
      vertex   -5.545342e+00 1.717933e+01 2.300000e+01
    endloop
  endfacet
  facet normal 0.000000e+00 0.000000e+00 -1.000000e+00
    outer loop
      vertex   -5.545342e+00 1.717933e+01 2.300000e+01
      vertex   -3.586355e+00 1.496743e+01 2.300000e+01
      vertex   -5.244702e+00 1.468567e+01 2.300000e+01
    endloop
  endfacet
  facet normal 0.000000e+00 -0.000000e+00 -1.000000e+00
    outer loop
      vertex   -5.545342e+00 1.717933e+01 2.300000e+01
      vertex   -5.244702e+00 1.468567e+01 2.300000e+01
      vertex   -7.314685e+00 1.670524e+01 2.300000e+01
    endloop
  endfacet
  facet normal 0.000000e+00 0.000000e+00 -1.000000e+00
    outer loop
      vertex   -7.314685e+00 1.670524e+01 2.300000e+01
      vertex   -5.244702e+00 1.468567e+01 2.300000e+01
      vertex   -6.861074e+00 1.422000e+01 2.300000e+01
    endloop
  endfacet
  facet normal 0.000000e+00 -0.000000e+00 -1.000000e+00
    outer loop
      vertex   -7.314685e+00 1.670524e+01 2.300000e+01
      vertex   -6.861074e+00 1.422000e+01 2.300000e+01
      vertex   -9.024779e+00 1.604879e+01 2.300000e+01
    endloop
  endfacet
  facet normal 0.000000e+00 0.000000e+00 -1.000000e+00
    outer loop
      vertex   -9.024779e+00 1.604879e+01 2.300000e+01
      vertex   -6.861074e+00 1.422000e+01 2.300000e+01
      vertex   -8.415144e+00 1.357628e+01 2.300000e+01
    endloop
  endfacet
  facet normal 0.000000e+00 -0.000000e+00 -1.000000e+00
    outer loop
      vertex   -9.024779e+00 1.604879e+01 2.300000e+01
      vertex   -8.415144e+00 1.357628e+01 2.300000e+01
      vertex   -1.065689e+01 1.521719e+01 2.300000e+01
    endloop
  endfacet
  facet normal 0.000000e+00 0.000000e+00 -1.000000e+00
    outer loop
      vertex   -1.065689e+01 1.521719e+01 2.300000e+01
      vertex   -8.415144e+00 1.357628e+01 2.300000e+01
      vertex   -9.887369e+00 1.276261e+01 2.300000e+01
    endloop
  endfacet
  facet normal 0.000000e+00 -0.000000e+00 -1.000000e+00
    outer loop
      vertex   -1.065689e+01 1.521719e+01 2.300000e+01
      vertex   -9.887369e+00 1.276261e+01 2.300000e+01
      vertex   -1.219313e+01 1.421955e+01 2.300000e+01
    endloop
  endfacet
  facet normal 0.000000e+00 0.000000e+00 -1.000000e+00
    outer loop
      vertex   -1.219313e+01 1.421955e+01 2.300000e+01
      vertex   -9.887369e+00 1.276261e+01 2.300000e+01
      vertex   -1.125923e+01 1.178922e+01 2.300000e+01
    endloop
  endfacet
  facet normal 0.000000e+00 -0.000000e+00 -1.000000e+00
    outer loop
      vertex   -1.219313e+01 1.421955e+01 2.300000e+01
      vertex   -1.125923e+01 1.178922e+01 2.300000e+01
      vertex   -1.361667e+01 1.306678e+01 2.300000e+01
    endloop
  endfacet
  facet normal 0.000000e+00 0.000000e+00 -1.000000e+00
    outer loop
      vertex   -1.361667e+01 1.306678e+01 2.300000e+01
      vertex   -1.125923e+01 1.178922e+01 2.300000e+01
      vertex   -1.251349e+01 1.066835e+01 2.300000e+01
    endloop
  endfacet
  facet normal 0.000000e+00 -0.000000e+00 -1.000000e+00
    outer loop
      vertex   -1.361667e+01 1.306678e+01 2.300000e+01
      vertex   -1.251349e+01 1.066835e+01 2.300000e+01
      vertex   -1.491192e+01 1.177154e+01 2.300000e+01
    endloop
  endfacet
  facet normal 0.000000e+00 0.000000e+00 -1.000000e+00
    outer loop
      vertex   -1.491192e+01 1.177154e+01 2.300000e+01
      vertex   -1.251349e+01 1.066835e+01 2.300000e+01
      vertex   -1.363436e+01 9.414097e+00 2.300000e+01
    endloop
  endfacet
  facet normal 0.000000e+00 -0.000000e+00 -1.000000e+00
    outer loop
      vertex   -1.491192e+01 1.177154e+01 2.300000e+01
      vertex   -1.363436e+01 9.414097e+00 2.300000e+01
      vertex   -1.606469e+01 1.034799e+01 2.300000e+01
    endloop
  endfacet
  facet normal 0.000000e+00 0.000000e+00 -1.000000e+00
    outer loop
      vertex   -1.606469e+01 1.034799e+01 2.300000e+01
      vertex   -1.363436e+01 9.414097e+00 2.300000e+01
      vertex   -1.460775e+01 8.042231e+00 2.300000e+01
    endloop
  endfacet
  facet normal 0.000000e+00 -0.000000e+00 -1.000000e+00
    outer loop
      vertex   -1.606469e+01 1.034799e+01 2.300000e+01
      vertex   -1.460775e+01 8.042231e+00 2.300000e+01
      vertex   -1.706233e+01 8.811749e+00 2.300000e+01
    endloop
  endfacet
  facet normal 0.000000e+00 0.000000e+00 -1.000000e+00
    outer loop
      vertex   -1.706233e+01 8.811749e+00 2.300000e+01
      vertex   -1.460775e+01 8.042231e+00 2.300000e+01
      vertex   -1.542142e+01 6.570006e+00 2.300000e+01
    endloop
  endfacet
  facet normal 0.000000e+00 -0.000000e+00 -1.000000e+00
    outer loop
      vertex   -1.706233e+01 8.811749e+00 2.300000e+01
      vertex   -1.542142e+01 6.570006e+00 2.300000e+01
      vertex   -1.789393e+01 7.179641e+00 2.300000e+01
    endloop
  endfacet
  facet normal 0.000000e+00 0.000000e+00 -1.000000e+00
    outer loop
      vertex   -1.789393e+01 7.179641e+00 2.300000e+01
      vertex   -1.542142e+01 6.570006e+00 2.300000e+01
      vertex   -1.606514e+01 5.015935e+00 2.300000e+01
    endloop
  endfacet
  facet normal 0.000000e+00 -0.000000e+00 -1.000000e+00
    outer loop
      vertex   -1.789393e+01 7.179641e+00 2.300000e+01
      vertex   -1.606514e+01 5.015935e+00 2.300000e+01
      vertex   -1.855038e+01 5.469547e+00 2.300000e+01
    endloop
  endfacet
  facet normal 0.000000e+00 0.000000e+00 -1.000000e+00
    outer loop
      vertex   -1.855038e+01 5.469547e+00 2.300000e+01
      vertex   -1.606514e+01 5.015935e+00 2.300000e+01
      vertex   -1.653081e+01 3.399563e+00 2.300000e+01
    endloop
  endfacet
  facet normal 0.000000e+00 -0.000000e+00 -1.000000e+00
    outer loop
      vertex   -1.855038e+01 5.469547e+00 2.300000e+01
      vertex   -1.653081e+01 3.399563e+00 2.300000e+01
      vertex   -1.902447e+01 3.700204e+00 2.300000e+01
    endloop
  endfacet
  facet normal 0.000000e+00 0.000000e+00 -1.000000e+00
    outer loop
      vertex   -1.902447e+01 3.700204e+00 2.300000e+01
      vertex   -1.653081e+01 3.399563e+00 2.300000e+01
      vertex   -1.681257e+01 1.741217e+00 2.300000e+01
    endloop
  endfacet
  facet normal 0.000000e+00 -0.000000e+00 -1.000000e+00
    outer loop
      vertex   -1.902447e+01 3.700204e+00 2.300000e+01
      vertex   -1.681257e+01 1.741217e+00 2.300000e+01
      vertex   -1.931102e+01 1.890998e+00 2.300000e+01
    endloop
  endfacet
  facet normal 0.000000e+00 0.000000e+00 -1.000000e+00
    outer loop
      vertex   -1.931102e+01 1.890998e+00 2.300000e+01
      vertex   -1.681257e+01 1.741217e+00 2.300000e+01
      vertex   -1.690689e+01 6.174949e-02 2.300000e+01
    endloop
  endfacet
  facet normal 0.000000e+00 0.000000e+00 1.000000e+00
    outer loop
      vertex   -1.681257e+01 1.741217e+00 2.500000e+01
      vertex   -1.931102e+01 1.890998e+00 2.500000e+01
      vertex   -1.690689e+01 6.174949e-02 2.500000e+01
    endloop
  endfacet
  facet normal 0.000000e+00 0.000000e+00 1.000000e+00
    outer loop
      vertex   -1.690689e+01 6.174949e-02 2.500000e+01
      vertex   -1.931102e+01 1.890998e+00 2.500000e+01
      vertex   -1.940689e+01 6.174949e-02 2.500000e+01
    endloop
  endfacet
  facet normal 0.000000e+00 0.000000e+00 1.000000e+00
    outer loop
      vertex   -1.690689e+01 6.174949e-02 2.500000e+01
      vertex   -1.940689e+01 6.174949e-02 2.500000e+01
      vertex   -1.931102e+01 -1.767499e+00 2.500000e+01
    endloop
  endfacet
  facet normal -0.000000e+00 0.000000e+00 1.000000e+00
    outer loop
      vertex   -1.931102e+01 1.890998e+00 2.500000e+01
      vertex   -1.681257e+01 1.741217e+00 2.500000e+01
      vertex   -1.902447e+01 3.700204e+00 2.500000e+01
    endloop
  endfacet
  facet normal 0.000000e+00 0.000000e+00 1.000000e+00
    outer loop
      vertex   -1.902447e+01 3.700204e+00 2.500000e+01
      vertex   -1.681257e+01 1.741217e+00 2.500000e+01
      vertex   -1.653081e+01 3.399563e+00 2.500000e+01
    endloop
  endfacet
  facet normal -0.000000e+00 0.000000e+00 1.000000e+00
    outer loop
      vertex   -1.902447e+01 3.700204e+00 2.500000e+01
      vertex   -1.653081e+01 3.399563e+00 2.500000e+01
      vertex   -1.855038e+01 5.469547e+00 2.500000e+01
    endloop
  endfacet
  facet normal 0.000000e+00 0.000000e+00 1.000000e+00
    outer loop
      vertex   -1.855038e+01 5.469547e+00 2.500000e+01
      vertex   -1.653081e+01 3.399563e+00 2.500000e+01
      vertex   -1.606514e+01 5.015935e+00 2.500000e+01
    endloop
  endfacet
  facet normal -0.000000e+00 0.000000e+00 1.000000e+00
    outer loop
      vertex   -1.855038e+01 5.469547e+00 2.500000e+01
      vertex   -1.606514e+01 5.015935e+00 2.500000e+01
      vertex   -1.789393e+01 7.179641e+00 2.500000e+01
    endloop
  endfacet
  facet normal 0.000000e+00 0.000000e+00 1.000000e+00
    outer loop
      vertex   -1.789393e+01 7.179641e+00 2.500000e+01
      vertex   -1.606514e+01 5.015935e+00 2.500000e+01
      vertex   -1.542142e+01 6.570006e+00 2.500000e+01
    endloop
  endfacet
  facet normal -0.000000e+00 0.000000e+00 1.000000e+00
    outer loop
      vertex   -1.789393e+01 7.179641e+00 2.500000e+01
      vertex   -1.542142e+01 6.570006e+00 2.500000e+01
      vertex   -1.706233e+01 8.811749e+00 2.500000e+01
    endloop
  endfacet
  facet normal 0.000000e+00 0.000000e+00 1.000000e+00
    outer loop
      vertex   -1.706233e+01 8.811749e+00 2.500000e+01
      vertex   -1.542142e+01 6.570006e+00 2.500000e+01
      vertex   -1.460775e+01 8.042231e+00 2.500000e+01
    endloop
  endfacet
  facet normal -0.000000e+00 0.000000e+00 1.000000e+00
    outer loop
      vertex   -1.706233e+01 8.811749e+00 2.500000e+01
      vertex   -1.460775e+01 8.042231e+00 2.500000e+01
      vertex   -1.606469e+01 1.034799e+01 2.500000e+01
    endloop
  endfacet
  facet normal 0.000000e+00 0.000000e+00 1.000000e+00
    outer loop
      vertex   -1.606469e+01 1.034799e+01 2.500000e+01
      vertex   -1.460775e+01 8.042231e+00 2.500000e+01
      vertex   -1.363436e+01 9.414097e+00 2.500000e+01
    endloop
  endfacet
  facet normal -0.000000e+00 0.000000e+00 1.000000e+00
    outer loop
      vertex   -1.606469e+01 1.034799e+01 2.500000e+01
      vertex   -1.363436e+01 9.414097e+00 2.500000e+01
      vertex   -1.491192e+01 1.177154e+01 2.500000e+01
    endloop
  endfacet
  facet normal 0.000000e+00 0.000000e+00 1.000000e+00
    outer loop
      vertex   -1.491192e+01 1.177154e+01 2.500000e+01
      vertex   -1.363436e+01 9.414097e+00 2.500000e+01
      vertex   -1.251349e+01 1.066835e+01 2.500000e+01
    endloop
  endfacet
  facet normal -0.000000e+00 0.000000e+00 1.000000e+00
    outer loop
      vertex   -1.491192e+01 1.177154e+01 2.500000e+01
      vertex   -1.251349e+01 1.066835e+01 2.500000e+01
      vertex   -1.361667e+01 1.306678e+01 2.500000e+01
    endloop
  endfacet
  facet normal 0.000000e+00 0.000000e+00 1.000000e+00
    outer loop
      vertex   -1.361667e+01 1.306678e+01 2.500000e+01
      vertex   -1.251349e+01 1.066835e+01 2.500000e+01
      vertex   -1.125923e+01 1.178922e+01 2.500000e+01
    endloop
  endfacet
  facet normal -0.000000e+00 0.000000e+00 1.000000e+00
    outer loop
      vertex   -1.361667e+01 1.306678e+01 2.500000e+01
      vertex   -1.125923e+01 1.178922e+01 2.500000e+01
      vertex   -1.219313e+01 1.421955e+01 2.500000e+01
    endloop
  endfacet
  facet normal 0.000000e+00 0.000000e+00 1.000000e+00
    outer loop
      vertex   -1.219313e+01 1.421955e+01 2.500000e+01
      vertex   -1.125923e+01 1.178922e+01 2.500000e+01
      vertex   -9.887369e+00 1.276261e+01 2.500000e+01
    endloop
  endfacet
  facet normal -0.000000e+00 0.000000e+00 1.000000e+00
    outer loop
      vertex   -1.219313e+01 1.421955e+01 2.500000e+01
      vertex   -9.887369e+00 1.276261e+01 2.500000e+01
      vertex   -1.065689e+01 1.521719e+01 2.500000e+01
    endloop
  endfacet
  facet normal 0.000000e+00 0.000000e+00 1.000000e+00
    outer loop
      vertex   -1.065689e+01 1.521719e+01 2.500000e+01
      vertex   -9.887369e+00 1.276261e+01 2.500000e+01
      vertex   -8.415144e+00 1.357628e+01 2.500000e+01
    endloop
  endfacet
  facet normal -0.000000e+00 0.000000e+00 1.000000e+00
    outer loop
      vertex   -1.065689e+01 1.521719e+01 2.500000e+01
      vertex   -8.415144e+00 1.357628e+01 2.500000e+01
      vertex   -9.024779e+00 1.604879e+01 2.500000e+01
    endloop
  endfacet
  facet normal 0.000000e+00 0.000000e+00 1.000000e+00
    outer loop
      vertex   -9.024779e+00 1.604879e+01 2.500000e+01
      vertex   -8.415144e+00 1.357628e+01 2.500000e+01
      vertex   -6.861074e+00 1.422000e+01 2.500000e+01
    endloop
  endfacet
  facet normal -0.000000e+00 0.000000e+00 1.000000e+00
    outer loop
      vertex   -9.024779e+00 1.604879e+01 2.500000e+01
      vertex   -6.861074e+00 1.422000e+01 2.500000e+01
      vertex   -7.314685e+00 1.670524e+01 2.500000e+01
    endloop
  endfacet
  facet normal 0.000000e+00 0.000000e+00 1.000000e+00
    outer loop
      vertex   -7.314685e+00 1.670524e+01 2.500000e+01
      vertex   -6.861074e+00 1.422000e+01 2.500000e+01
      vertex   -5.244702e+00 1.468567e+01 2.500000e+01
    endloop
  endfacet
  facet normal -0.000000e+00 0.000000e+00 1.000000e+00
    outer loop
      vertex   -7.314685e+00 1.670524e+01 2.500000e+01
      vertex   -5.244702e+00 1.468567e+01 2.500000e+01
      vertex   -5.545342e+00 1.717933e+01 2.500000e+01
    endloop
  endfacet
  facet normal 0.000000e+00 0.000000e+00 1.000000e+00
    outer loop
      vertex   -5.545342e+00 1.717933e+01 2.500000e+01
      vertex   -5.244702e+00 1.468567e+01 2.500000e+01
      vertex   -3.586355e+00 1.496743e+01 2.500000e+01
    endloop
  endfacet
  facet normal -0.000000e+00 0.000000e+00 1.000000e+00
    outer loop
      vertex   -5.545342e+00 1.717933e+01 2.500000e+01
      vertex   -3.586355e+00 1.496743e+01 2.500000e+01
      vertex   -3.736136e+00 1.746588e+01 2.500000e+01
    endloop
  endfacet
  facet normal 0.000000e+00 0.000000e+00 1.000000e+00
    outer loop
      vertex   -3.736136e+00 1.746588e+01 2.500000e+01
      vertex   -3.586355e+00 1.496743e+01 2.500000e+01
      vertex   -1.906888e+00 1.506175e+01 2.500000e+01
    endloop
  endfacet
  facet normal -0.000000e+00 0.000000e+00 1.000000e+00
    outer loop
      vertex   -3.736136e+00 1.746588e+01 2.500000e+01
      vertex   -1.906888e+00 1.506175e+01 2.500000e+01
      vertex   -1.906888e+00 1.756175e+01 2.500000e+01
    endloop
  endfacet
  facet normal 0.000000e+00 0.000000e+00 1.000000e+00
    outer loop
      vertex   -1.906888e+00 1.756175e+01 2.500000e+01
      vertex   -1.906888e+00 1.506175e+01 2.500000e+01
      vertex   -7.763972e-02 1.746588e+01 2.500000e+01
    endloop
  endfacet
  facet normal 0.000000e+00 0.000000e+00 1.000000e+00
    outer loop
      vertex   -7.763972e-02 1.746588e+01 2.500000e+01
      vertex   -1.906888e+00 1.506175e+01 2.500000e+01
      vertex   -2.274207e-01 1.496743e+01 2.500000e+01
    endloop
  endfacet
  facet normal 0.000000e+00 0.000000e+00 1.000000e+00
    outer loop
      vertex   -7.763972e-02 1.746588e+01 2.500000e+01
      vertex   -2.274207e-01 1.496743e+01 2.500000e+01
      vertex   1.731567e+00 1.717933e+01 2.500000e+01
    endloop
  endfacet
  facet normal 0.000000e+00 0.000000e+00 1.000000e+00
    outer loop
      vertex   1.731567e+00 1.717933e+01 2.500000e+01
      vertex   -2.274207e-01 1.496743e+01 2.500000e+01
      vertex   1.430926e+00 1.468567e+01 2.500000e+01
    endloop
  endfacet
  facet normal 0.000000e+00 0.000000e+00 1.000000e+00
    outer loop
      vertex   1.731567e+00 1.717933e+01 2.500000e+01
      vertex   1.430926e+00 1.468567e+01 2.500000e+01
      vertex   3.500910e+00 1.670524e+01 2.500000e+01
    endloop
  endfacet
  facet normal 0.000000e+00 0.000000e+00 1.000000e+00
    outer loop
      vertex   3.500910e+00 1.670524e+01 2.500000e+01
      vertex   1.430926e+00 1.468567e+01 2.500000e+01
      vertex   3.047298e+00 1.422000e+01 2.500000e+01
    endloop
  endfacet
  facet normal 0.000000e+00 0.000000e+00 1.000000e+00
    outer loop
      vertex   3.500910e+00 1.670524e+01 2.500000e+01
      vertex   3.047298e+00 1.422000e+01 2.500000e+01
      vertex   5.211003e+00 1.604879e+01 2.500000e+01
    endloop
  endfacet
  facet normal 0.000000e+00 0.000000e+00 1.000000e+00
    outer loop
      vertex   5.211003e+00 1.604879e+01 2.500000e+01
      vertex   3.047298e+00 1.422000e+01 2.500000e+01
      vertex   4.601368e+00 1.357628e+01 2.500000e+01
    endloop
  endfacet
  facet normal 0.000000e+00 0.000000e+00 1.000000e+00
    outer loop
      vertex   5.211003e+00 1.604879e+01 2.500000e+01
      vertex   4.601368e+00 1.357628e+01 2.500000e+01
      vertex   6.843112e+00 1.521719e+01 2.500000e+01
    endloop
  endfacet
  facet normal 0.000000e+00 0.000000e+00 1.000000e+00
    outer loop
      vertex   6.843112e+00 1.521719e+01 2.500000e+01
      vertex   4.601368e+00 1.357628e+01 2.500000e+01
      vertex   6.073593e+00 1.276261e+01 2.500000e+01
    endloop
  endfacet
  facet normal 0.000000e+00 0.000000e+00 1.000000e+00
    outer loop
      vertex   6.843112e+00 1.521719e+01 2.500000e+01
      vertex   6.073593e+00 1.276261e+01 2.500000e+01
      vertex   8.379354e+00 1.421955e+01 2.500000e+01
    endloop
  endfacet
  facet normal 0.000000e+00 0.000000e+00 1.000000e+00
    outer loop
      vertex   8.379354e+00 1.421955e+01 2.500000e+01
      vertex   6.073593e+00 1.276261e+01 2.500000e+01
      vertex   7.445459e+00 1.178922e+01 2.500000e+01
    endloop
  endfacet
  facet normal 0.000000e+00 0.000000e+00 1.000000e+00
    outer loop
      vertex   8.379354e+00 1.421955e+01 2.500000e+01
      vertex   7.445459e+00 1.178922e+01 2.500000e+01
      vertex   9.802898e+00 1.306678e+01 2.500000e+01
    endloop
  endfacet
  facet normal 0.000000e+00 0.000000e+00 1.000000e+00
    outer loop
      vertex   9.802898e+00 1.306678e+01 2.500000e+01
      vertex   7.445459e+00 1.178922e+01 2.500000e+01
      vertex   8.699714e+00 1.066835e+01 2.500000e+01
    endloop
  endfacet
  facet normal 0.000000e+00 0.000000e+00 1.000000e+00
    outer loop
      vertex   9.802898e+00 1.306678e+01 2.500000e+01
      vertex   8.699714e+00 1.066835e+01 2.500000e+01
      vertex   1.109815e+01 1.177154e+01 2.500000e+01
    endloop
  endfacet
  facet normal 0.000000e+00 0.000000e+00 1.000000e+00
    outer loop
      vertex   1.109815e+01 1.177154e+01 2.500000e+01
      vertex   8.699714e+00 1.066835e+01 2.500000e+01
      vertex   9.820584e+00 9.414097e+00 2.500000e+01
    endloop
  endfacet
  facet normal 0.000000e+00 0.000000e+00 1.000000e+00
    outer loop
      vertex   1.109815e+01 1.177154e+01 2.500000e+01
      vertex   9.820584e+00 9.414097e+00 2.500000e+01
      vertex   1.225091e+01 1.034799e+01 2.500000e+01
    endloop
  endfacet
  facet normal 0.000000e+00 0.000000e+00 1.000000e+00
    outer loop
      vertex   1.225091e+01 1.034799e+01 2.500000e+01
      vertex   9.820584e+00 9.414097e+00 2.500000e+01
      vertex   1.079398e+01 8.042231e+00 2.500000e+01
    endloop
  endfacet
  facet normal 0.000000e+00 0.000000e+00 1.000000e+00
    outer loop
      vertex   1.225091e+01 1.034799e+01 2.500000e+01
      vertex   1.079398e+01 8.042231e+00 2.500000e+01
      vertex   1.324856e+01 8.811749e+00 2.500000e+01
    endloop
  endfacet
  facet normal 0.000000e+00 0.000000e+00 1.000000e+00
    outer loop
      vertex   1.324856e+01 8.811749e+00 2.500000e+01
      vertex   1.079398e+01 8.042231e+00 2.500000e+01
      vertex   1.160765e+01 6.570006e+00 2.500000e+01
    endloop
  endfacet
  facet normal 0.000000e+00 0.000000e+00 1.000000e+00
    outer loop
      vertex   1.324856e+01 8.811749e+00 2.500000e+01
      vertex   1.160765e+01 6.570006e+00 2.500000e+01
      vertex   1.408016e+01 7.179641e+00 2.500000e+01
    endloop
  endfacet
  facet normal 0.000000e+00 0.000000e+00 1.000000e+00
    outer loop
      vertex   1.408016e+01 7.179641e+00 2.500000e+01
      vertex   1.160765e+01 6.570006e+00 2.500000e+01
      vertex   1.225136e+01 5.015935e+00 2.500000e+01
    endloop
  endfacet
  facet normal 0.000000e+00 0.000000e+00 1.000000e+00
    outer loop
      vertex   1.408016e+01 7.179641e+00 2.500000e+01
      vertex   1.225136e+01 5.015935e+00 2.500000e+01
      vertex   1.473660e+01 5.469547e+00 2.500000e+01
    endloop
  endfacet
  facet normal 0.000000e+00 0.000000e+00 1.000000e+00
    outer loop
      vertex   1.473660e+01 5.469547e+00 2.500000e+01
      vertex   1.225136e+01 5.015935e+00 2.500000e+01
      vertex   1.271703e+01 3.399563e+00 2.500000e+01
    endloop
  endfacet
  facet normal 0.000000e+00 0.000000e+00 1.000000e+00
    outer loop
      vertex   1.473660e+01 5.469547e+00 2.500000e+01
      vertex   1.271703e+01 3.399563e+00 2.500000e+01
      vertex   1.521070e+01 3.700204e+00 2.500000e+01
    endloop
  endfacet
  facet normal 0.000000e+00 0.000000e+00 1.000000e+00
    outer loop
      vertex   1.521070e+01 3.700204e+00 2.500000e+01
      vertex   1.271703e+01 3.399563e+00 2.500000e+01
      vertex   1.299880e+01 1.741217e+00 2.500000e+01
    endloop
  endfacet
  facet normal 0.000000e+00 0.000000e+00 1.000000e+00
    outer loop
      vertex   1.521070e+01 3.700204e+00 2.500000e+01
      vertex   1.299880e+01 1.741217e+00 2.500000e+01
      vertex   1.549725e+01 1.890998e+00 2.500000e+01
    endloop
  endfacet
  facet normal 0.000000e+00 0.000000e+00 1.000000e+00
    outer loop
      vertex   1.549725e+01 1.890998e+00 2.500000e+01
      vertex   1.299880e+01 1.741217e+00 2.500000e+01
      vertex   1.309311e+01 6.174949e-02 2.500000e+01
    endloop
  endfacet
  facet normal 0.000000e+00 0.000000e+00 1.000000e+00
    outer loop
      vertex   1.549725e+01 1.890998e+00 2.500000e+01
      vertex   1.309311e+01 6.174949e-02 2.500000e+01
      vertex   1.559311e+01 6.174949e-02 2.500000e+01
    endloop
  endfacet
  facet normal 0.000000e+00 0.000000e+00 1.000000e+00
    outer loop
      vertex   1.559311e+01 6.174949e-02 2.500000e+01
      vertex   1.309311e+01 6.174949e-02 2.500000e+01
      vertex   1.549725e+01 -1.767499e+00 2.500000e+01
    endloop
  endfacet
  facet normal 0.000000e+00 0.000000e+00 1.000000e+00
    outer loop
      vertex   1.549725e+01 -1.767499e+00 2.500000e+01
      vertex   1.309311e+01 6.174949e-02 2.500000e+01
      vertex   1.299880e+01 -1.617718e+00 2.500000e+01
    endloop
  endfacet
  facet normal 0.000000e+00 0.000000e+00 1.000000e+00
    outer loop
      vertex   1.549725e+01 -1.767499e+00 2.500000e+01
      vertex   1.299880e+01 -1.617718e+00 2.500000e+01
      vertex   1.521070e+01 -3.576705e+00 2.500000e+01
    endloop
  endfacet
  facet normal 0.000000e+00 0.000000e+00 1.000000e+00
    outer loop
      vertex   1.521070e+01 -3.576705e+00 2.500000e+01
      vertex   1.299880e+01 -1.617718e+00 2.500000e+01
      vertex   1.271703e+01 -3.276065e+00 2.500000e+01
    endloop
  endfacet
  facet normal 0.000000e+00 0.000000e+00 1.000000e+00
    outer loop
      vertex   1.521070e+01 -3.576705e+00 2.500000e+01
      vertex   1.271703e+01 -3.276065e+00 2.500000e+01
      vertex   1.473660e+01 -5.346048e+00 2.500000e+01
    endloop
  endfacet
  facet normal 0.000000e+00 0.000000e+00 1.000000e+00
    outer loop
      vertex   1.473660e+01 -5.346048e+00 2.500000e+01
      vertex   1.271703e+01 -3.276065e+00 2.500000e+01
      vertex   1.225136e+01 -4.892436e+00 2.500000e+01
    endloop
  endfacet
  facet normal 0.000000e+00 0.000000e+00 1.000000e+00
    outer loop
      vertex   1.473660e+01 -5.346048e+00 2.500000e+01
      vertex   1.225136e+01 -4.892436e+00 2.500000e+01
      vertex   1.408016e+01 -7.056142e+00 2.500000e+01
    endloop
  endfacet
  facet normal 0.000000e+00 0.000000e+00 1.000000e+00
    outer loop
      vertex   1.408016e+01 -7.056142e+00 2.500000e+01
      vertex   1.225136e+01 -4.892436e+00 2.500000e+01
      vertex   1.160765e+01 -6.446507e+00 2.500000e+01
    endloop
  endfacet
  facet normal 0.000000e+00 0.000000e+00 1.000000e+00
    outer loop
      vertex   1.408016e+01 -7.056142e+00 2.500000e+01
      vertex   1.160765e+01 -6.446507e+00 2.500000e+01
      vertex   1.324856e+01 -8.688251e+00 2.500000e+01
    endloop
  endfacet
  facet normal 0.000000e+00 0.000000e+00 1.000000e+00
    outer loop
      vertex   1.324856e+01 -8.688251e+00 2.500000e+01
      vertex   1.160765e+01 -6.446507e+00 2.500000e+01
      vertex   1.079398e+01 -7.918732e+00 2.500000e+01
    endloop
  endfacet
  facet normal 0.000000e+00 0.000000e+00 1.000000e+00
    outer loop
      vertex   1.324856e+01 -8.688251e+00 2.500000e+01
      vertex   1.079398e+01 -7.918732e+00 2.500000e+01
      vertex   1.225091e+01 -1.022449e+01 2.500000e+01
    endloop
  endfacet
  facet normal 0.000000e+00 0.000000e+00 1.000000e+00
    outer loop
      vertex   1.225091e+01 -1.022449e+01 2.500000e+01
      vertex   1.079398e+01 -7.918732e+00 2.500000e+01
      vertex   9.820584e+00 -9.290598e+00 2.500000e+01
    endloop
  endfacet
  facet normal 0.000000e+00 0.000000e+00 1.000000e+00
    outer loop
      vertex   1.225091e+01 -1.022449e+01 2.500000e+01
      vertex   9.820584e+00 -9.290598e+00 2.500000e+01
      vertex   1.109815e+01 -1.164804e+01 2.500000e+01
    endloop
  endfacet
  facet normal 0.000000e+00 0.000000e+00 1.000000e+00
    outer loop
      vertex   1.109815e+01 -1.164804e+01 2.500000e+01
      vertex   9.820584e+00 -9.290598e+00 2.500000e+01
      vertex   8.699714e+00 -1.054485e+01 2.500000e+01
    endloop
  endfacet
  facet normal 0.000000e+00 0.000000e+00 1.000000e+00
    outer loop
      vertex   1.109815e+01 -1.164804e+01 2.500000e+01
      vertex   8.699714e+00 -1.054485e+01 2.500000e+01
      vertex   9.802898e+00 -1.294328e+01 2.500000e+01
    endloop
  endfacet
  facet normal 0.000000e+00 0.000000e+00 1.000000e+00
    outer loop
      vertex   9.802898e+00 -1.294328e+01 2.500000e+01
      vertex   8.699714e+00 -1.054485e+01 2.500000e+01
      vertex   7.445459e+00 -1.166572e+01 2.500000e+01
    endloop
  endfacet
  facet normal 0.000000e+00 0.000000e+00 1.000000e+00
    outer loop
      vertex   9.802898e+00 -1.294328e+01 2.500000e+01
      vertex   7.445459e+00 -1.166572e+01 2.500000e+01
      vertex   8.379354e+00 -1.409605e+01 2.500000e+01
    endloop
  endfacet
  facet normal 0.000000e+00 0.000000e+00 1.000000e+00
    outer loop
      vertex   8.379354e+00 -1.409605e+01 2.500000e+01
      vertex   7.445459e+00 -1.166572e+01 2.500000e+01
      vertex   6.073593e+00 -1.263911e+01 2.500000e+01
    endloop
  endfacet
  facet normal 0.000000e+00 0.000000e+00 1.000000e+00
    outer loop
      vertex   8.379354e+00 -1.409605e+01 2.500000e+01
      vertex   6.073593e+00 -1.263911e+01 2.500000e+01
      vertex   6.843112e+00 -1.509370e+01 2.500000e+01
    endloop
  endfacet
  facet normal 0.000000e+00 0.000000e+00 1.000000e+00
    outer loop
      vertex   6.843112e+00 -1.509370e+01 2.500000e+01
      vertex   6.073593e+00 -1.263911e+01 2.500000e+01
      vertex   4.601368e+00 -1.345278e+01 2.500000e+01
    endloop
  endfacet
  facet normal 0.000000e+00 0.000000e+00 1.000000e+00
    outer loop
      vertex   6.843112e+00 -1.509370e+01 2.500000e+01
      vertex   4.601368e+00 -1.345278e+01 2.500000e+01
      vertex   5.211003e+00 -1.592530e+01 2.500000e+01
    endloop
  endfacet
  facet normal 0.000000e+00 0.000000e+00 1.000000e+00
    outer loop
      vertex   5.211003e+00 -1.592530e+01 2.500000e+01
      vertex   4.601368e+00 -1.345278e+01 2.500000e+01
      vertex   3.047298e+00 -1.409650e+01 2.500000e+01
    endloop
  endfacet
  facet normal 0.000000e+00 0.000000e+00 1.000000e+00
    outer loop
      vertex   5.211003e+00 -1.592530e+01 2.500000e+01
      vertex   3.047298e+00 -1.409650e+01 2.500000e+01
      vertex   3.500910e+00 -1.658174e+01 2.500000e+01
    endloop
  endfacet
  facet normal 0.000000e+00 0.000000e+00 1.000000e+00
    outer loop
      vertex   3.500910e+00 -1.658174e+01 2.500000e+01
      vertex   3.047298e+00 -1.409650e+01 2.500000e+01
      vertex   1.430926e+00 -1.456217e+01 2.500000e+01
    endloop
  endfacet
  facet normal 0.000000e+00 0.000000e+00 1.000000e+00
    outer loop
      vertex   3.500910e+00 -1.658174e+01 2.500000e+01
      vertex   1.430926e+00 -1.456217e+01 2.500000e+01
      vertex   1.731567e+00 -1.705583e+01 2.500000e+01
    endloop
  endfacet
  facet normal 0.000000e+00 0.000000e+00 1.000000e+00
    outer loop
      vertex   1.731567e+00 -1.705583e+01 2.500000e+01
      vertex   1.430926e+00 -1.456217e+01 2.500000e+01
      vertex   -2.274207e-01 -1.484393e+01 2.500000e+01
    endloop
  endfacet
  facet normal 0.000000e+00 0.000000e+00 1.000000e+00
    outer loop
      vertex   1.731567e+00 -1.705583e+01 2.500000e+01
      vertex   -2.274207e-01 -1.484393e+01 2.500000e+01
      vertex   -7.763972e-02 -1.734238e+01 2.500000e+01
    endloop
  endfacet
  facet normal 0.000000e+00 0.000000e+00 1.000000e+00
    outer loop
      vertex   -7.763972e-02 -1.734238e+01 2.500000e+01
      vertex   -2.274207e-01 -1.484393e+01 2.500000e+01
      vertex   -1.906888e+00 -1.493825e+01 2.500000e+01
    endloop
  endfacet
  facet normal 0.000000e+00 0.000000e+00 1.000000e+00
    outer loop
      vertex   -7.763972e-02 -1.734238e+01 2.500000e+01
      vertex   -1.906888e+00 -1.493825e+01 2.500000e+01
      vertex   -1.906888e+00 -1.743825e+01 2.500000e+01
    endloop
  endfacet
  facet normal 0.000000e+00 0.000000e+00 1.000000e+00
    outer loop
      vertex   -1.906888e+00 -1.743825e+01 2.500000e+01
      vertex   -1.906888e+00 -1.493825e+01 2.500000e+01
      vertex   -3.736136e+00 -1.734238e+01 2.500000e+01
    endloop
  endfacet
  facet normal 0.000000e+00 0.000000e+00 1.000000e+00
    outer loop
      vertex   -3.736136e+00 -1.734238e+01 2.500000e+01
      vertex   -1.906888e+00 -1.493825e+01 2.500000e+01
      vertex   -3.586355e+00 -1.484393e+01 2.500000e+01
    endloop
  endfacet
  facet normal 0.000000e+00 -0.000000e+00 1.000000e+00
    outer loop
      vertex   -3.736136e+00 -1.734238e+01 2.500000e+01
      vertex   -3.586355e+00 -1.484393e+01 2.500000e+01
      vertex   -5.545342e+00 -1.705583e+01 2.500000e+01
    endloop
  endfacet
  facet normal 0.000000e+00 0.000000e+00 1.000000e+00
    outer loop
      vertex   -5.545342e+00 -1.705583e+01 2.500000e+01
      vertex   -3.586355e+00 -1.484393e+01 2.500000e+01
      vertex   -5.244702e+00 -1.456217e+01 2.500000e+01
    endloop
  endfacet
  facet normal 0.000000e+00 -0.000000e+00 1.000000e+00
    outer loop
      vertex   -5.545342e+00 -1.705583e+01 2.500000e+01
      vertex   -5.244702e+00 -1.456217e+01 2.500000e+01
      vertex   -7.314685e+00 -1.658174e+01 2.500000e+01
    endloop
  endfacet
  facet normal 0.000000e+00 0.000000e+00 1.000000e+00
    outer loop
      vertex   -7.314685e+00 -1.658174e+01 2.500000e+01
      vertex   -5.244702e+00 -1.456217e+01 2.500000e+01
      vertex   -6.861074e+00 -1.409650e+01 2.500000e+01
    endloop
  endfacet
  facet normal 0.000000e+00 -0.000000e+00 1.000000e+00
    outer loop
      vertex   -7.314685e+00 -1.658174e+01 2.500000e+01
      vertex   -6.861074e+00 -1.409650e+01 2.500000e+01
      vertex   -9.024779e+00 -1.592530e+01 2.500000e+01
    endloop
  endfacet
  facet normal 0.000000e+00 0.000000e+00 1.000000e+00
    outer loop
      vertex   -9.024779e+00 -1.592530e+01 2.500000e+01
      vertex   -6.861074e+00 -1.409650e+01 2.500000e+01
      vertex   -8.415144e+00 -1.345278e+01 2.500000e+01
    endloop
  endfacet
  facet normal 0.000000e+00 -0.000000e+00 1.000000e+00
    outer loop
      vertex   -9.024779e+00 -1.592530e+01 2.500000e+01
      vertex   -8.415144e+00 -1.345278e+01 2.500000e+01
      vertex   -1.065689e+01 -1.509370e+01 2.500000e+01
    endloop
  endfacet
  facet normal 0.000000e+00 0.000000e+00 1.000000e+00
    outer loop
      vertex   -1.065689e+01 -1.509370e+01 2.500000e+01
      vertex   -8.415144e+00 -1.345278e+01 2.500000e+01
      vertex   -9.887369e+00 -1.263911e+01 2.500000e+01
    endloop
  endfacet
  facet normal 0.000000e+00 -0.000000e+00 1.000000e+00
    outer loop
      vertex   -1.065689e+01 -1.509370e+01 2.500000e+01
      vertex   -9.887369e+00 -1.263911e+01 2.500000e+01
      vertex   -1.219313e+01 -1.409605e+01 2.500000e+01
    endloop
  endfacet
  facet normal 0.000000e+00 0.000000e+00 1.000000e+00
    outer loop
      vertex   -1.219313e+01 -1.409605e+01 2.500000e+01
      vertex   -9.887369e+00 -1.263911e+01 2.500000e+01
      vertex   -1.125923e+01 -1.166572e+01 2.500000e+01
    endloop
  endfacet
  facet normal 0.000000e+00 -0.000000e+00 1.000000e+00
    outer loop
      vertex   -1.219313e+01 -1.409605e+01 2.500000e+01
      vertex   -1.125923e+01 -1.166572e+01 2.500000e+01
      vertex   -1.361667e+01 -1.294328e+01 2.500000e+01
    endloop
  endfacet
  facet normal 0.000000e+00 0.000000e+00 1.000000e+00
    outer loop
      vertex   -1.361667e+01 -1.294328e+01 2.500000e+01
      vertex   -1.125923e+01 -1.166572e+01 2.500000e+01
      vertex   -1.251349e+01 -1.054485e+01 2.500000e+01
    endloop
  endfacet
  facet normal 0.000000e+00 -0.000000e+00 1.000000e+00
    outer loop
      vertex   -1.361667e+01 -1.294328e+01 2.500000e+01
      vertex   -1.251349e+01 -1.054485e+01 2.500000e+01
      vertex   -1.491192e+01 -1.164804e+01 2.500000e+01
    endloop
  endfacet
  facet normal 0.000000e+00 0.000000e+00 1.000000e+00
    outer loop
      vertex   -1.491192e+01 -1.164804e+01 2.500000e+01
      vertex   -1.251349e+01 -1.054485e+01 2.500000e+01
      vertex   -1.363436e+01 -9.290598e+00 2.500000e+01
    endloop
  endfacet
  facet normal 0.000000e+00 -0.000000e+00 1.000000e+00
    outer loop
      vertex   -1.491192e+01 -1.164804e+01 2.500000e+01
      vertex   -1.363436e+01 -9.290598e+00 2.500000e+01
      vertex   -1.606469e+01 -1.022449e+01 2.500000e+01
    endloop
  endfacet
  facet normal 0.000000e+00 0.000000e+00 1.000000e+00
    outer loop
      vertex   -1.606469e+01 -1.022449e+01 2.500000e+01
      vertex   -1.363436e+01 -9.290598e+00 2.500000e+01
      vertex   -1.460775e+01 -7.918732e+00 2.500000e+01
    endloop
  endfacet
  facet normal 0.000000e+00 -0.000000e+00 1.000000e+00
    outer loop
      vertex   -1.606469e+01 -1.022449e+01 2.500000e+01
      vertex   -1.460775e+01 -7.918732e+00 2.500000e+01
      vertex   -1.706233e+01 -8.688251e+00 2.500000e+01
    endloop
  endfacet
  facet normal 0.000000e+00 0.000000e+00 1.000000e+00
    outer loop
      vertex   -1.706233e+01 -8.688251e+00 2.500000e+01
      vertex   -1.460775e+01 -7.918732e+00 2.500000e+01
      vertex   -1.542142e+01 -6.446507e+00 2.500000e+01
    endloop
  endfacet
  facet normal 0.000000e+00 -0.000000e+00 1.000000e+00
    outer loop
      vertex   -1.706233e+01 -8.688251e+00 2.500000e+01
      vertex   -1.542142e+01 -6.446507e+00 2.500000e+01
      vertex   -1.789393e+01 -7.056142e+00 2.500000e+01
    endloop
  endfacet
  facet normal 0.000000e+00 0.000000e+00 1.000000e+00
    outer loop
      vertex   -1.789393e+01 -7.056142e+00 2.500000e+01
      vertex   -1.542142e+01 -6.446507e+00 2.500000e+01
      vertex   -1.606514e+01 -4.892436e+00 2.500000e+01
    endloop
  endfacet
  facet normal 0.000000e+00 -0.000000e+00 1.000000e+00
    outer loop
      vertex   -1.789393e+01 -7.056142e+00 2.500000e+01
      vertex   -1.606514e+01 -4.892436e+00 2.500000e+01
      vertex   -1.855038e+01 -5.346048e+00 2.500000e+01
    endloop
  endfacet
  facet normal 0.000000e+00 0.000000e+00 1.000000e+00
    outer loop
      vertex   -1.855038e+01 -5.346048e+00 2.500000e+01
      vertex   -1.606514e+01 -4.892436e+00 2.500000e+01
      vertex   -1.653081e+01 -3.276065e+00 2.500000e+01
    endloop
  endfacet
  facet normal 0.000000e+00 -0.000000e+00 1.000000e+00
    outer loop
      vertex   -1.855038e+01 -5.346048e+00 2.500000e+01
      vertex   -1.653081e+01 -3.276065e+00 2.500000e+01
      vertex   -1.902447e+01 -3.576705e+00 2.500000e+01
    endloop
  endfacet
  facet normal 0.000000e+00 0.000000e+00 1.000000e+00
    outer loop
      vertex   -1.902447e+01 -3.576705e+00 2.500000e+01
      vertex   -1.653081e+01 -3.276065e+00 2.500000e+01
      vertex   -1.681257e+01 -1.617718e+00 2.500000e+01
    endloop
  endfacet
  facet normal 0.000000e+00 -0.000000e+00 1.000000e+00
    outer loop
      vertex   -1.902447e+01 -3.576705e+00 2.500000e+01
      vertex   -1.681257e+01 -1.617718e+00 2.500000e+01
      vertex   -1.931102e+01 -1.767499e+00 2.500000e+01
    endloop
  endfacet
  facet normal 0.000000e+00 0.000000e+00 1.000000e+00
    outer loop
      vertex   -1.931102e+01 -1.767499e+00 2.500000e+01
      vertex   -1.681257e+01 -1.617718e+00 2.500000e+01
      vertex   -1.690689e+01 6.174949e-02 2.500000e+01
    endloop
  endfacet
  facet normal -9.986295e-01 -5.233596e-02 0.000000e+00
    outer loop
      vertex   -1.931102e+01 -1.767499e+00 2.300000e+01
      vertex   -1.931102e+01 -1.767499e+00 2.500000e+01
      vertex   -1.940689e+01 6.174949e-02 2.300000e+01
    endloop
  endfacet
  facet normal -9.986295e-01 -5.233596e-02 0.000000e+00
    outer loop
      vertex   -1.940689e+01 6.174949e-02 2.300000e+01
      vertex   -1.931102e+01 -1.767499e+00 2.500000e+01
      vertex   -1.940689e+01 6.174949e-02 2.500000e+01
    endloop
  endfacet
  facet normal -9.986295e-01 5.233596e-02 0.000000e+00
    outer loop
      vertex   -1.940689e+01 6.174949e-02 2.300000e+01
      vertex   -1.940689e+01 6.174949e-02 2.500000e+01
      vertex   -1.931102e+01 1.890998e+00 2.300000e+01
    endloop
  endfacet
  facet normal -9.986295e-01 5.233596e-02 0.000000e+00
    outer loop
      vertex   -1.931102e+01 1.890998e+00 2.300000e+01
      vertex   -1.940689e+01 6.174949e-02 2.500000e+01
      vertex   -1.931102e+01 1.890998e+00 2.500000e+01
    endloop
  endfacet
  facet normal -9.876883e-01 1.564345e-01 0.000000e+00
    outer loop
      vertex   -1.931102e+01 1.890998e+00 2.300000e+01
      vertex   -1.931102e+01 1.890998e+00 2.500000e+01
      vertex   -1.902447e+01 3.700204e+00 2.300000e+01
    endloop
  endfacet
  facet normal -9.876883e-01 1.564345e-01 0.000000e+00
    outer loop
      vertex   -1.902447e+01 3.700204e+00 2.300000e+01
      vertex   -1.931102e+01 1.890998e+00 2.500000e+01
      vertex   -1.902447e+01 3.700204e+00 2.500000e+01
    endloop
  endfacet
  facet normal -9.659258e-01 2.588190e-01 0.000000e+00
    outer loop
      vertex   -1.902447e+01 3.700204e+00 2.300000e+01
      vertex   -1.902447e+01 3.700204e+00 2.500000e+01
      vertex   -1.855038e+01 5.469547e+00 2.300000e+01
    endloop
  endfacet
  facet normal -9.659258e-01 2.588190e-01 0.000000e+00
    outer loop
      vertex   -1.855038e+01 5.469547e+00 2.300000e+01
      vertex   -1.902447e+01 3.700204e+00 2.500000e+01
      vertex   -1.855038e+01 5.469547e+00 2.500000e+01
    endloop
  endfacet
  facet normal -9.335804e-01 3.583679e-01 0.000000e+00
    outer loop
      vertex   -1.855038e+01 5.469547e+00 2.300000e+01
      vertex   -1.855038e+01 5.469547e+00 2.500000e+01
      vertex   -1.789393e+01 7.179641e+00 2.300000e+01
    endloop
  endfacet
  facet normal -9.335804e-01 3.583679e-01 0.000000e+00
    outer loop
      vertex   -1.789393e+01 7.179641e+00 2.300000e+01
      vertex   -1.855038e+01 5.469547e+00 2.500000e+01
      vertex   -1.789393e+01 7.179641e+00 2.500000e+01
    endloop
  endfacet
  facet normal -8.910065e-01 4.539905e-01 0.000000e+00
    outer loop
      vertex   -1.789393e+01 7.179641e+00 2.300000e+01
      vertex   -1.789393e+01 7.179641e+00 2.500000e+01
      vertex   -1.706233e+01 8.811749e+00 2.300000e+01
    endloop
  endfacet
  facet normal -8.910065e-01 4.539905e-01 0.000000e+00
    outer loop
      vertex   -1.706233e+01 8.811749e+00 2.300000e+01
      vertex   -1.789393e+01 7.179641e+00 2.500000e+01
      vertex   -1.706233e+01 8.811749e+00 2.500000e+01
    endloop
  endfacet
  facet normal -8.386706e-01 5.446390e-01 0.000000e+00
    outer loop
      vertex   -1.706233e+01 8.811749e+00 2.300000e+01
      vertex   -1.706233e+01 8.811749e+00 2.500000e+01
      vertex   -1.606469e+01 1.034799e+01 2.300000e+01
    endloop
  endfacet
  facet normal -8.386706e-01 5.446390e-01 0.000000e+00
    outer loop
      vertex   -1.606469e+01 1.034799e+01 2.300000e+01
      vertex   -1.706233e+01 8.811749e+00 2.500000e+01
      vertex   -1.606469e+01 1.034799e+01 2.500000e+01
    endloop
  endfacet
  facet normal -7.771460e-01 6.293204e-01 0.000000e+00
    outer loop
      vertex   -1.606469e+01 1.034799e+01 2.300000e+01
      vertex   -1.606469e+01 1.034799e+01 2.500000e+01
      vertex   -1.491192e+01 1.177154e+01 2.300000e+01
    endloop
  endfacet
  facet normal -7.771460e-01 6.293204e-01 0.000000e+00
    outer loop
      vertex   -1.491192e+01 1.177154e+01 2.300000e+01
      vertex   -1.606469e+01 1.034799e+01 2.500000e+01
      vertex   -1.491192e+01 1.177154e+01 2.500000e+01
    endloop
  endfacet
  facet normal -7.071068e-01 7.071068e-01 0.000000e+00
    outer loop
      vertex   -1.491192e+01 1.177154e+01 2.300000e+01
      vertex   -1.491192e+01 1.177154e+01 2.500000e+01
      vertex   -1.361667e+01 1.306678e+01 2.300000e+01
    endloop
  endfacet
  facet normal -7.071068e-01 7.071068e-01 0.000000e+00
    outer loop
      vertex   -1.361667e+01 1.306678e+01 2.300000e+01
      vertex   -1.491192e+01 1.177154e+01 2.500000e+01
      vertex   -1.361667e+01 1.306678e+01 2.500000e+01
    endloop
  endfacet
  facet normal -6.293204e-01 7.771460e-01 0.000000e+00
    outer loop
      vertex   -1.361667e+01 1.306678e+01 2.300000e+01
      vertex   -1.361667e+01 1.306678e+01 2.500000e+01
      vertex   -1.219313e+01 1.421955e+01 2.300000e+01
    endloop
  endfacet
  facet normal -6.293204e-01 7.771460e-01 0.000000e+00
    outer loop
      vertex   -1.219313e+01 1.421955e+01 2.300000e+01
      vertex   -1.361667e+01 1.306678e+01 2.500000e+01
      vertex   -1.219313e+01 1.421955e+01 2.500000e+01
    endloop
  endfacet
  facet normal -5.446390e-01 8.386706e-01 0.000000e+00
    outer loop
      vertex   -1.219313e+01 1.421955e+01 2.300000e+01
      vertex   -1.219313e+01 1.421955e+01 2.500000e+01
      vertex   -1.065689e+01 1.521719e+01 2.300000e+01
    endloop
  endfacet
  facet normal -5.446390e-01 8.386706e-01 0.000000e+00
    outer loop
      vertex   -1.065689e+01 1.521719e+01 2.300000e+01
      vertex   -1.219313e+01 1.421955e+01 2.500000e+01
      vertex   -1.065689e+01 1.521719e+01 2.500000e+01
    endloop
  endfacet
  facet normal -4.539905e-01 8.910065e-01 0.000000e+00
    outer loop
      vertex   -1.065689e+01 1.521719e+01 2.300000e+01
      vertex   -1.065689e+01 1.521719e+01 2.500000e+01
      vertex   -9.024779e+00 1.604879e+01 2.300000e+01
    endloop
  endfacet
  facet normal -4.539905e-01 8.910065e-01 0.000000e+00
    outer loop
      vertex   -9.024779e+00 1.604879e+01 2.300000e+01
      vertex   -1.065689e+01 1.521719e+01 2.500000e+01
      vertex   -9.024779e+00 1.604879e+01 2.500000e+01
    endloop
  endfacet
  facet normal -3.583679e-01 9.335804e-01 0.000000e+00
    outer loop
      vertex   -9.024779e+00 1.604879e+01 2.300000e+01
      vertex   -9.024779e+00 1.604879e+01 2.500000e+01
      vertex   -7.314685e+00 1.670524e+01 2.300000e+01
    endloop
  endfacet
  facet normal -3.583679e-01 9.335804e-01 0.000000e+00
    outer loop
      vertex   -7.314685e+00 1.670524e+01 2.300000e+01
      vertex   -9.024779e+00 1.604879e+01 2.500000e+01
      vertex   -7.314685e+00 1.670524e+01 2.500000e+01
    endloop
  endfacet
  facet normal -2.588190e-01 9.659258e-01 0.000000e+00
    outer loop
      vertex   -7.314685e+00 1.670524e+01 2.300000e+01
      vertex   -7.314685e+00 1.670524e+01 2.500000e+01
      vertex   -5.545342e+00 1.717933e+01 2.300000e+01
    endloop
  endfacet
  facet normal -2.588190e-01 9.659258e-01 0.000000e+00
    outer loop
      vertex   -5.545342e+00 1.717933e+01 2.300000e+01
      vertex   -7.314685e+00 1.670524e+01 2.500000e+01
      vertex   -5.545342e+00 1.717933e+01 2.500000e+01
    endloop
  endfacet
  facet normal -1.564345e-01 9.876883e-01 0.000000e+00
    outer loop
      vertex   -5.545342e+00 1.717933e+01 2.300000e+01
      vertex   -5.545342e+00 1.717933e+01 2.500000e+01
      vertex   -3.736136e+00 1.746588e+01 2.300000e+01
    endloop
  endfacet
  facet normal -1.564345e-01 9.876883e-01 0.000000e+00
    outer loop
      vertex   -3.736136e+00 1.746588e+01 2.300000e+01
      vertex   -5.545342e+00 1.717933e+01 2.500000e+01
      vertex   -3.736136e+00 1.746588e+01 2.500000e+01
    endloop
  endfacet
  facet normal -5.233596e-02 9.986295e-01 0.000000e+00
    outer loop
      vertex   -3.736136e+00 1.746588e+01 2.300000e+01
      vertex   -3.736136e+00 1.746588e+01 2.500000e+01
      vertex   -1.906888e+00 1.756175e+01 2.300000e+01
    endloop
  endfacet
  facet normal -5.233596e-02 9.986295e-01 0.000000e+00
    outer loop
      vertex   -1.906888e+00 1.756175e+01 2.300000e+01
      vertex   -3.736136e+00 1.746588e+01 2.500000e+01
      vertex   -1.906888e+00 1.756175e+01 2.500000e+01
    endloop
  endfacet
  facet normal 5.233596e-02 9.986295e-01 -0.000000e+00
    outer loop
      vertex   -1.906888e+00 1.756175e+01 2.300000e+01
      vertex   -1.906888e+00 1.756175e+01 2.500000e+01
      vertex   -7.763972e-02 1.746588e+01 2.300000e+01
    endloop
  endfacet
  facet normal 5.233596e-02 9.986295e-01 -0.000000e+00
    outer loop
      vertex   -7.763972e-02 1.746588e+01 2.300000e+01
      vertex   -1.906888e+00 1.756175e+01 2.500000e+01
      vertex   -7.763972e-02 1.746588e+01 2.500000e+01
    endloop
  endfacet
  facet normal 1.564345e-01 9.876883e-01 -0.000000e+00
    outer loop
      vertex   -7.763972e-02 1.746588e+01 2.300000e+01
      vertex   -7.763972e-02 1.746588e+01 2.500000e+01
      vertex   1.731567e+00 1.717933e+01 2.300000e+01
    endloop
  endfacet
  facet normal 1.564345e-01 9.876883e-01 -0.000000e+00
    outer loop
      vertex   1.731567e+00 1.717933e+01 2.300000e+01
      vertex   -7.763972e-02 1.746588e+01 2.500000e+01
      vertex   1.731567e+00 1.717933e+01 2.500000e+01
    endloop
  endfacet
  facet normal 2.588190e-01 9.659258e-01 -0.000000e+00
    outer loop
      vertex   1.731567e+00 1.717933e+01 2.300000e+01
      vertex   1.731567e+00 1.717933e+01 2.500000e+01
      vertex   3.500910e+00 1.670524e+01 2.300000e+01
    endloop
  endfacet
  facet normal 2.588190e-01 9.659258e-01 -0.000000e+00
    outer loop
      vertex   3.500910e+00 1.670524e+01 2.300000e+01
      vertex   1.731567e+00 1.717933e+01 2.500000e+01
      vertex   3.500910e+00 1.670524e+01 2.500000e+01
    endloop
  endfacet
  facet normal 3.583679e-01 9.335804e-01 -0.000000e+00
    outer loop
      vertex   3.500910e+00 1.670524e+01 2.300000e+01
      vertex   3.500910e+00 1.670524e+01 2.500000e+01
      vertex   5.211003e+00 1.604879e+01 2.300000e+01
    endloop
  endfacet
  facet normal 3.583679e-01 9.335804e-01 -0.000000e+00
    outer loop
      vertex   5.211003e+00 1.604879e+01 2.300000e+01
      vertex   3.500910e+00 1.670524e+01 2.500000e+01
      vertex   5.211003e+00 1.604879e+01 2.500000e+01
    endloop
  endfacet
  facet normal 4.539905e-01 8.910065e-01 -0.000000e+00
    outer loop
      vertex   5.211003e+00 1.604879e+01 2.300000e+01
      vertex   5.211003e+00 1.604879e+01 2.500000e+01
      vertex   6.843112e+00 1.521719e+01 2.300000e+01
    endloop
  endfacet
  facet normal 4.539905e-01 8.910065e-01 -0.000000e+00
    outer loop
      vertex   6.843112e+00 1.521719e+01 2.300000e+01
      vertex   5.211003e+00 1.604879e+01 2.500000e+01
      vertex   6.843112e+00 1.521719e+01 2.500000e+01
    endloop
  endfacet
  facet normal 5.446390e-01 8.386706e-01 -0.000000e+00
    outer loop
      vertex   6.843112e+00 1.521719e+01 2.300000e+01
      vertex   6.843112e+00 1.521719e+01 2.500000e+01
      vertex   8.379354e+00 1.421955e+01 2.300000e+01
    endloop
  endfacet
  facet normal 5.446390e-01 8.386706e-01 -0.000000e+00
    outer loop
      vertex   8.379354e+00 1.421955e+01 2.300000e+01
      vertex   6.843112e+00 1.521719e+01 2.500000e+01
      vertex   8.379354e+00 1.421955e+01 2.500000e+01
    endloop
  endfacet
  facet normal 6.293204e-01 7.771460e-01 -0.000000e+00
    outer loop
      vertex   8.379354e+00 1.421955e+01 2.300000e+01
      vertex   8.379354e+00 1.421955e+01 2.500000e+01
      vertex   9.802898e+00 1.306678e+01 2.300000e+01
    endloop
  endfacet
  facet normal 6.293204e-01 7.771460e-01 -0.000000e+00
    outer loop
      vertex   9.802898e+00 1.306678e+01 2.300000e+01
      vertex   8.379354e+00 1.421955e+01 2.500000e+01
      vertex   9.802898e+00 1.306678e+01 2.500000e+01
    endloop
  endfacet
  facet normal 7.071068e-01 7.071068e-01 -0.000000e+00
    outer loop
      vertex   9.802898e+00 1.306678e+01 2.300000e+01
      vertex   9.802898e+00 1.306678e+01 2.500000e+01
      vertex   1.109815e+01 1.177154e+01 2.300000e+01
    endloop
  endfacet
  facet normal 7.071068e-01 7.071068e-01 -0.000000e+00
    outer loop
      vertex   1.109815e+01 1.177154e+01 2.300000e+01
      vertex   9.802898e+00 1.306678e+01 2.500000e+01
      vertex   1.109815e+01 1.177154e+01 2.500000e+01
    endloop
  endfacet
  facet normal 7.771460e-01 6.293204e-01 -0.000000e+00
    outer loop
      vertex   1.109815e+01 1.177154e+01 2.300000e+01
      vertex   1.109815e+01 1.177154e+01 2.500000e+01
      vertex   1.225091e+01 1.034799e+01 2.300000e+01
    endloop
  endfacet
  facet normal 7.771460e-01 6.293204e-01 -0.000000e+00
    outer loop
      vertex   1.225091e+01 1.034799e+01 2.300000e+01
      vertex   1.109815e+01 1.177154e+01 2.500000e+01
      vertex   1.225091e+01 1.034799e+01 2.500000e+01
    endloop
  endfacet
  facet normal 8.386706e-01 5.446390e-01 -0.000000e+00
    outer loop
      vertex   1.225091e+01 1.034799e+01 2.300000e+01
      vertex   1.225091e+01 1.034799e+01 2.500000e+01
      vertex   1.324856e+01 8.811749e+00 2.300000e+01
    endloop
  endfacet
  facet normal 8.386706e-01 5.446390e-01 -0.000000e+00
    outer loop
      vertex   1.324856e+01 8.811749e+00 2.300000e+01
      vertex   1.225091e+01 1.034799e+01 2.500000e+01
      vertex   1.324856e+01 8.811749e+00 2.500000e+01
    endloop
  endfacet
  facet normal 8.910065e-01 4.539905e-01 -0.000000e+00
    outer loop
      vertex   1.324856e+01 8.811749e+00 2.300000e+01
      vertex   1.324856e+01 8.811749e+00 2.500000e+01
      vertex   1.408016e+01 7.179641e+00 2.300000e+01
    endloop
  endfacet
  facet normal 8.910065e-01 4.539905e-01 -0.000000e+00
    outer loop
      vertex   1.408016e+01 7.179641e+00 2.300000e+01
      vertex   1.324856e+01 8.811749e+00 2.500000e+01
      vertex   1.408016e+01 7.179641e+00 2.500000e+01
    endloop
  endfacet
  facet normal 9.335804e-01 3.583679e-01 -0.000000e+00
    outer loop
      vertex   1.408016e+01 7.179641e+00 2.300000e+01
      vertex   1.408016e+01 7.179641e+00 2.500000e+01
      vertex   1.473660e+01 5.469547e+00 2.300000e+01
    endloop
  endfacet
  facet normal 9.335804e-01 3.583679e-01 -0.000000e+00
    outer loop
      vertex   1.473660e+01 5.469547e+00 2.300000e+01
      vertex   1.408016e+01 7.179641e+00 2.500000e+01
      vertex   1.473660e+01 5.469547e+00 2.500000e+01
    endloop
  endfacet
  facet normal 9.659258e-01 2.588190e-01 -0.000000e+00
    outer loop
      vertex   1.473660e+01 5.469547e+00 2.300000e+01
      vertex   1.473660e+01 5.469547e+00 2.500000e+01
      vertex   1.521070e+01 3.700204e+00 2.300000e+01
    endloop
  endfacet
  facet normal 9.659258e-01 2.588190e-01 -0.000000e+00
    outer loop
      vertex   1.521070e+01 3.700204e+00 2.300000e+01
      vertex   1.473660e+01 5.469547e+00 2.500000e+01
      vertex   1.521070e+01 3.700204e+00 2.500000e+01
    endloop
  endfacet
  facet normal 9.876883e-01 1.564345e-01 -0.000000e+00
    outer loop
      vertex   1.521070e+01 3.700204e+00 2.300000e+01
      vertex   1.521070e+01 3.700204e+00 2.500000e+01
      vertex   1.549725e+01 1.890998e+00 2.300000e+01
    endloop
  endfacet
  facet normal 9.876883e-01 1.564345e-01 -0.000000e+00
    outer loop
      vertex   1.549725e+01 1.890998e+00 2.300000e+01
      vertex   1.521070e+01 3.700204e+00 2.500000e+01
      vertex   1.549725e+01 1.890998e+00 2.500000e+01
    endloop
  endfacet
  facet normal 9.986295e-01 5.233596e-02 -0.000000e+00
    outer loop
      vertex   1.549725e+01 1.890998e+00 2.300000e+01
      vertex   1.549725e+01 1.890998e+00 2.500000e+01
      vertex   1.559311e+01 6.174949e-02 2.300000e+01
    endloop
  endfacet
  facet normal 9.986295e-01 5.233596e-02 -0.000000e+00
    outer loop
      vertex   1.559311e+01 6.174949e-02 2.300000e+01
      vertex   1.549725e+01 1.890998e+00 2.500000e+01
      vertex   1.559311e+01 6.174949e-02 2.500000e+01
    endloop
  endfacet
  facet normal 9.986295e-01 -5.233596e-02 0.000000e+00
    outer loop
      vertex   1.559311e+01 6.174949e-02 2.300000e+01
      vertex   1.559311e+01 6.174949e-02 2.500000e+01
      vertex   1.549725e+01 -1.767499e+00 2.300000e+01
    endloop
  endfacet
  facet normal 9.986295e-01 -5.233596e-02 0.000000e+00
    outer loop
      vertex   1.549725e+01 -1.767499e+00 2.300000e+01
      vertex   1.559311e+01 6.174949e-02 2.500000e+01
      vertex   1.549725e+01 -1.767499e+00 2.500000e+01
    endloop
  endfacet
  facet normal 9.876883e-01 -1.564345e-01 0.000000e+00
    outer loop
      vertex   1.549725e+01 -1.767499e+00 2.300000e+01
      vertex   1.549725e+01 -1.767499e+00 2.500000e+01
      vertex   1.521070e+01 -3.576705e+00 2.300000e+01
    endloop
  endfacet
  facet normal 9.876883e-01 -1.564345e-01 0.000000e+00
    outer loop
      vertex   1.521070e+01 -3.576705e+00 2.300000e+01
      vertex   1.549725e+01 -1.767499e+00 2.500000e+01
      vertex   1.521070e+01 -3.576705e+00 2.500000e+01
    endloop
  endfacet
  facet normal 9.659258e-01 -2.588190e-01 0.000000e+00
    outer loop
      vertex   1.521070e+01 -3.576705e+00 2.300000e+01
      vertex   1.521070e+01 -3.576705e+00 2.500000e+01
      vertex   1.473660e+01 -5.346048e+00 2.300000e+01
    endloop
  endfacet
  facet normal 9.659258e-01 -2.588190e-01 0.000000e+00
    outer loop
      vertex   1.473660e+01 -5.346048e+00 2.300000e+01
      vertex   1.521070e+01 -3.576705e+00 2.500000e+01
      vertex   1.473660e+01 -5.346048e+00 2.500000e+01
    endloop
  endfacet
  facet normal 9.335804e-01 -3.583679e-01 0.000000e+00
    outer loop
      vertex   1.473660e+01 -5.346048e+00 2.300000e+01
      vertex   1.473660e+01 -5.346048e+00 2.500000e+01
      vertex   1.408016e+01 -7.056142e+00 2.300000e+01
    endloop
  endfacet
  facet normal 9.335804e-01 -3.583679e-01 0.000000e+00
    outer loop
      vertex   1.408016e+01 -7.056142e+00 2.300000e+01
      vertex   1.473660e+01 -5.346048e+00 2.500000e+01
      vertex   1.408016e+01 -7.056142e+00 2.500000e+01
    endloop
  endfacet
  facet normal 8.910065e-01 -4.539905e-01 0.000000e+00
    outer loop
      vertex   1.408016e+01 -7.056142e+00 2.300000e+01
      vertex   1.408016e+01 -7.056142e+00 2.500000e+01
      vertex   1.324856e+01 -8.688251e+00 2.300000e+01
    endloop
  endfacet
  facet normal 8.910065e-01 -4.539905e-01 0.000000e+00
    outer loop
      vertex   1.324856e+01 -8.688251e+00 2.300000e+01
      vertex   1.408016e+01 -7.056142e+00 2.500000e+01
      vertex   1.324856e+01 -8.688251e+00 2.500000e+01
    endloop
  endfacet
  facet normal 8.386706e-01 -5.446390e-01 0.000000e+00
    outer loop
      vertex   1.324856e+01 -8.688251e+00 2.300000e+01
      vertex   1.324856e+01 -8.688251e+00 2.500000e+01
      vertex   1.225091e+01 -1.022449e+01 2.300000e+01
    endloop
  endfacet
  facet normal 8.386706e-01 -5.446390e-01 0.000000e+00
    outer loop
      vertex   1.225091e+01 -1.022449e+01 2.300000e+01
      vertex   1.324856e+01 -8.688251e+00 2.500000e+01
      vertex   1.225091e+01 -1.022449e+01 2.500000e+01
    endloop
  endfacet
  facet normal 7.771460e-01 -6.293204e-01 0.000000e+00
    outer loop
      vertex   1.225091e+01 -1.022449e+01 2.300000e+01
      vertex   1.225091e+01 -1.022449e+01 2.500000e+01
      vertex   1.109815e+01 -1.164804e+01 2.300000e+01
    endloop
  endfacet
  facet normal 7.771460e-01 -6.293204e-01 0.000000e+00
    outer loop
      vertex   1.109815e+01 -1.164804e+01 2.300000e+01
      vertex   1.225091e+01 -1.022449e+01 2.500000e+01
      vertex   1.109815e+01 -1.164804e+01 2.500000e+01
    endloop
  endfacet
  facet normal 7.071068e-01 -7.071068e-01 0.000000e+00
    outer loop
      vertex   1.109815e+01 -1.164804e+01 2.300000e+01
      vertex   1.109815e+01 -1.164804e+01 2.500000e+01
      vertex   9.802898e+00 -1.294328e+01 2.300000e+01
    endloop
  endfacet
  facet normal 7.071068e-01 -7.071068e-01 0.000000e+00
    outer loop
      vertex   9.802898e+00 -1.294328e+01 2.300000e+01
      vertex   1.109815e+01 -1.164804e+01 2.500000e+01
      vertex   9.802898e+00 -1.294328e+01 2.500000e+01
    endloop
  endfacet
  facet normal 6.293204e-01 -7.771460e-01 0.000000e+00
    outer loop
      vertex   9.802898e+00 -1.294328e+01 2.300000e+01
      vertex   9.802898e+00 -1.294328e+01 2.500000e+01
      vertex   8.379354e+00 -1.409605e+01 2.300000e+01
    endloop
  endfacet
  facet normal 6.293204e-01 -7.771460e-01 0.000000e+00
    outer loop
      vertex   8.379354e+00 -1.409605e+01 2.300000e+01
      vertex   9.802898e+00 -1.294328e+01 2.500000e+01
      vertex   8.379354e+00 -1.409605e+01 2.500000e+01
    endloop
  endfacet
  facet normal 5.446390e-01 -8.386706e-01 0.000000e+00
    outer loop
      vertex   8.379354e+00 -1.409605e+01 2.300000e+01
      vertex   8.379354e+00 -1.409605e+01 2.500000e+01
      vertex   6.843112e+00 -1.509370e+01 2.300000e+01
    endloop
  endfacet
  facet normal 5.446390e-01 -8.386706e-01 0.000000e+00
    outer loop
      vertex   6.843112e+00 -1.509370e+01 2.300000e+01
      vertex   8.379354e+00 -1.409605e+01 2.500000e+01
      vertex   6.843112e+00 -1.509370e+01 2.500000e+01
    endloop
  endfacet
  facet normal 4.539905e-01 -8.910065e-01 0.000000e+00
    outer loop
      vertex   6.843112e+00 -1.509370e+01 2.300000e+01
      vertex   6.843112e+00 -1.509370e+01 2.500000e+01
      vertex   5.211003e+00 -1.592530e+01 2.300000e+01
    endloop
  endfacet
  facet normal 4.539905e-01 -8.910065e-01 0.000000e+00
    outer loop
      vertex   5.211003e+00 -1.592530e+01 2.300000e+01
      vertex   6.843112e+00 -1.509370e+01 2.500000e+01
      vertex   5.211003e+00 -1.592530e+01 2.500000e+01
    endloop
  endfacet
  facet normal 3.583679e-01 -9.335804e-01 0.000000e+00
    outer loop
      vertex   5.211003e+00 -1.592530e+01 2.300000e+01
      vertex   5.211003e+00 -1.592530e+01 2.500000e+01
      vertex   3.500910e+00 -1.658174e+01 2.300000e+01
    endloop
  endfacet
  facet normal 3.583679e-01 -9.335804e-01 0.000000e+00
    outer loop
      vertex   3.500910e+00 -1.658174e+01 2.300000e+01
      vertex   5.211003e+00 -1.592530e+01 2.500000e+01
      vertex   3.500910e+00 -1.658174e+01 2.500000e+01
    endloop
  endfacet
  facet normal 2.588190e-01 -9.659258e-01 0.000000e+00
    outer loop
      vertex   3.500910e+00 -1.658174e+01 2.300000e+01
      vertex   3.500910e+00 -1.658174e+01 2.500000e+01
      vertex   1.731567e+00 -1.705583e+01 2.300000e+01
    endloop
  endfacet
  facet normal 2.588190e-01 -9.659258e-01 0.000000e+00
    outer loop
      vertex   1.731567e+00 -1.705583e+01 2.300000e+01
      vertex   3.500910e+00 -1.658174e+01 2.500000e+01
      vertex   1.731567e+00 -1.705583e+01 2.500000e+01
    endloop
  endfacet
  facet normal 1.564345e-01 -9.876883e-01 0.000000e+00
    outer loop
      vertex   1.731567e+00 -1.705583e+01 2.300000e+01
      vertex   1.731567e+00 -1.705583e+01 2.500000e+01
      vertex   -7.763972e-02 -1.734238e+01 2.300000e+01
    endloop
  endfacet
  facet normal 1.564345e-01 -9.876883e-01 0.000000e+00
    outer loop
      vertex   -7.763972e-02 -1.734238e+01 2.300000e+01
      vertex   1.731567e+00 -1.705583e+01 2.500000e+01
      vertex   -7.763972e-02 -1.734238e+01 2.500000e+01
    endloop
  endfacet
  facet normal 5.233596e-02 -9.986295e-01 0.000000e+00
    outer loop
      vertex   -7.763972e-02 -1.734238e+01 2.300000e+01
      vertex   -7.763972e-02 -1.734238e+01 2.500000e+01
      vertex   -1.906888e+00 -1.743825e+01 2.300000e+01
    endloop
  endfacet
  facet normal 5.233596e-02 -9.986295e-01 0.000000e+00
    outer loop
      vertex   -1.906888e+00 -1.743825e+01 2.300000e+01
      vertex   -7.763972e-02 -1.734238e+01 2.500000e+01
      vertex   -1.906888e+00 -1.743825e+01 2.500000e+01
    endloop
  endfacet
  facet normal -5.233596e-02 -9.986295e-01 0.000000e+00
    outer loop
      vertex   -1.906888e+00 -1.743825e+01 2.300000e+01
      vertex   -1.906888e+00 -1.743825e+01 2.500000e+01
      vertex   -3.736136e+00 -1.734238e+01 2.300000e+01
    endloop
  endfacet
  facet normal -5.233596e-02 -9.986295e-01 0.000000e+00
    outer loop
      vertex   -3.736136e+00 -1.734238e+01 2.300000e+01
      vertex   -1.906888e+00 -1.743825e+01 2.500000e+01
      vertex   -3.736136e+00 -1.734238e+01 2.500000e+01
    endloop
  endfacet
  facet normal -1.564345e-01 -9.876883e-01 0.000000e+00
    outer loop
      vertex   -3.736136e+00 -1.734238e+01 2.300000e+01
      vertex   -3.736136e+00 -1.734238e+01 2.500000e+01
      vertex   -5.545342e+00 -1.705583e+01 2.300000e+01
    endloop
  endfacet
  facet normal -1.564345e-01 -9.876883e-01 0.000000e+00
    outer loop
      vertex   -5.545342e+00 -1.705583e+01 2.300000e+01
      vertex   -3.736136e+00 -1.734238e+01 2.500000e+01
      vertex   -5.545342e+00 -1.705583e+01 2.500000e+01
    endloop
  endfacet
  facet normal -2.588190e-01 -9.659258e-01 0.000000e+00
    outer loop
      vertex   -5.545342e+00 -1.705583e+01 2.300000e+01
      vertex   -5.545342e+00 -1.705583e+01 2.500000e+01
      vertex   -7.314685e+00 -1.658174e+01 2.300000e+01
    endloop
  endfacet
  facet normal -2.588190e-01 -9.659258e-01 0.000000e+00
    outer loop
      vertex   -7.314685e+00 -1.658174e+01 2.300000e+01
      vertex   -5.545342e+00 -1.705583e+01 2.500000e+01
      vertex   -7.314685e+00 -1.658174e+01 2.500000e+01
    endloop
  endfacet
  facet normal -3.583679e-01 -9.335804e-01 0.000000e+00
    outer loop
      vertex   -7.314685e+00 -1.658174e+01 2.300000e+01
      vertex   -7.314685e+00 -1.658174e+01 2.500000e+01
      vertex   -9.024779e+00 -1.592530e+01 2.300000e+01
    endloop
  endfacet
  facet normal -3.583679e-01 -9.335804e-01 0.000000e+00
    outer loop
      vertex   -9.024779e+00 -1.592530e+01 2.300000e+01
      vertex   -7.314685e+00 -1.658174e+01 2.500000e+01
      vertex   -9.024779e+00 -1.592530e+01 2.500000e+01
    endloop
  endfacet
  facet normal -4.539905e-01 -8.910065e-01 0.000000e+00
    outer loop
      vertex   -9.024779e+00 -1.592530e+01 2.300000e+01
      vertex   -9.024779e+00 -1.592530e+01 2.500000e+01
      vertex   -1.065689e+01 -1.509370e+01 2.300000e+01
    endloop
  endfacet
  facet normal -4.539905e-01 -8.910065e-01 0.000000e+00
    outer loop
      vertex   -1.065689e+01 -1.509370e+01 2.300000e+01
      vertex   -9.024779e+00 -1.592530e+01 2.500000e+01
      vertex   -1.065689e+01 -1.509370e+01 2.500000e+01
    endloop
  endfacet
  facet normal -5.446390e-01 -8.386706e-01 0.000000e+00
    outer loop
      vertex   -1.065689e+01 -1.509370e+01 2.300000e+01
      vertex   -1.065689e+01 -1.509370e+01 2.500000e+01
      vertex   -1.219313e+01 -1.409605e+01 2.300000e+01
    endloop
  endfacet
  facet normal -5.446390e-01 -8.386706e-01 0.000000e+00
    outer loop
      vertex   -1.219313e+01 -1.409605e+01 2.300000e+01
      vertex   -1.065689e+01 -1.509370e+01 2.500000e+01
      vertex   -1.219313e+01 -1.409605e+01 2.500000e+01
    endloop
  endfacet
  facet normal -6.293204e-01 -7.771460e-01 0.000000e+00
    outer loop
      vertex   -1.219313e+01 -1.409605e+01 2.300000e+01
      vertex   -1.219313e+01 -1.409605e+01 2.500000e+01
      vertex   -1.361667e+01 -1.294328e+01 2.300000e+01
    endloop
  endfacet
  facet normal -6.293204e-01 -7.771460e-01 0.000000e+00
    outer loop
      vertex   -1.361667e+01 -1.294328e+01 2.300000e+01
      vertex   -1.219313e+01 -1.409605e+01 2.500000e+01
      vertex   -1.361667e+01 -1.294328e+01 2.500000e+01
    endloop
  endfacet
  facet normal -7.071068e-01 -7.071068e-01 0.000000e+00
    outer loop
      vertex   -1.361667e+01 -1.294328e+01 2.300000e+01
      vertex   -1.361667e+01 -1.294328e+01 2.500000e+01
      vertex   -1.491192e+01 -1.164804e+01 2.300000e+01
    endloop
  endfacet
  facet normal -7.071068e-01 -7.071068e-01 0.000000e+00
    outer loop
      vertex   -1.491192e+01 -1.164804e+01 2.300000e+01
      vertex   -1.361667e+01 -1.294328e+01 2.500000e+01
      vertex   -1.491192e+01 -1.164804e+01 2.500000e+01
    endloop
  endfacet
  facet normal -7.771460e-01 -6.293204e-01 0.000000e+00
    outer loop
      vertex   -1.491192e+01 -1.164804e+01 2.300000e+01
      vertex   -1.491192e+01 -1.164804e+01 2.500000e+01
      vertex   -1.606469e+01 -1.022449e+01 2.300000e+01
    endloop
  endfacet
  facet normal -7.771460e-01 -6.293204e-01 0.000000e+00
    outer loop
      vertex   -1.606469e+01 -1.022449e+01 2.300000e+01
      vertex   -1.491192e+01 -1.164804e+01 2.500000e+01
      vertex   -1.606469e+01 -1.022449e+01 2.500000e+01
    endloop
  endfacet
  facet normal -8.386706e-01 -5.446390e-01 0.000000e+00
    outer loop
      vertex   -1.606469e+01 -1.022449e+01 2.300000e+01
      vertex   -1.606469e+01 -1.022449e+01 2.500000e+01
      vertex   -1.706233e+01 -8.688251e+00 2.300000e+01
    endloop
  endfacet
  facet normal -8.386706e-01 -5.446390e-01 0.000000e+00
    outer loop
      vertex   -1.706233e+01 -8.688251e+00 2.300000e+01
      vertex   -1.606469e+01 -1.022449e+01 2.500000e+01
      vertex   -1.706233e+01 -8.688251e+00 2.500000e+01
    endloop
  endfacet
  facet normal -8.910065e-01 -4.539905e-01 0.000000e+00
    outer loop
      vertex   -1.706233e+01 -8.688251e+00 2.300000e+01
      vertex   -1.706233e+01 -8.688251e+00 2.500000e+01
      vertex   -1.789393e+01 -7.056142e+00 2.300000e+01
    endloop
  endfacet
  facet normal -8.910065e-01 -4.539905e-01 0.000000e+00
    outer loop
      vertex   -1.789393e+01 -7.056142e+00 2.300000e+01
      vertex   -1.706233e+01 -8.688251e+00 2.500000e+01
      vertex   -1.789393e+01 -7.056142e+00 2.500000e+01
    endloop
  endfacet
  facet normal -9.335804e-01 -3.583679e-01 0.000000e+00
    outer loop
      vertex   -1.789393e+01 -7.056142e+00 2.300000e+01
      vertex   -1.789393e+01 -7.056142e+00 2.500000e+01
      vertex   -1.855038e+01 -5.346048e+00 2.300000e+01
    endloop
  endfacet
  facet normal -9.335804e-01 -3.583679e-01 0.000000e+00
    outer loop
      vertex   -1.855038e+01 -5.346048e+00 2.300000e+01
      vertex   -1.789393e+01 -7.056142e+00 2.500000e+01
      vertex   -1.855038e+01 -5.346048e+00 2.500000e+01
    endloop
  endfacet
  facet normal -9.659258e-01 -2.588190e-01 0.000000e+00
    outer loop
      vertex   -1.855038e+01 -5.346048e+00 2.300000e+01
      vertex   -1.855038e+01 -5.346048e+00 2.500000e+01
      vertex   -1.902447e+01 -3.576705e+00 2.300000e+01
    endloop
  endfacet
  facet normal -9.659258e-01 -2.588190e-01 0.000000e+00
    outer loop
      vertex   -1.902447e+01 -3.576705e+00 2.300000e+01
      vertex   -1.855038e+01 -5.346048e+00 2.500000e+01
      vertex   -1.902447e+01 -3.576705e+00 2.500000e+01
    endloop
  endfacet
  facet normal -9.876883e-01 -1.564345e-01 0.000000e+00
    outer loop
      vertex   -1.902447e+01 -3.576705e+00 2.300000e+01
      vertex   -1.902447e+01 -3.576705e+00 2.500000e+01
      vertex   -1.931102e+01 -1.767499e+00 2.300000e+01
    endloop
  endfacet
  facet normal -9.876883e-01 -1.564345e-01 0.000000e+00
    outer loop
      vertex   -1.931102e+01 -1.767499e+00 2.300000e+01
      vertex   -1.902447e+01 -3.576705e+00 2.500000e+01
      vertex   -1.931102e+01 -1.767499e+00 2.500000e+01
    endloop
  endfacet
  facet normal 2.494706e-02 9.996888e-01 2.136136e-15
    outer loop
      vertex   -1.163700e+00 1.504320e+01 1.471604e+01
      vertex   -1.906888e+00 1.506175e+01 1.469694e+01
      vertex   -1.906888e+00 1.506175e+01 2.300000e+01
    endloop
  endfacet
  facet normal -2.494706e-02 9.996888e-01 2.141403e-15
    outer loop
      vertex   -1.906888e+00 1.506175e+01 2.300000e+01
      vertex   -1.906888e+00 1.506175e+01 1.469694e+01
      vertex   -2.650076e+00 1.504320e+01 1.471604e+01
    endloop
  endfacet
  facet normal -5.607023e-02 9.984229e-01 2.795022e-03
    outer loop
      vertex   -1.906888e+00 1.506175e+01 2.300000e+01
      vertex   -2.650076e+00 1.504320e+01 1.471604e+01
      vertex   -3.586355e+00 1.496743e+01 2.300000e+01
    endloop
  endfacet
  facet normal -7.443939e-02 9.972253e-01 7.079264e-04
    outer loop
      vertex   -3.586355e+00 1.496743e+01 2.300000e+01
      vertex   -2.650076e+00 1.504320e+01 1.471604e+01
      vertex   -3.393822e+00 1.498765e+01 1.477255e+01
    endloop
  endfacet
  facet normal -1.238112e-01 9.923057e-01 -4.595225e-04
    outer loop
      vertex   -3.586355e+00 1.496743e+01 2.300000e+01
      vertex   -3.393822e+00 1.498765e+01 1.477255e+01
      vertex   -4.135122e+00 1.489520e+01 1.486522e+01
    endloop
  endfacet
  facet normal -1.675057e-01 9.858678e-01 2.545248e-03
    outer loop
      vertex   -3.586355e+00 1.496743e+01 2.300000e+01
      vertex   -4.135122e+00 1.489520e+01 1.486522e+01
      vertex   -5.244702e+00 1.468567e+01 2.300000e+01
    endloop
  endfacet
  facet normal -1.726557e-01 9.849806e-01 1.819932e-03
    outer loop
      vertex   -5.244702e+00 1.468567e+01 2.300000e+01
      vertex   -4.135122e+00 1.489520e+01 1.486522e+01
      vertex   -4.870970e+00 1.476597e+01 1.499286e+01
    endloop
  endfacet
  facet normal -2.465724e-01 9.691227e-01 -1.789152e-03
    outer loop
      vertex   -5.244702e+00 1.468567e+01 2.300000e+01
      vertex   -4.870970e+00 1.476597e+01 1.499286e+01
      vertex   -6.315376e+00 1.439912e+01 1.534412e+01
    endloop
  endfacet
  facet normal -2.768345e-01 9.609137e-01 2.750248e-03
    outer loop
      vertex   -5.244702e+00 1.468567e+01 2.300000e+01
      vertex   -6.315376e+00 1.439912e+01 1.534412e+01
      vertex   -6.861074e+00 1.422000e+01 2.300000e+01
    endloop
  endfacet
  facet normal -3.412954e-01 9.399532e-01 -2.334831e-03
    outer loop
      vertex   -6.861074e+00 1.422000e+01 2.300000e+01
      vertex   -6.315376e+00 1.439912e+01 1.534412e+01
      vertex   -7.707602e+00 1.389474e+01 1.580026e+01
    endloop
  endfacet
  facet normal -3.826814e-01 9.238746e-01 3.257609e-03
    outer loop
      vertex   -6.861074e+00 1.422000e+01 2.300000e+01
      vertex   -7.707602e+00 1.389474e+01 1.580026e+01
      vertex   -8.415144e+00 1.357628e+01 2.300000e+01
    endloop
  endfacet
  facet normal -4.331093e-01 9.013374e-01 -2.694975e-03
    outer loop
      vertex   -8.415144e+00 1.357628e+01 2.300000e+01
      vertex   -7.707602e+00 1.389474e+01 1.580026e+01
      vertex   -9.030400e+00 1.326070e+01 1.633172e+01
    endloop
  endfacet
  facet normal -4.837164e-01 8.752189e-01 3.210424e-03
    outer loop
      vertex   -8.415144e+00 1.357628e+01 2.300000e+01
      vertex   -9.030400e+00 1.326070e+01 1.633172e+01
      vertex   -9.887369e+00 1.276261e+01 2.300000e+01
    endloop
  endfacet
  facet normal -5.186379e-01 8.549895e-01 -2.788527e-03
    outer loop
      vertex   -9.887369e+00 1.276261e+01 2.300000e+01
      vertex   -9.030400e+00 1.326070e+01 1.633172e+01
      vertex   -1.027050e+01 1.251034e+01 1.690884e+01
    endloop
  endfacet
  facet normal -5.786693e-01 8.155581e-01 2.620596e-03
    outer loop
      vertex   -9.887369e+00 1.276261e+01 2.300000e+01
      vertex   -1.027050e+01 1.251034e+01 1.690884e+01
      vertex   -1.125923e+01 1.178922e+01 2.300000e+01
    endloop
  endfacet
  facet normal -5.964871e-01 8.026206e-01 -1.803252e-03
    outer loop
      vertex   -1.125923e+01 1.178922e+01 2.300000e+01
      vertex   -1.027050e+01 1.251034e+01 1.690884e+01
      vertex   -1.141498e+01 1.166113e+01 1.750361e+01
    endloop
  endfacet
  facet normal -6.677742e-01 7.443622e-01 1.574505e-03
    outer loop
      vertex   -1.125923e+01 1.178922e+01 2.300000e+01
      vertex   -1.141498e+01 1.166113e+01 1.750361e+01
      vertex   -1.245090e+01 1.073056e+01 1.808801e+01
    endloop
  endfacet
  facet normal -6.663463e-01 7.456418e-01 9.522875e-04
    outer loop
      vertex   -1.125923e+01 1.178922e+01 2.300000e+01
      vertex   -1.245090e+01 1.073056e+01 1.808801e+01
      vertex   -1.251349e+01 1.066835e+01 2.300000e+01
    endloop
  endfacet
  facet normal -7.363533e-01 6.765968e-01 -8.141494e-04
    outer loop
      vertex   -1.251349e+01 1.066835e+01 2.300000e+01
      vertex   -1.245090e+01 1.073056e+01 1.808801e+01
      vertex   -1.339489e+01 9.703880e+00 1.865414e+01
    endloop
  endfacet
  facet normal -7.456380e-01 6.663429e-01 3.344547e-03
    outer loop
      vertex   -1.251349e+01 1.066835e+01 2.300000e+01
      vertex   -1.339489e+01 9.703880e+00 1.865414e+01
      vertex   -1.363436e+01 9.414097e+00 2.300000e+01
    endloop
  endfacet
  facet normal -7.975129e-01 6.032904e-01 -3.718330e-03
    outer loop
      vertex   -1.363436e+01 9.414097e+00 2.300000e+01
      vertex   -1.339489e+01 9.703880e+00 1.865414e+01
      vertex   -1.426604e+01 8.555652e+00 1.920290e+01
    endloop
  endfacet
  facet normal -8.155513e-01 5.786645e-01 4.849893e-03
    outer loop
      vertex   -1.363436e+01 9.414097e+00 2.300000e+01
      vertex   -1.426604e+01 8.555652e+00 1.920290e+01
      vertex   -1.460775e+01 8.042231e+00 2.300000e+01
    endloop
  endfacet
  facet normal -8.515106e-01 5.243060e-01 -5.736211e-03
    outer loop
      vertex   -1.460775e+01 8.042231e+00 2.300000e+01
      vertex   -1.426604e+01 8.555652e+00 1.920290e+01
      vertex   -1.504229e+01 7.300522e+00 1.971138e+01
    endloop
  endfacet
  facet normal -8.752046e-01 4.837085e-01 6.550891e-03
    outer loop
      vertex   -1.460775e+01 8.042231e+00 2.300000e+01
      vertex   -1.504229e+01 7.300522e+00 1.971138e+01
      vertex   -1.542142e+01 6.570006e+00 2.300000e+01
    endloop
  endfacet
  facet normal -8.990690e-01 4.377601e-01 -6.407042e-03
    outer loop
      vertex   -1.542142e+01 6.570006e+00 2.300000e+01
      vertex   -1.504229e+01 7.300522e+00 1.971138e+01
      vertex   -1.570144e+01 5.953293e+00 2.015663e+01
    endloop
  endfacet
  facet normal -9.238501e-01 3.826712e-01 7.981921e-03
    outer loop
      vertex   -1.542142e+01 6.570006e+00 2.300000e+01
      vertex   -1.570144e+01 5.953293e+00 2.015663e+01
      vertex   -1.606514e+01 5.015935e+00 2.300000e+01
    endloop
  endfacet
  facet normal -9.388941e-01 3.441420e-01 -6.644058e-03
    outer loop
      vertex   -1.606514e+01 5.015935e+00 2.300000e+01
      vertex   -1.570144e+01 5.953293e+00 2.015663e+01
      vertex   -1.622544e+01 4.530705e+00 2.051873e+01
    endloop
  endfacet
  facet normal -9.608870e-01 2.768268e-01 7.940724e-03
    outer loop
      vertex   -1.606514e+01 5.015935e+00 2.300000e+01
      vertex   -1.622544e+01 4.530705e+00 2.051873e+01
      vertex   -1.653081e+01 3.399563e+00 2.300000e+01
    endloop
  endfacet
  facet normal -9.686769e-01 2.482508e-01 -6.044956e-03
    outer loop
      vertex   -1.653081e+01 3.399563e+00 2.300000e+01
      vertex   -1.622544e+01 4.530705e+00 2.051873e+01
      vertex   -1.660486e+01 3.056675e+00 2.078534e+01
    endloop
  endfacet
  facet normal -9.858466e-01 1.675021e-01 7.031218e-03
    outer loop
      vertex   -1.653081e+01 3.399563e+00 2.300000e+01
      vertex   -1.660486e+01 3.056675e+00 2.078534e+01
      vertex   -1.681257e+01 1.741217e+00 2.300000e+01
    endloop
  endfacet
  facet normal -9.887897e-01 1.492590e-01 -4.080793e-03
    outer loop
      vertex   -1.681257e+01 1.741217e+00 2.300000e+01
      vertex   -1.660486e+01 3.056675e+00 2.078534e+01
      vertex   -1.683185e+01 1.557355e+00 2.094640e+01
    endloop
  endfacet
  facet normal -9.984174e-01 5.606992e-02 4.352937e-03
    outer loop
      vertex   -1.681257e+01 1.741217e+00 2.300000e+01
      vertex   -1.683185e+01 1.557355e+00 2.094640e+01
      vertex   -1.690689e+01 6.174949e-02 2.300000e+01
    endloop
  endfacet
  facet normal -9.987437e-01 5.010931e-02 4.980848e-16
    outer loop
      vertex   -1.690689e+01 6.174949e-02 2.300000e+01
      vertex   -1.683185e+01 1.557355e+00 2.094640e+01
      vertex   -1.690689e+01 6.174949e-02 2.100000e+01
    endloop
  endfacet
  facet normal -9.987437e-01 -5.010931e-02 -4.980848e-16
    outer loop
      vertex   -1.690689e+01 6.174949e-02 2.300000e+01
      vertex   -1.690689e+01 6.174949e-02 2.100000e+01
      vertex   -1.683185e+01 -1.433856e+00 2.094640e+01
    endloop
  endfacet
  facet normal -9.984174e-01 -5.606992e-02 4.352937e-03
    outer loop
      vertex   -1.690689e+01 6.174949e-02 2.300000e+01
      vertex   -1.683185e+01 -1.433856e+00 2.094640e+01
      vertex   -1.681257e+01 -1.617718e+00 2.300000e+01
    endloop
  endfacet
  facet normal -9.887897e-01 -1.492590e-01 -4.080793e-03
    outer loop
      vertex   -1.681257e+01 -1.617718e+00 2.300000e+01
      vertex   -1.683185e+01 -1.433856e+00 2.094640e+01
      vertex   -1.660486e+01 -2.933176e+00 2.078534e+01
    endloop
  endfacet
  facet normal -9.858466e-01 -1.675021e-01 7.031218e-03
    outer loop
      vertex   -1.681257e+01 -1.617718e+00 2.300000e+01
      vertex   -1.660486e+01 -2.933176e+00 2.078534e+01
      vertex   -1.653081e+01 -3.276065e+00 2.300000e+01
    endloop
  endfacet
  facet normal -9.686769e-01 -2.482508e-01 -6.044956e-03
    outer loop
      vertex   -1.653081e+01 -3.276065e+00 2.300000e+01
      vertex   -1.660486e+01 -2.933176e+00 2.078534e+01
      vertex   -1.622544e+01 -4.407206e+00 2.051873e+01
    endloop
  endfacet
  facet normal -9.608870e-01 -2.768268e-01 7.940724e-03
    outer loop
      vertex   -1.653081e+01 -3.276065e+00 2.300000e+01
      vertex   -1.622544e+01 -4.407206e+00 2.051873e+01
      vertex   -1.606514e+01 -4.892436e+00 2.300000e+01
    endloop
  endfacet
  facet normal -9.388941e-01 -3.441420e-01 -6.644058e-03
    outer loop
      vertex   -1.606514e+01 -4.892436e+00 2.300000e+01
      vertex   -1.622544e+01 -4.407206e+00 2.051873e+01
      vertex   -1.570144e+01 -5.829794e+00 2.015663e+01
    endloop
  endfacet
  facet normal -9.238501e-01 -3.826712e-01 7.981921e-03
    outer loop
      vertex   -1.606514e+01 -4.892436e+00 2.300000e+01
      vertex   -1.570144e+01 -5.829794e+00 2.015663e+01
      vertex   -1.542142e+01 -6.446507e+00 2.300000e+01
    endloop
  endfacet
  facet normal -8.990690e-01 -4.377601e-01 -6.407042e-03
    outer loop
      vertex   -1.542142e+01 -6.446507e+00 2.300000e+01
      vertex   -1.570144e+01 -5.829794e+00 2.015663e+01
      vertex   -1.504229e+01 -7.177023e+00 1.971138e+01
    endloop
  endfacet
  facet normal -8.752046e-01 -4.837085e-01 6.550891e-03
    outer loop
      vertex   -1.542142e+01 -6.446507e+00 2.300000e+01
      vertex   -1.504229e+01 -7.177023e+00 1.971138e+01
      vertex   -1.460775e+01 -7.918732e+00 2.300000e+01
    endloop
  endfacet
  facet normal -8.515106e-01 -5.243060e-01 -5.736211e-03
    outer loop
      vertex   -1.460775e+01 -7.918732e+00 2.300000e+01
      vertex   -1.504229e+01 -7.177023e+00 1.971138e+01
      vertex   -1.426604e+01 -8.432153e+00 1.920290e+01
    endloop
  endfacet
  facet normal -8.155513e-01 -5.786645e-01 4.849893e-03
    outer loop
      vertex   -1.460775e+01 -7.918732e+00 2.300000e+01
      vertex   -1.426604e+01 -8.432153e+00 1.920290e+01
      vertex   -1.363436e+01 -9.290598e+00 2.300000e+01
    endloop
  endfacet
  facet normal -7.975129e-01 -6.032904e-01 -3.718330e-03
    outer loop
      vertex   -1.363436e+01 -9.290598e+00 2.300000e+01
      vertex   -1.426604e+01 -8.432153e+00 1.920290e+01
      vertex   -1.339489e+01 -9.580381e+00 1.865414e+01
    endloop
  endfacet
  facet normal -7.456380e-01 -6.663429e-01 3.344547e-03
    outer loop
      vertex   -1.363436e+01 -9.290598e+00 2.300000e+01
      vertex   -1.339489e+01 -9.580381e+00 1.865414e+01
      vertex   -1.251349e+01 -1.054485e+01 2.300000e+01
    endloop
  endfacet
  facet normal -7.363533e-01 -6.765968e-01 -8.141494e-04
    outer loop
      vertex   -1.251349e+01 -1.054485e+01 2.300000e+01
      vertex   -1.339489e+01 -9.580381e+00 1.865414e+01
      vertex   -1.245090e+01 -1.060706e+01 1.808801e+01
    endloop
  endfacet
  facet normal -6.679814e-01 -7.441774e-01 9.129063e-04
    outer loop
      vertex   -1.251349e+01 -1.054485e+01 2.300000e+01
      vertex   -1.245090e+01 -1.060706e+01 1.808801e+01
      vertex   -1.141498e+01 -1.153763e+01 1.750361e+01
    endloop
  endfacet
  facet normal -6.663458e-01 -7.456413e-01 1.504219e-03
    outer loop
      vertex   -1.251349e+01 -1.054485e+01 2.300000e+01
      vertex   -1.141498e+01 -1.153763e+01 1.750361e+01
      vertex   -1.125923e+01 -1.166572e+01 2.300000e+01
    endloop
  endfacet
  facet normal -5.964871e-01 -8.026206e-01 -1.803252e-03
    outer loop
      vertex   -1.125923e+01 -1.166572e+01 2.300000e+01
      vertex   -1.141498e+01 -1.153763e+01 1.750361e+01
      vertex   -1.027050e+01 -1.238684e+01 1.690884e+01
    endloop
  endfacet
  facet normal -5.786693e-01 -8.155581e-01 2.620596e-03
    outer loop
      vertex   -1.125923e+01 -1.166572e+01 2.300000e+01
      vertex   -1.027050e+01 -1.238684e+01 1.690884e+01
      vertex   -9.887369e+00 -1.263911e+01 2.300000e+01
    endloop
  endfacet
  facet normal -5.186379e-01 -8.549895e-01 -2.788527e-03
    outer loop
      vertex   -9.887369e+00 -1.263911e+01 2.300000e+01
      vertex   -1.027050e+01 -1.238684e+01 1.690884e+01
      vertex   -9.030400e+00 -1.313720e+01 1.633172e+01
    endloop
  endfacet
  facet normal -4.837164e-01 -8.752189e-01 3.210424e-03
    outer loop
      vertex   -9.887369e+00 -1.263911e+01 2.300000e+01
      vertex   -9.030400e+00 -1.313720e+01 1.633172e+01
      vertex   -8.415144e+00 -1.345278e+01 2.300000e+01
    endloop
  endfacet
  facet normal -4.331093e-01 -9.013374e-01 -2.694975e-03
    outer loop
      vertex   -8.415144e+00 -1.345278e+01 2.300000e+01
      vertex   -9.030400e+00 -1.313720e+01 1.633172e+01
      vertex   -7.707602e+00 -1.377124e+01 1.580026e+01
    endloop
  endfacet
  facet normal -3.826814e-01 -9.238746e-01 3.257609e-03
    outer loop
      vertex   -8.415144e+00 -1.345278e+01 2.300000e+01
      vertex   -7.707602e+00 -1.377124e+01 1.580026e+01
      vertex   -6.861074e+00 -1.409650e+01 2.300000e+01
    endloop
  endfacet
  facet normal -3.412954e-01 -9.399532e-01 -2.334831e-03
    outer loop
      vertex   -6.861074e+00 -1.409650e+01 2.300000e+01
      vertex   -7.707602e+00 -1.377124e+01 1.580026e+01
      vertex   -6.315376e+00 -1.427563e+01 1.534412e+01
    endloop
  endfacet
  facet normal -2.768345e-01 -9.609137e-01 2.750248e-03
    outer loop
      vertex   -6.861074e+00 -1.409650e+01 2.300000e+01
      vertex   -6.315376e+00 -1.427563e+01 1.534412e+01
      vertex   -5.244702e+00 -1.456217e+01 2.300000e+01
    endloop
  endfacet
  facet normal -2.465724e-01 -9.691227e-01 -1.789152e-03
    outer loop
      vertex   -5.244702e+00 -1.456217e+01 2.300000e+01
      vertex   -6.315376e+00 -1.427563e+01 1.534412e+01
      vertex   -4.870970e+00 -1.464247e+01 1.499286e+01
    endloop
  endfacet
  facet normal -1.726557e-01 -9.849806e-01 1.819932e-03
    outer loop
      vertex   -5.244702e+00 -1.456217e+01 2.300000e+01
      vertex   -4.870970e+00 -1.464247e+01 1.499286e+01
      vertex   -4.135122e+00 -1.477170e+01 1.486522e+01
    endloop
  endfacet
  facet normal -1.675057e-01 -9.858678e-01 2.545248e-03
    outer loop
      vertex   -5.244702e+00 -1.456217e+01 2.300000e+01
      vertex   -4.135122e+00 -1.477170e+01 1.486522e+01
      vertex   -3.586355e+00 -1.484393e+01 2.300000e+01
    endloop
  endfacet
  facet normal -1.238112e-01 -9.923057e-01 -4.595225e-04
    outer loop
      vertex   -3.586355e+00 -1.484393e+01 2.300000e+01
      vertex   -4.135122e+00 -1.477170e+01 1.486522e+01
      vertex   -3.393822e+00 -1.486415e+01 1.477255e+01
    endloop
  endfacet
  facet normal -7.443939e-02 -9.972253e-01 7.079264e-04
    outer loop
      vertex   -3.586355e+00 -1.484393e+01 2.300000e+01
      vertex   -3.393822e+00 -1.486415e+01 1.477255e+01
      vertex   -2.650076e+00 -1.491970e+01 1.471604e+01
    endloop
  endfacet
  facet normal -5.607023e-02 -9.984229e-01 2.795022e-03
    outer loop
      vertex   -3.586355e+00 -1.484393e+01 2.300000e+01
      vertex   -2.650076e+00 -1.491970e+01 1.471604e+01
      vertex   -1.906888e+00 -1.493825e+01 2.300000e+01
    endloop
  endfacet
  facet normal -2.494706e-02 -9.996888e-01 2.184767e-15
    outer loop
      vertex   -1.906888e+00 -1.493825e+01 2.300000e+01
      vertex   -2.650076e+00 -1.491970e+01 1.471604e+01
      vertex   -1.906888e+00 -1.493825e+01 1.469694e+01
    endloop
  endfacet
  facet normal 2.494706e-02 -9.996888e-01 2.092701e-15
    outer loop
      vertex   -1.906888e+00 -1.493825e+01 2.300000e+01
      vertex   -1.906888e+00 -1.493825e+01 1.469694e+01
      vertex   -1.163700e+00 -1.491970e+01 1.471604e+01
    endloop
  endfacet
  facet normal 5.607023e-02 -9.984229e-01 2.795022e-03
    outer loop
      vertex   -1.906888e+00 -1.493825e+01 2.300000e+01
      vertex   -1.163700e+00 -1.491970e+01 1.471604e+01
      vertex   -2.274207e-01 -1.484393e+01 2.300000e+01
    endloop
  endfacet
  facet normal 7.443939e-02 -9.972253e-01 7.079264e-04
    outer loop
      vertex   -2.274207e-01 -1.484393e+01 2.300000e+01
      vertex   -1.163700e+00 -1.491970e+01 1.471604e+01
      vertex   -4.199535e-01 -1.486415e+01 1.477255e+01
    endloop
  endfacet
  facet normal 1.238112e-01 -9.923057e-01 -4.595225e-04
    outer loop
      vertex   -2.274207e-01 -1.484393e+01 2.300000e+01
      vertex   -4.199535e-01 -1.486415e+01 1.477255e+01
      vertex   3.213464e-01 -1.477170e+01 1.486522e+01
    endloop
  endfacet
  facet normal 1.675057e-01 -9.858678e-01 2.545248e-03
    outer loop
      vertex   -2.274207e-01 -1.484393e+01 2.300000e+01
      vertex   3.213464e-01 -1.477170e+01 1.486522e+01
      vertex   1.430926e+00 -1.456217e+01 2.300000e+01
    endloop
  endfacet
  facet normal 1.726557e-01 -9.849806e-01 1.819932e-03
    outer loop
      vertex   1.430926e+00 -1.456217e+01 2.300000e+01
      vertex   3.213464e-01 -1.477170e+01 1.486522e+01
      vertex   1.057195e+00 -1.464247e+01 1.499286e+01
    endloop
  endfacet
  facet normal 2.465724e-01 -9.691227e-01 -1.789152e-03
    outer loop
      vertex   1.430926e+00 -1.456217e+01 2.300000e+01
      vertex   1.057195e+00 -1.464247e+01 1.499286e+01
      vertex   2.501600e+00 -1.427563e+01 1.534412e+01
    endloop
  endfacet
  facet normal 2.768345e-01 -9.609137e-01 2.750248e-03
    outer loop
      vertex   1.430926e+00 -1.456217e+01 2.300000e+01
      vertex   2.501600e+00 -1.427563e+01 1.534412e+01
      vertex   3.047298e+00 -1.409650e+01 2.300000e+01
    endloop
  endfacet
  facet normal 3.412954e-01 -9.399532e-01 -2.334831e-03
    outer loop
      vertex   3.047298e+00 -1.409650e+01 2.300000e+01
      vertex   2.501600e+00 -1.427563e+01 1.534412e+01
      vertex   3.893826e+00 -1.377124e+01 1.580026e+01
    endloop
  endfacet
  facet normal 3.826814e-01 -9.238746e-01 3.257609e-03
    outer loop
      vertex   3.047298e+00 -1.409650e+01 2.300000e+01
      vertex   3.893826e+00 -1.377124e+01 1.580026e+01
      vertex   4.601368e+00 -1.345278e+01 2.300000e+01
    endloop
  endfacet
  facet normal 4.331093e-01 -9.013374e-01 -2.694975e-03
    outer loop
      vertex   4.601368e+00 -1.345278e+01 2.300000e+01
      vertex   3.893826e+00 -1.377124e+01 1.580026e+01
      vertex   5.216625e+00 -1.313720e+01 1.633172e+01
    endloop
  endfacet
  facet normal 4.837164e-01 -8.752189e-01 3.210424e-03
    outer loop
      vertex   4.601368e+00 -1.345278e+01 2.300000e+01
      vertex   5.216625e+00 -1.313720e+01 1.633172e+01
      vertex   6.073593e+00 -1.263911e+01 2.300000e+01
    endloop
  endfacet
  facet normal 5.186379e-01 -8.549895e-01 -2.788527e-03
    outer loop
      vertex   6.073593e+00 -1.263911e+01 2.300000e+01
      vertex   5.216625e+00 -1.313720e+01 1.633172e+01
      vertex   6.456729e+00 -1.238684e+01 1.690884e+01
    endloop
  endfacet
  facet normal 5.786693e-01 -8.155581e-01 2.620596e-03
    outer loop
      vertex   6.073593e+00 -1.263911e+01 2.300000e+01
      vertex   6.456729e+00 -1.238684e+01 1.690884e+01
      vertex   7.445459e+00 -1.166572e+01 2.300000e+01
    endloop
  endfacet
  facet normal 5.964871e-01 -8.026206e-01 -1.803252e-03
    outer loop
      vertex   7.445459e+00 -1.166572e+01 2.300000e+01
      vertex   6.456729e+00 -1.238684e+01 1.690884e+01
      vertex   7.601207e+00 -1.153763e+01 1.750361e+01
    endloop
  endfacet
  facet normal 6.677742e-01 -7.443622e-01 1.574505e-03
    outer loop
      vertex   7.445459e+00 -1.166572e+01 2.300000e+01
      vertex   7.601207e+00 -1.153763e+01 1.750361e+01
      vertex   8.637125e+00 -1.060706e+01 1.808801e+01
    endloop
  endfacet
  facet normal 6.663463e-01 -7.456418e-01 9.522875e-04
    outer loop
      vertex   7.445459e+00 -1.166572e+01 2.300000e+01
      vertex   8.637125e+00 -1.060706e+01 1.808801e+01
      vertex   8.699714e+00 -1.054485e+01 2.300000e+01
    endloop
  endfacet
  facet normal 7.363533e-01 -6.765968e-01 -8.141494e-04
    outer loop
      vertex   8.699714e+00 -1.054485e+01 2.300000e+01
      vertex   8.637125e+00 -1.060706e+01 1.808801e+01
      vertex   9.581111e+00 -9.580381e+00 1.865414e+01
    endloop
  endfacet
  facet normal 7.456380e-01 -6.663429e-01 3.344547e-03
    outer loop
      vertex   8.699714e+00 -1.054485e+01 2.300000e+01
      vertex   9.581111e+00 -9.580381e+00 1.865414e+01
      vertex   9.820584e+00 -9.290598e+00 2.300000e+01
    endloop
  endfacet
  facet normal 7.975129e-01 -6.032904e-01 -3.718330e-03
    outer loop
      vertex   9.820584e+00 -9.290598e+00 2.300000e+01
      vertex   9.581111e+00 -9.580381e+00 1.865414e+01
      vertex   1.045226e+01 -8.432153e+00 1.920290e+01
    endloop
  endfacet
  facet normal 8.155513e-01 -5.786645e-01 4.849893e-03
    outer loop
      vertex   9.820584e+00 -9.290598e+00 2.300000e+01
      vertex   1.045226e+01 -8.432153e+00 1.920290e+01
      vertex   1.079398e+01 -7.918732e+00 2.300000e+01
    endloop
  endfacet
  facet normal 8.515106e-01 -5.243060e-01 -5.736211e-03
    outer loop
      vertex   1.079398e+01 -7.918732e+00 2.300000e+01
      vertex   1.045226e+01 -8.432153e+00 1.920290e+01
      vertex   1.122852e+01 -7.177023e+00 1.971138e+01
    endloop
  endfacet
  facet normal 8.752046e-01 -4.837085e-01 6.550891e-03
    outer loop
      vertex   1.079398e+01 -7.918732e+00 2.300000e+01
      vertex   1.122852e+01 -7.177023e+00 1.971138e+01
      vertex   1.160765e+01 -6.446507e+00 2.300000e+01
    endloop
  endfacet
  facet normal 8.990690e-01 -4.377601e-01 -6.407042e-03
    outer loop
      vertex   1.160765e+01 -6.446507e+00 2.300000e+01
      vertex   1.122852e+01 -7.177023e+00 1.971138e+01
      vertex   1.188766e+01 -5.829794e+00 2.015663e+01
    endloop
  endfacet
  facet normal 9.238501e-01 -3.826712e-01 7.981921e-03
    outer loop
      vertex   1.160765e+01 -6.446507e+00 2.300000e+01
      vertex   1.188766e+01 -5.829794e+00 2.015663e+01
      vertex   1.225136e+01 -4.892436e+00 2.300000e+01
    endloop
  endfacet
  facet normal 9.388941e-01 -3.441420e-01 -6.644058e-03
    outer loop
      vertex   1.225136e+01 -4.892436e+00 2.300000e+01
      vertex   1.188766e+01 -5.829794e+00 2.015663e+01
      vertex   1.241166e+01 -4.407206e+00 2.051873e+01
    endloop
  endfacet
  facet normal 9.608870e-01 -2.768268e-01 7.940724e-03
    outer loop
      vertex   1.225136e+01 -4.892436e+00 2.300000e+01
      vertex   1.241166e+01 -4.407206e+00 2.051873e+01
      vertex   1.271703e+01 -3.276065e+00 2.300000e+01
    endloop
  endfacet
  facet normal 9.686769e-01 -2.482508e-01 -6.044956e-03
    outer loop
      vertex   1.271703e+01 -3.276065e+00 2.300000e+01
      vertex   1.241166e+01 -4.407206e+00 2.051873e+01
      vertex   1.279109e+01 -2.933176e+00 2.078534e+01
    endloop
  endfacet
  facet normal 9.858466e-01 -1.675021e-01 7.031218e-03
    outer loop
      vertex   1.271703e+01 -3.276065e+00 2.300000e+01
      vertex   1.279109e+01 -2.933176e+00 2.078534e+01
      vertex   1.299880e+01 -1.617718e+00 2.300000e+01
    endloop
  endfacet
  facet normal 9.887897e-01 -1.492590e-01 -4.080793e-03
    outer loop
      vertex   1.299880e+01 -1.617718e+00 2.300000e+01
      vertex   1.279109e+01 -2.933176e+00 2.078534e+01
      vertex   1.301807e+01 -1.433856e+00 2.094640e+01
    endloop
  endfacet
  facet normal 9.984174e-01 -5.606992e-02 4.352937e-03
    outer loop
      vertex   1.299880e+01 -1.617718e+00 2.300000e+01
      vertex   1.301807e+01 -1.433856e+00 2.094640e+01
      vertex   1.309311e+01 6.174949e-02 2.300000e+01
    endloop
  endfacet
  facet normal 9.987437e-01 -5.010931e-02 -2.546926e-16
    outer loop
      vertex   1.309311e+01 6.174949e-02 2.300000e+01
      vertex   1.301807e+01 -1.433856e+00 2.094640e+01
      vertex   1.309311e+01 6.174949e-02 2.100000e+01
    endloop
  endfacet
  facet normal 9.987437e-01 5.010931e-02 2.546926e-16
    outer loop
      vertex   1.309311e+01 6.174949e-02 2.300000e+01
      vertex   1.309311e+01 6.174949e-02 2.100000e+01
      vertex   1.301807e+01 1.557355e+00 2.094640e+01
    endloop
  endfacet
  facet normal 9.984174e-01 5.606992e-02 4.352937e-03
    outer loop
      vertex   1.309311e+01 6.174949e-02 2.300000e+01
      vertex   1.301807e+01 1.557355e+00 2.094640e+01
      vertex   1.299880e+01 1.741217e+00 2.300000e+01
    endloop
  endfacet
  facet normal 9.887897e-01 1.492590e-01 -4.080793e-03
    outer loop
      vertex   1.299880e+01 1.741217e+00 2.300000e+01
      vertex   1.301807e+01 1.557355e+00 2.094640e+01
      vertex   1.279109e+01 3.056675e+00 2.078534e+01
    endloop
  endfacet
  facet normal 9.858466e-01 1.675021e-01 7.031218e-03
    outer loop
      vertex   1.299880e+01 1.741217e+00 2.300000e+01
      vertex   1.279109e+01 3.056675e+00 2.078534e+01
      vertex   1.271703e+01 3.399563e+00 2.300000e+01
    endloop
  endfacet
  facet normal 9.686769e-01 2.482508e-01 -6.044956e-03
    outer loop
      vertex   1.271703e+01 3.399563e+00 2.300000e+01
      vertex   1.279109e+01 3.056675e+00 2.078534e+01
      vertex   1.241166e+01 4.530705e+00 2.051873e+01
    endloop
  endfacet
  facet normal 9.608870e-01 2.768268e-01 7.940724e-03
    outer loop
      vertex   1.271703e+01 3.399563e+00 2.300000e+01
      vertex   1.241166e+01 4.530705e+00 2.051873e+01
      vertex   1.225136e+01 5.015935e+00 2.300000e+01
    endloop
  endfacet
  facet normal 9.388941e-01 3.441420e-01 -6.644058e-03
    outer loop
      vertex   1.225136e+01 5.015935e+00 2.300000e+01
      vertex   1.241166e+01 4.530705e+00 2.051873e+01
      vertex   1.188766e+01 5.953293e+00 2.015663e+01
    endloop
  endfacet
  facet normal 9.238501e-01 3.826712e-01 7.981921e-03
    outer loop
      vertex   1.225136e+01 5.015935e+00 2.300000e+01
      vertex   1.188766e+01 5.953293e+00 2.015663e+01
      vertex   1.160765e+01 6.570006e+00 2.300000e+01
    endloop
  endfacet
  facet normal 8.990690e-01 4.377601e-01 -6.407042e-03
    outer loop
      vertex   1.160765e+01 6.570006e+00 2.300000e+01
      vertex   1.188766e+01 5.953293e+00 2.015663e+01
      vertex   1.122852e+01 7.300522e+00 1.971138e+01
    endloop
  endfacet
  facet normal 8.752046e-01 4.837085e-01 6.550891e-03
    outer loop
      vertex   1.160765e+01 6.570006e+00 2.300000e+01
      vertex   1.122852e+01 7.300522e+00 1.971138e+01
      vertex   1.079398e+01 8.042231e+00 2.300000e+01
    endloop
  endfacet
  facet normal 8.515106e-01 5.243060e-01 -5.736211e-03
    outer loop
      vertex   1.079398e+01 8.042231e+00 2.300000e+01
      vertex   1.122852e+01 7.300522e+00 1.971138e+01
      vertex   1.045226e+01 8.555652e+00 1.920290e+01
    endloop
  endfacet
  facet normal 8.155513e-01 5.786645e-01 4.849893e-03
    outer loop
      vertex   1.079398e+01 8.042231e+00 2.300000e+01
      vertex   1.045226e+01 8.555652e+00 1.920290e+01
      vertex   9.820584e+00 9.414097e+00 2.300000e+01
    endloop
  endfacet
  facet normal 7.975129e-01 6.032904e-01 -3.718330e-03
    outer loop
      vertex   9.820584e+00 9.414097e+00 2.300000e+01
      vertex   1.045226e+01 8.555652e+00 1.920290e+01
      vertex   9.581111e+00 9.703880e+00 1.865414e+01
    endloop
  endfacet
  facet normal 7.456380e-01 6.663429e-01 3.344547e-03
    outer loop
      vertex   9.820584e+00 9.414097e+00 2.300000e+01
      vertex   9.581111e+00 9.703880e+00 1.865414e+01
      vertex   8.699714e+00 1.066835e+01 2.300000e+01
    endloop
  endfacet
  facet normal 7.363533e-01 6.765968e-01 -8.141494e-04
    outer loop
      vertex   8.699714e+00 1.066835e+01 2.300000e+01
      vertex   9.581111e+00 9.703880e+00 1.865414e+01
      vertex   8.637125e+00 1.073056e+01 1.808801e+01
    endloop
  endfacet
  facet normal 6.679814e-01 7.441774e-01 9.129063e-04
    outer loop
      vertex   8.699714e+00 1.066835e+01 2.300000e+01
      vertex   8.637125e+00 1.073056e+01 1.808801e+01
      vertex   7.601207e+00 1.166113e+01 1.750361e+01
    endloop
  endfacet
  facet normal 6.663458e-01 7.456413e-01 1.504219e-03
    outer loop
      vertex   8.699714e+00 1.066835e+01 2.300000e+01
      vertex   7.601207e+00 1.166113e+01 1.750361e+01
      vertex   7.445459e+00 1.178922e+01 2.300000e+01
    endloop
  endfacet
  facet normal 5.964871e-01 8.026206e-01 -1.803252e-03
    outer loop
      vertex   7.445459e+00 1.178922e+01 2.300000e+01
      vertex   7.601207e+00 1.166113e+01 1.750361e+01
      vertex   6.456729e+00 1.251034e+01 1.690884e+01
    endloop
  endfacet
  facet normal 5.786693e-01 8.155581e-01 2.620596e-03
    outer loop
      vertex   7.445459e+00 1.178922e+01 2.300000e+01
      vertex   6.456729e+00 1.251034e+01 1.690884e+01
      vertex   6.073593e+00 1.276261e+01 2.300000e+01
    endloop
  endfacet
  facet normal 5.186379e-01 8.549895e-01 -2.788527e-03
    outer loop
      vertex   6.073593e+00 1.276261e+01 2.300000e+01
      vertex   6.456729e+00 1.251034e+01 1.690884e+01
      vertex   5.216625e+00 1.326070e+01 1.633172e+01
    endloop
  endfacet
  facet normal 4.837164e-01 8.752189e-01 3.210424e-03
    outer loop
      vertex   6.073593e+00 1.276261e+01 2.300000e+01
      vertex   5.216625e+00 1.326070e+01 1.633172e+01
      vertex   4.601368e+00 1.357628e+01 2.300000e+01
    endloop
  endfacet
  facet normal 4.331093e-01 9.013374e-01 -2.694975e-03
    outer loop
      vertex   4.601368e+00 1.357628e+01 2.300000e+01
      vertex   5.216625e+00 1.326070e+01 1.633172e+01
      vertex   3.893826e+00 1.389474e+01 1.580026e+01
    endloop
  endfacet
  facet normal 3.826814e-01 9.238746e-01 3.257609e-03
    outer loop
      vertex   4.601368e+00 1.357628e+01 2.300000e+01
      vertex   3.893826e+00 1.389474e+01 1.580026e+01
      vertex   3.047298e+00 1.422000e+01 2.300000e+01
    endloop
  endfacet
  facet normal 3.412954e-01 9.399532e-01 -2.334831e-03
    outer loop
      vertex   3.047298e+00 1.422000e+01 2.300000e+01
      vertex   3.893826e+00 1.389474e+01 1.580026e+01
      vertex   2.501600e+00 1.439912e+01 1.534412e+01
    endloop
  endfacet
  facet normal 2.768345e-01 9.609137e-01 2.750248e-03
    outer loop
      vertex   3.047298e+00 1.422000e+01 2.300000e+01
      vertex   2.501600e+00 1.439912e+01 1.534412e+01
      vertex   1.430926e+00 1.468567e+01 2.300000e+01
    endloop
  endfacet
  facet normal 2.465724e-01 9.691227e-01 -1.789152e-03
    outer loop
      vertex   1.430926e+00 1.468567e+01 2.300000e+01
      vertex   2.501600e+00 1.439912e+01 1.534412e+01
      vertex   1.057195e+00 1.476597e+01 1.499286e+01
    endloop
  endfacet
  facet normal 1.726557e-01 9.849806e-01 1.819932e-03
    outer loop
      vertex   1.430926e+00 1.468567e+01 2.300000e+01
      vertex   1.057195e+00 1.476597e+01 1.499286e+01
      vertex   3.213464e-01 1.489520e+01 1.486522e+01
    endloop
  endfacet
  facet normal 1.675057e-01 9.858678e-01 2.545248e-03
    outer loop
      vertex   1.430926e+00 1.468567e+01 2.300000e+01
      vertex   3.213464e-01 1.489520e+01 1.486522e+01
      vertex   -2.274207e-01 1.496743e+01 2.300000e+01
    endloop
  endfacet
  facet normal 1.238112e-01 9.923057e-01 -4.595225e-04
    outer loop
      vertex   -2.274207e-01 1.496743e+01 2.300000e+01
      vertex   3.213464e-01 1.489520e+01 1.486522e+01
      vertex   -4.199535e-01 1.498765e+01 1.477255e+01
    endloop
  endfacet
  facet normal 7.443939e-02 9.972253e-01 7.079264e-04
    outer loop
      vertex   -2.274207e-01 1.496743e+01 2.300000e+01
      vertex   -4.199535e-01 1.498765e+01 1.477255e+01
      vertex   -1.163700e+00 1.504320e+01 1.471604e+01
    endloop
  endfacet
  facet normal 5.607023e-02 9.984229e-01 2.795022e-03
    outer loop
      vertex   -2.274207e-01 1.496743e+01 2.300000e+01
      vertex   -1.163700e+00 1.504320e+01 1.471604e+01
      vertex   -1.906888e+00 1.506175e+01 2.300000e+01
    endloop
  endfacet
  facet normal 0.000000e+00 9.987569e-01 4.984589e-02
    outer loop
      vertex   5.309311e+01 -1.884384e+01 -1.891789e+00
      vertex   1.309311e+01 -1.884384e+01 -1.891789e+00
      vertex   5.309311e+01 -1.893825e+01 4.440892e-15
    endloop
  endfacet
  facet normal 2.899571e-18 9.987569e-01 4.984589e-02
    outer loop
      vertex   5.309311e+01 -1.893825e+01 4.440892e-15
      vertex   1.309311e+01 -1.884384e+01 -1.891789e+00
      vertex   1.309311e+01 -1.893825e+01 6.767721e-15
    endloop
  endfacet
  facet normal -2.899571e-18 9.987569e-01 -4.984589e-02
    outer loop
      vertex   5.309311e+01 -1.893825e+01 4.440892e-15
      vertex   1.309311e+01 -1.893825e+01 6.767721e-15
      vertex   5.309311e+01 -1.884384e+01 1.891789e+00
    endloop
  endfacet
  facet normal 0.000000e+00 9.987569e-01 -4.984589e-02
    outer loop
      vertex   5.309311e+01 -1.884384e+01 1.891789e+00
      vertex   1.309311e+01 -1.893825e+01 6.767721e-15
      vertex   1.309311e+01 -1.884384e+01 1.891789e+00
    endloop
  endfacet
  facet normal 0.000000e+00 9.888308e-01 -1.490423e-01
    outer loop
      vertex   5.309311e+01 -1.884384e+01 1.891789e+00
      vertex   1.309311e+01 -1.884384e+01 1.891789e+00
      vertex   5.309311e+01 -1.856153e+01 3.764777e+00
    endloop
  endfacet
  facet normal 0.000000e+00 9.888308e-01 -1.490423e-01
    outer loop
      vertex   5.309311e+01 -1.856153e+01 3.764777e+00
      vertex   1.309311e+01 -1.884384e+01 1.891789e+00
      vertex   1.309311e+01 -1.856153e+01 3.764777e+00
    endloop
  endfacet
  facet normal 0.000000e+00 9.690773e-01 -2.467574e-01
    outer loop
      vertex   5.309311e+01 -1.856153e+01 3.764777e+00
      vertex   1.309311e+01 -1.856153e+01 3.764777e+00
      vertex   5.309311e+01 -1.809413e+01 5.600348e+00
    endloop
  endfacet
  facet normal 0.000000e+00 9.690773e-01 -2.467574e-01
    outer loop
      vertex   5.309311e+01 -1.809413e+01 5.600348e+00
      vertex   1.309311e+01 -1.856153e+01 3.764777e+00
      vertex   1.309311e+01 -1.809413e+01 5.600348e+00
    endloop
  endfacet
  facet normal 0.000000e+00 9.396926e-01 -3.420201e-01
    outer loop
      vertex   5.309311e+01 -1.809413e+01 5.600348e+00
      vertex   1.309311e+01 -1.809413e+01 5.600348e+00
      vertex   5.309311e+01 -1.744630e+01 7.380261e+00
    endloop
  endfacet
  facet normal 0.000000e+00 9.396926e-01 -3.420201e-01
    outer loop
      vertex   5.309311e+01 -1.744630e+01 7.380261e+00
      vertex   1.309311e+01 -1.809413e+01 5.600348e+00
      vertex   1.309311e+01 -1.744630e+01 7.380261e+00
    endloop
  endfacet
  facet normal 0.000000e+00 9.009689e-01 -4.338837e-01
    outer loop
      vertex   5.309311e+01 -1.744630e+01 7.380261e+00
      vertex   1.309311e+01 -1.744630e+01 7.380261e+00
      vertex   5.309311e+01 -1.662446e+01 9.086826e+00
    endloop
  endfacet
  facet normal -2.948876e-18 9.009689e-01 -4.338837e-01
    outer loop
      vertex   5.309311e+01 -1.662446e+01 9.086826e+00
      vertex   1.309311e+01 -1.744630e+01 7.380261e+00
      vertex   1.309311e+01 -1.662446e+01 9.086826e+00
    endloop
  endfacet
  facet normal 1.683804e-17 8.532909e-01 -5.214352e-01
    outer loop
      vertex   5.309311e+01 -1.662446e+01 9.086826e+00
      vertex   1.309311e+01 -1.662446e+01 9.086826e+00
      vertex   5.309311e+01 -1.563679e+01 1.070308e+01
    endloop
  endfacet
  facet normal 0.000000e+00 8.532909e-01 -5.214352e-01
    outer loop
      vertex   5.309311e+01 -1.563679e+01 1.070308e+01
      vertex   1.309311e+01 -1.662446e+01 9.086826e+00
      vertex   1.309311e+01 -1.563679e+01 1.070308e+01
    endloop
  endfacet
  facet normal 0.000000e+00 7.971325e-01 -6.038044e-01
    outer loop
      vertex   5.309311e+01 -1.563679e+01 1.070308e+01
      vertex   1.309311e+01 -1.563679e+01 1.070308e+01
      vertex   5.309311e+01 -1.449309e+01 1.221296e+01
    endloop
  endfacet
  facet normal -6.115627e-17 7.971325e-01 -6.038044e-01
    outer loop
      vertex   5.309311e+01 -1.449309e+01 1.221296e+01
      vertex   1.309311e+01 -1.563679e+01 1.070308e+01
      vertex   1.309311e+01 -1.449309e+01 1.221296e+01
    endloop
  endfacet
  facet normal -3.959896e-17 7.330519e-01 -6.801727e-01
    outer loop
      vertex   5.309311e+01 -1.449309e+01 1.221296e+01
      vertex   1.309311e+01 -1.449309e+01 1.221296e+01
      vertex   5.309311e+01 -1.320475e+01 1.360147e+01
    endloop
  endfacet
  facet normal 0.000000e+00 7.330519e-01 -6.801727e-01
    outer loop
      vertex   5.309311e+01 -1.320475e+01 1.360147e+01
      vertex   1.309311e+01 -1.449309e+01 1.221296e+01
      vertex   1.309311e+01 -1.320475e+01 1.360147e+01
    endloop
  endfacet
  facet normal 0.000000e+00 6.616858e-01 -7.497812e-01
    outer loop
      vertex   5.309311e+01 -1.320475e+01 1.360147e+01
      vertex   1.309311e+01 -1.320475e+01 1.360147e+01
      vertex   5.309311e+01 -1.178456e+01 1.485480e+01
    endloop
  endfacet
  facet normal 0.000000e+00 6.616858e-01 -7.497812e-01
    outer loop
      vertex   5.309311e+01 -1.178456e+01 1.485480e+01
      vertex   1.309311e+01 -1.320475e+01 1.360147e+01
      vertex   1.309311e+01 -1.178456e+01 1.485480e+01
    endloop
  endfacet
  facet normal 0.000000e+00 5.837437e-01 -8.119380e-01
    outer loop
      vertex   5.309311e+01 -1.178456e+01 1.485480e+01
      vertex   1.309311e+01 -1.178456e+01 1.485480e+01
      vertex   5.309311e+01 -1.024663e+01 1.596049e+01
    endloop
  endfacet
  facet normal 0.000000e+00 5.837437e-01 -8.119380e-01
    outer loop
      vertex   5.309311e+01 -1.024663e+01 1.596049e+01
      vertex   1.309311e+01 -1.178456e+01 1.485480e+01
      vertex   1.309311e+01 -1.024663e+01 1.596049e+01
    endloop
  endfacet
  facet normal 0.000000e+00 5.000000e-01 -8.660254e-01
    outer loop
      vertex   5.309311e+01 -1.024663e+01 1.596049e+01
      vertex   1.309311e+01 -1.024663e+01 1.596049e+01
      vertex   5.309311e+01 -8.606253e+00 1.690756e+01
    endloop
  endfacet
  facet normal 0.000000e+00 5.000000e-01 -8.660254e-01
    outer loop
      vertex   5.309311e+01 -8.606253e+00 1.690756e+01
      vertex   1.309311e+01 -1.024663e+01 1.596049e+01
      vertex   1.309311e+01 -8.606253e+00 1.690756e+01
    endloop
  endfacet
  facet normal 0.000000e+00 4.112871e-01 -9.115059e-01
    outer loop
      vertex   5.309311e+01 -8.606253e+00 1.690756e+01
      vertex   1.309311e+01 -8.606253e+00 1.690756e+01
      vertex   5.309311e+01 -6.879730e+00 1.768660e+01
    endloop
  endfacet
  facet normal -3.652963e-17 4.112871e-01 -9.115059e-01
    outer loop
      vertex   5.309311e+01 -6.879730e+00 1.768660e+01
      vertex   1.309311e+01 -8.606253e+00 1.690756e+01
      vertex   1.309311e+01 -6.879730e+00 1.768660e+01
    endloop
  endfacet
  facet normal -2.828730e-17 3.184867e-01 -9.479273e-01
    outer loop
      vertex   5.309311e+01 -6.879730e+00 1.768660e+01
      vertex   1.309311e+01 -6.879730e+00 1.768660e+01
      vertex   5.309311e+01 -5.084219e+00 1.828986e+01
    endloop
  endfacet
  facet normal 0.000000e+00 3.184867e-01 -9.479273e-01
    outer loop
      vertex   5.309311e+01 -5.084219e+00 1.828986e+01
      vertex   1.309311e+01 -6.879730e+00 1.768660e+01
      vertex   1.309311e+01 -5.084219e+00 1.828986e+01
    endloop
  endfacet
  facet normal 0.000000e+00 2.225209e-01 -9.749279e-01
    outer loop
      vertex   5.309311e+01 -5.084219e+00 1.828986e+01
      vertex   1.309311e+01 -5.084219e+00 1.828986e+01
      vertex   5.309311e+01 -3.237566e+00 1.871135e+01
    endloop
  endfacet
  facet normal 6.435669e-17 2.225209e-01 -9.749279e-01
    outer loop
      vertex   5.309311e+01 -3.237566e+00 1.871135e+01
      vertex   1.309311e+01 -5.084219e+00 1.828986e+01
      vertex   1.309311e+01 -3.237566e+00 1.871135e+01
    endloop
  endfacet
  facet normal 7.570411e-17 1.243437e-01 -9.922392e-01
    outer loop
      vertex   5.309311e+01 -3.237566e+00 1.871135e+01
      vertex   1.309311e+01 -3.237566e+00 1.871135e+01
      vertex   5.309311e+01 -1.358122e+00 1.894687e+01
    endloop
  endfacet
  facet normal -1.311468e-17 1.243437e-01 -9.922392e-01
    outer loop
      vertex   5.309311e+01 -1.358122e+00 1.894687e+01
      vertex   1.309311e+01 -3.237566e+00 1.871135e+01
      vertex   1.309311e+01 -1.358122e+00 1.894687e+01
    endloop
  endfacet
  facet normal -2.629470e-18 2.493069e-02 -9.996892e-01
    outer loop
      vertex   5.309311e+01 -1.358122e+00 1.894687e+01
      vertex   1.309311e+01 -1.358122e+00 1.894687e+01
      vertex   5.309311e+01 5.354326e-01 1.899409e+01
    endloop
  endfacet
  facet normal 0.000000e+00 2.493069e-02 -9.996892e-01
    outer loop
      vertex   5.309311e+01 5.354326e-01 1.899409e+01
      vertex   1.309311e+01 -1.358122e+00 1.894687e+01
      vertex   1.309311e+01 5.354326e-01 1.899409e+01
    endloop
  endfacet
  facet normal -0.000000e+00 -7.473009e-02 -9.972038e-01
    outer loop
      vertex   5.309311e+01 5.354326e-01 1.899409e+01
      vertex   1.309311e+01 5.354326e-01 1.899409e+01
      vertex   5.309311e+01 2.424280e+00 1.885254e+01
    endloop
  endfacet
  facet normal 7.467036e-18 -7.473009e-02 -9.972038e-01
    outer loop
      vertex   5.309311e+01 2.424280e+00 1.885254e+01
      vertex   1.309311e+01 5.354326e-01 1.899409e+01
      vertex   1.309311e+01 2.424280e+00 1.885254e+01
    endloop
  endfacet
  facet normal 1.735094e-17 -1.736482e-01 -9.848078e-01
    outer loop
      vertex   5.309311e+01 2.424280e+00 1.885254e+01
      vertex   1.309311e+01 2.424280e+00 1.885254e+01
      vertex   5.309311e+01 4.289647e+00 1.852363e+01
    endloop
  endfacet
  facet normal -0.000000e+00 -1.736482e-01 -9.848078e-01
    outer loop
      vertex   5.309311e+01 4.289647e+00 1.852363e+01
      vertex   1.309311e+01 2.424280e+00 1.885254e+01
      vertex   1.309311e+01 4.289647e+00 1.852363e+01
    endloop
  endfacet
  facet normal -0.000000e+00 -2.708405e-01 -9.626242e-01
    outer loop
      vertex   5.309311e+01 4.289647e+00 1.852363e+01
      vertex   1.309311e+01 4.289647e+00 1.852363e+01
      vertex   5.309311e+01 6.112996e+00 1.801062e+01
    endloop
  endfacet
  facet normal 3.006933e-17 -2.708405e-01 -9.626242e-01
    outer loop
      vertex   5.309311e+01 6.112996e+00 1.801062e+01
      vertex   1.309311e+01 4.289647e+00 1.852363e+01
      vertex   1.309311e+01 6.112996e+00 1.801062e+01
    endloop
  endfacet
  facet normal 4.056100e-17 -3.653410e-01 -9.308737e-01
    outer loop
      vertex   5.309311e+01 6.112996e+00 1.801062e+01
      vertex   1.309311e+01 6.112996e+00 1.801062e+01
      vertex   5.309311e+01 7.876204e+00 1.731861e+01
    endloop
  endfacet
  facet normal -0.000000e+00 -3.653410e-01 -9.308737e-01
    outer loop
      vertex   5.309311e+01 7.876204e+00 1.731861e+01
      vertex   1.309311e+01 6.112996e+00 1.801062e+01
      vertex   1.309311e+01 7.876204e+00 1.731861e+01
    endloop
  endfacet
  facet normal -0.000000e+00 -4.562107e-01 -8.898718e-01
    outer loop
      vertex   5.309311e+01 7.876204e+00 1.731861e+01
      vertex   1.309311e+01 7.876204e+00 1.731861e+01
      vertex   5.309311e+01 9.561749e+00 1.645448e+01
    endloop
  endfacet
  facet normal 6.077947e-17 -4.562107e-01 -8.898718e-01
    outer loop
      vertex   5.309311e+01 9.561749e+00 1.645448e+01
      vertex   1.309311e+01 7.876204e+00 1.731861e+01
      vertex   1.309311e+01 9.561749e+00 1.645448e+01
    endloop
  endfacet
  facet normal 7.228168e-17 -5.425463e-01 -8.400259e-01
    outer loop
      vertex   5.309311e+01 9.561749e+00 1.645448e+01
      vertex   1.309311e+01 9.561749e+00 1.645448e+01
      vertex   5.309311e+01 1.115288e+01 1.542682e+01
    endloop
  endfacet
  facet normal -5.051540e-17 -5.425463e-01 -8.400259e-01
    outer loop
      vertex   5.309311e+01 1.115288e+01 1.542682e+01
      vertex   1.309311e+01 9.561749e+00 1.645448e+01
      vertex   1.309311e+01 1.115288e+01 1.542682e+01
    endloop
  endfacet
  facet normal -4.175208e-17 -6.234898e-01 -7.818315e-01
    outer loop
      vertex   5.309311e+01 1.115288e+01 1.542682e+01
      vertex   1.309311e+01 1.115288e+01 1.542682e+01
      vertex   5.309311e+01 1.263378e+01 1.424584e+01
    endloop
  endfacet
  facet normal -7.031783e-18 -6.234898e-01 -7.818315e-01
    outer loop
      vertex   5.309311e+01 1.263378e+01 1.424584e+01
      vertex   1.309311e+01 1.115288e+01 1.542682e+01
      vertex   1.309311e+01 1.263378e+01 1.424584e+01
    endloop
  endfacet
  facet normal -7.829307e-19 -6.982368e-01 -7.158668e-01
    outer loop
      vertex   5.309311e+01 1.263378e+01 1.424584e+01
      vertex   1.309311e+01 1.263378e+01 1.424584e+01
      vertex   5.309311e+01 1.398974e+01 1.292328e+01
    endloop
  endfacet
  facet normal -3.257381e-17 -6.982368e-01 -7.158668e-01
    outer loop
      vertex   5.309311e+01 1.398974e+01 1.292328e+01
      vertex   1.309311e+01 1.263378e+01 1.424584e+01
      vertex   1.309311e+01 1.398974e+01 1.292328e+01
    endloop
  endfacet
  facet normal -2.307180e-17 -7.660444e-01 -6.427876e-01
    outer loop
      vertex   5.309311e+01 1.398974e+01 1.292328e+01
      vertex   1.309311e+01 1.398974e+01 1.292328e+01
      vertex   5.309311e+01 1.520727e+01 1.147228e+01
    endloop
  endfacet
  facet normal 5.473703e-18 -7.660444e-01 -6.427876e-01
    outer loop
      vertex   5.309311e+01 1.520727e+01 1.147228e+01
      vertex   1.309311e+01 1.398974e+01 1.292328e+01
      vertex   1.309311e+01 1.520727e+01 1.147228e+01
    endloop
  endfacet
  facet normal 1.167594e-17 -8.262388e-01 -5.633201e-01
    outer loop
      vertex   5.309311e+01 1.520727e+01 1.147228e+01
      vertex   1.309311e+01 1.520727e+01 1.147228e+01
      vertex   5.309311e+01 1.627428e+01 9.907269e+00
    endloop
  endfacet
  facet normal 2.335187e-17 -8.262388e-01 -5.633201e-01
    outer loop
      vertex   5.309311e+01 1.627428e+01 9.907269e+00
      vertex   1.309311e+01 1.520727e+01 1.147228e+01
      vertex   1.309311e+01 1.627428e+01 9.907269e+00
    endloop
  endfacet
  facet normal 3.552426e-17 -8.782216e-01 -4.782540e-01
    outer loop
      vertex   5.309311e+01 1.627428e+01 9.907269e+00
      vertex   1.309311e+01 1.627428e+01 9.907269e+00
      vertex   5.309311e+01 1.718016e+01 8.243791e+00
    endloop
  endfacet
  facet normal -0.000000e+00 -8.782216e-01 -4.782540e-01
    outer loop
      vertex   5.309311e+01 1.718016e+01 8.243791e+00
      vertex   1.309311e+01 1.627428e+01 9.907269e+00
      vertex   1.309311e+01 1.718016e+01 8.243791e+00
    endloop
  endfacet
  facet normal -0.000000e+00 -9.214762e-01 -3.884348e-01
    outer loop
      vertex   5.309311e+01 1.718016e+01 8.243791e+00
      vertex   1.309311e+01 1.718016e+01 8.243791e+00
      vertex   5.309311e+01 1.791591e+01 6.498383e+00
    endloop
  endfacet
  facet normal -2.587496e-17 -9.214762e-01 -3.884348e-01
    outer loop
      vertex   5.309311e+01 1.791591e+01 6.498383e+00
      vertex   1.309311e+01 1.718016e+01 8.243791e+00
      vertex   1.309311e+01 1.791591e+01 6.498383e+00
    endloop
  endfacet
  facet normal -1.963464e-17 -9.555728e-01 -2.947552e-01
    outer loop
      vertex   5.309311e+01 1.791591e+01 6.498383e+00
      vertex   1.309311e+01 1.791591e+01 6.498383e+00
      vertex   5.309311e+01 1.847422e+01 4.688391e+00
    endloop
  endfacet
  facet normal 6.523728e-17 -9.555728e-01 -2.947552e-01
    outer loop
      vertex   5.309311e+01 1.847422e+01 4.688391e+00
      vertex   1.309311e+01 1.791591e+01 6.498383e+00
      vertex   1.309311e+01 1.847422e+01 4.688391e+00
    endloop
  endfacet
  facet normal 7.385762e-17 -9.801725e-01 -1.981461e-01
    outer loop
      vertex   5.309311e+01 1.847422e+01 4.688391e+00
      vertex   1.309311e+01 1.847422e+01 4.688391e+00
      vertex   5.309311e+01 1.884954e+01 2.831803e+00
    endloop
  endfacet
  facet normal 7.385762e-17 -9.801725e-01 -1.981461e-01
    outer loop
      vertex   5.309311e+01 1.884954e+01 2.831803e+00
      vertex   1.309311e+01 1.847422e+01 4.688391e+00
      vertex   1.309311e+01 1.884954e+01 2.831803e+00
    endloop
  endfacet
  facet normal 8.174394e-17 -9.950308e-01 -9.956785e-02
    outer loop
      vertex   5.309311e+01 1.884954e+01 2.831803e+00
      vertex   1.309311e+01 1.884954e+01 2.831803e+00
      vertex   5.309311e+01 1.903813e+01 9.470718e-01
    endloop
  endfacet
  facet normal -7.185264e-18 -9.950308e-01 -9.956785e-02
    outer loop
      vertex   5.309311e+01 1.903813e+01 9.470718e-01
      vertex   1.309311e+01 1.884954e+01 2.831803e+00
      vertex   1.309311e+01 1.903813e+01 9.470718e-01
    endloop
  endfacet
  facet normal -0.000000e+00 -1.000000e+00 -0.000000e+00
    outer loop
      vertex   5.309311e+01 1.903813e+01 9.470718e-01
      vertex   1.309311e+01 1.903813e+01 9.470718e-01
      vertex   5.309311e+01 1.903813e+01 -9.470718e-01
    endloop
  endfacet
  facet normal 0.000000e+00 -1.000000e+00 0.000000e+00
    outer loop
      vertex   5.309311e+01 1.903813e+01 -9.470718e-01
      vertex   1.309311e+01 1.903813e+01 9.470718e-01
      vertex   1.309311e+01 1.903813e+01 -9.470718e-01
    endloop
  endfacet
  facet normal 6.632551e-18 -9.950308e-01 9.956785e-02
    outer loop
      vertex   5.309311e+01 1.903813e+01 -9.470718e-01
      vertex   1.309311e+01 1.903813e+01 -9.470718e-01
      vertex   5.309311e+01 1.884954e+01 -2.831803e+00
    endloop
  endfacet
  facet normal 8.843401e-18 -9.950308e-01 9.956785e-02
    outer loop
      vertex   5.309311e+01 1.884954e+01 -2.831803e+00
      vertex   1.309311e+01 1.903813e+01 -9.470718e-01
      vertex   1.309311e+01 1.884954e+01 -2.831803e+00
    endloop
  endfacet
  facet normal 1.759891e-17 -9.801725e-01 1.981461e-01
    outer loop
      vertex   5.309311e+01 1.884954e+01 -2.831803e+00
      vertex   1.309311e+01 1.884954e+01 -2.831803e+00
      vertex   5.309311e+01 1.847422e+01 -4.688391e+00
    endloop
  endfacet
  facet normal 1.759891e-17 -9.801725e-01 1.981461e-01
    outer loop
      vertex   5.309311e+01 1.847422e+01 -4.688391e+00
      vertex   1.309311e+01 1.884954e+01 -2.831803e+00
      vertex   1.309311e+01 1.847422e+01 -4.688391e+00
    endloop
  endfacet
  facet normal 2.617952e-17 -9.555728e-01 2.947552e-01
    outer loop
      vertex   5.309311e+01 1.847422e+01 -4.688391e+00
      vertex   1.309311e+01 1.847422e+01 -4.688391e+00
      vertex   5.309311e+01 1.791591e+01 -6.498383e+00
    endloop
  endfacet
  facet normal -7.178216e-17 -9.555728e-01 2.947552e-01
    outer loop
      vertex   5.309311e+01 1.791591e+01 -6.498383e+00
      vertex   1.309311e+01 1.847422e+01 -4.688391e+00
      vertex   1.309311e+01 1.791591e+01 -6.498383e+00
    endloop
  endfacet
  facet normal -6.459356e-17 -9.214762e-01 3.884348e-01
    outer loop
      vertex   5.309311e+01 1.791591e+01 -6.498383e+00
      vertex   1.309311e+01 1.791591e+01 -6.498383e+00
      vertex   5.309311e+01 1.718016e+01 -8.243791e+00
    endloop
  endfacet
  facet normal 0.000000e+00 -9.214762e-01 3.884348e-01
    outer loop
      vertex   5.309311e+01 1.718016e+01 -8.243791e+00
      vertex   1.309311e+01 1.791591e+01 -6.498383e+00
      vertex   1.309311e+01 1.718016e+01 -8.243791e+00
    endloop
  endfacet
  facet normal 0.000000e+00 -8.782216e-01 4.782540e-01
    outer loop
      vertex   5.309311e+01 1.718016e+01 -8.243791e+00
      vertex   1.309311e+01 1.718016e+01 -8.243791e+00
      vertex   5.309311e+01 1.627428e+01 -9.907269e+00
    endloop
  endfacet
  facet normal 2.123874e-17 -8.782216e-01 4.782540e-01
    outer loop
      vertex   5.309311e+01 1.627428e+01 -9.907269e+00
      vertex   1.309311e+01 1.718016e+01 -8.243791e+00
      vertex   1.309311e+01 1.627428e+01 -9.907269e+00
    endloop
  endfacet
  facet normal 2.501644e-17 -8.262388e-01 5.633201e-01
    outer loop
      vertex   5.309311e+01 1.627428e+01 -9.907269e+00
      vertex   1.309311e+01 1.627428e+01 -9.907269e+00
      vertex   5.309311e+01 1.520727e+01 -1.147228e+01
    endloop
  endfacet
  facet normal -1.167594e-17 -8.262388e-01 5.633201e-01
    outer loop
      vertex   5.309311e+01 1.520727e+01 -1.147228e+01
      vertex   1.309311e+01 1.627428e+01 -9.907269e+00
      vertex   1.309311e+01 1.520727e+01 -1.147228e+01
    endloop
  endfacet
  facet normal -5.473703e-18 -7.660444e-01 6.427876e-01
    outer loop
      vertex   5.309311e+01 1.520727e+01 -1.147228e+01
      vertex   1.309311e+01 1.520727e+01 -1.147228e+01
      vertex   5.309311e+01 1.398974e+01 -1.292328e+01
    endloop
  endfacet
  facet normal -5.473703e-18 -7.660444e-01 6.427876e-01
    outer loop
      vertex   5.309311e+01 1.398974e+01 -1.292328e+01
      vertex   1.309311e+01 1.520727e+01 -1.147228e+01
      vertex   1.309311e+01 1.398974e+01 -1.292328e+01
    endloop
  endfacet
  facet normal 7.829307e-19 -6.982368e-01 7.158668e-01
    outer loop
      vertex   5.309311e+01 1.398974e+01 -1.292328e+01
      vertex   1.309311e+01 1.398974e+01 -1.292328e+01
      vertex   5.309311e+01 1.263378e+01 -1.424584e+01
    endloop
  endfacet
  facet normal -3.022501e-17 -6.982368e-01 7.158668e-01
    outer loop
      vertex   5.309311e+01 1.263378e+01 -1.424584e+01
      vertex   1.309311e+01 1.398974e+01 -1.292328e+01
      vertex   1.309311e+01 1.263378e+01 -1.424584e+01
    endloop
  endfacet
  facet normal -2.065673e-17 -6.234898e-01 7.818315e-01
    outer loop
      vertex   5.309311e+01 1.263378e+01 -1.424584e+01
      vertex   1.309311e+01 1.263378e+01 -1.424584e+01
      vertex   5.309311e+01 1.115288e+01 -1.542682e+01
    endloop
  endfacet
  facet normal 7.031783e-18 -6.234898e-01 7.818315e-01
    outer loop
      vertex   5.309311e+01 1.115288e+01 -1.542682e+01
      vertex   1.309311e+01 1.263378e+01 -1.424584e+01
      vertex   1.309311e+01 1.115288e+01 -1.542682e+01
    endloop
  endfacet
  facet normal 1.321075e-17 -5.425463e-01 8.400259e-01
    outer loop
      vertex   5.309311e+01 1.115288e+01 -1.542682e+01
      vertex   1.309311e+01 1.115288e+01 -1.542682e+01
      vertex   5.309311e+01 9.561749e+00 -1.645448e+01
    endloop
  endfacet
  facet normal 2.642150e-17 -5.425463e-01 8.400259e-01
    outer loop
      vertex   5.309311e+01 9.561749e+00 -1.645448e+01
      vertex   1.309311e+01 1.115288e+01 -1.542682e+01
      vertex   1.309311e+01 9.561749e+00 -1.645448e+01
    endloop
  endfacet
  facet normal 3.851685e-17 -4.562107e-01 8.898718e-01
    outer loop
      vertex   5.309311e+01 9.561749e+00 -1.645448e+01
      vertex   1.309311e+01 9.561749e+00 -1.645448e+01
      vertex   5.309311e+01 7.876204e+00 -1.731861e+01
    endloop
  endfacet
  facet normal 0.000000e+00 -4.562107e-01 8.898718e-01
    outer loop
      vertex   5.309311e+01 7.876204e+00 -1.731861e+01
      vertex   1.309311e+01 9.561749e+00 -1.645448e+01
      vertex   1.309311e+01 7.876204e+00 -1.731861e+01
    endloop
  endfacet
  facet normal 0.000000e+00 -3.653410e-01 9.308737e-01
    outer loop
      vertex   5.309311e+01 7.876204e+00 -1.731861e+01
      vertex   1.309311e+01 7.876204e+00 -1.731861e+01
      vertex   5.309311e+01 6.112996e+00 -1.801062e+01
    endloop
  endfacet
  facet normal 5.834160e-17 -3.653410e-01 9.308737e-01
    outer loop
      vertex   5.309311e+01 6.112996e+00 -1.801062e+01
      vertex   1.309311e+01 7.876204e+00 -1.731861e+01
      vertex   1.309311e+01 6.112996e+00 -1.801062e+01
    endloop
  endfacet
  facet normal 6.745661e-17 -2.708405e-01 9.626242e-01
    outer loop
      vertex   5.309311e+01 6.112996e+00 -1.801062e+01
      vertex   1.309311e+01 6.112996e+00 -1.801062e+01
      vertex   5.309311e+01 4.289647e+00 -1.852363e+01
    endloop
  endfacet
  facet normal 0.000000e+00 -2.708405e-01 9.626242e-01
    outer loop
      vertex   5.309311e+01 4.289647e+00 -1.852363e+01
      vertex   1.309311e+01 6.112996e+00 -1.801062e+01
      vertex   1.309311e+01 4.289647e+00 -1.852363e+01
    endloop
  endfacet
  facet normal 0.000000e+00 -1.736482e-01 9.848078e-01
    outer loop
      vertex   5.309311e+01 4.289647e+00 -1.852363e+01
      vertex   1.309311e+01 4.289647e+00 -1.852363e+01
      vertex   5.309311e+01 2.424280e+00 -1.885254e+01
    endloop
  endfacet
  facet normal -1.927882e-17 -1.736482e-01 9.848078e-01
    outer loop
      vertex   5.309311e+01 2.424280e+00 -1.885254e+01
      vertex   1.309311e+01 4.289647e+00 -1.852363e+01
      vertex   1.309311e+01 2.424280e+00 -1.885254e+01
    endloop
  endfacet
  facet normal -8.296707e-18 -7.473009e-02 9.972038e-01
    outer loop
      vertex   5.309311e+01 2.424280e+00 -1.885254e+01
      vertex   1.309311e+01 2.424280e+00 -1.885254e+01
      vertex   5.309311e+01 5.354326e-01 -1.899409e+01
    endloop
  endfacet
  facet normal 0.000000e+00 -7.473009e-02 9.972038e-01
    outer loop
      vertex   5.309311e+01 5.354326e-01 -1.899409e+01
      vertex   1.309311e+01 2.424280e+00 -1.885254e+01
      vertex   1.309311e+01 5.354326e-01 -1.899409e+01
    endloop
  endfacet
  facet normal 0.000000e+00 2.493069e-02 9.996892e-01
    outer loop
      vertex   5.309311e+01 5.354326e-01 -1.899409e+01
      vertex   1.309311e+01 5.354326e-01 -1.899409e+01
      vertex   5.309311e+01 -1.358122e+00 -1.894687e+01
    endloop
  endfacet
  facet normal 2.491077e-18 2.493069e-02 9.996892e-01
    outer loop
      vertex   5.309311e+01 -1.358122e+00 -1.894687e+01
      vertex   1.309311e+01 5.354326e-01 -1.899409e+01
      vertex   1.309311e+01 -1.358122e+00 -1.894687e+01
    endloop
  endfacet
  facet normal 1.242443e-17 1.243437e-01 9.922392e-01
    outer loop
      vertex   5.309311e+01 -1.358122e+00 -1.894687e+01
      vertex   1.309311e+01 -1.358122e+00 -1.894687e+01
      vertex   5.309311e+01 -3.237566e+00 -1.871135e+01
    endloop
  endfacet
  facet normal 1.242443e-17 1.243437e-01 9.922392e-01
    outer loop
      vertex   5.309311e+01 -3.237566e+00 -1.871135e+01
      vertex   1.309311e+01 -1.358122e+00 -1.894687e+01
      vertex   1.309311e+01 -3.237566e+00 -1.871135e+01
    endloop
  endfacet
  facet normal 2.223431e-17 2.225209e-01 9.749279e-01
    outer loop
      vertex   5.309311e+01 -3.237566e+00 -1.871135e+01
      vertex   1.309311e+01 -3.237566e+00 -1.871135e+01
      vertex   5.309311e+01 -5.084219e+00 -1.828986e+01
    endloop
  endfacet
  facet normal 0.000000e+00 2.225209e-01 9.749279e-01
    outer loop
      vertex   5.309311e+01 -5.084219e+00 -1.828986e+01
      vertex   1.309311e+01 -3.237566e+00 -1.871135e+01
      vertex   1.309311e+01 -5.084219e+00 -1.828986e+01
    endloop
  endfacet
  facet normal 0.000000e+00 3.184867e-01 9.479273e-01
    outer loop
      vertex   5.309311e+01 -5.084219e+00 -1.828986e+01
      vertex   1.309311e+01 -5.084219e+00 -1.828986e+01
      vertex   5.309311e+01 -6.879730e+00 -1.768660e+01
    endloop
  endfacet
  facet normal -5.590556e-17 3.184867e-01 9.479273e-01
    outer loop
      vertex   5.309311e+01 -6.879730e+00 -1.768660e+01
      vertex   1.309311e+01 -5.084219e+00 -1.828986e+01
      vertex   1.309311e+01 -6.879730e+00 -1.768660e+01
    endloop
  endfacet
  facet normal -4.442835e-17 4.112871e-01 9.115059e-01
    outer loop
      vertex   5.309311e+01 -6.879730e+00 -1.768660e+01
      vertex   1.309311e+01 -6.879730e+00 -1.768660e+01
      vertex   5.309311e+01 -8.606253e+00 -1.690756e+01
    endloop
  endfacet
  facet normal 0.000000e+00 4.112871e-01 9.115059e-01
    outer loop
      vertex   5.309311e+01 -8.606253e+00 -1.690756e+01
      vertex   1.309311e+01 -6.879730e+00 -1.768660e+01
      vertex   1.309311e+01 -8.606253e+00 -1.690756e+01
    endloop
  endfacet
  facet normal 0.000000e+00 5.000000e-01 8.660254e-01
    outer loop
      vertex   5.309311e+01 -8.606253e+00 -1.690756e+01
      vertex   1.309311e+01 -8.606253e+00 -1.690756e+01
      vertex   5.309311e+01 -1.024663e+01 -1.596049e+01
    endloop
  endfacet
  facet normal 0.000000e+00 5.000000e-01 8.660254e-01
    outer loop
      vertex   5.309311e+01 -1.024663e+01 -1.596049e+01
      vertex   1.309311e+01 -8.606253e+00 -1.690756e+01
      vertex   1.309311e+01 -1.024663e+01 -1.596049e+01
    endloop
  endfacet
  facet normal 0.000000e+00 5.837437e-01 8.119380e-01
    outer loop
      vertex   5.309311e+01 -1.024663e+01 -1.596049e+01
      vertex   1.309311e+01 -1.024663e+01 -1.596049e+01
      vertex   5.309311e+01 -1.178456e+01 -1.485480e+01
    endloop
  endfacet
  facet normal 0.000000e+00 5.837437e-01 8.119380e-01
    outer loop
      vertex   5.309311e+01 -1.178456e+01 -1.485480e+01
      vertex   1.309311e+01 -1.024663e+01 -1.596049e+01
      vertex   1.309311e+01 -1.178456e+01 -1.485480e+01
    endloop
  endfacet
  facet normal 0.000000e+00 6.616858e-01 7.497812e-01
    outer loop
      vertex   5.309311e+01 -1.178456e+01 -1.485480e+01
      vertex   1.309311e+01 -1.178456e+01 -1.485480e+01
      vertex   5.309311e+01 -1.320475e+01 -1.360147e+01
    endloop
  endfacet
  facet normal 0.000000e+00 6.616858e-01 7.497812e-01
    outer loop
      vertex   5.309311e+01 -1.320475e+01 -1.360147e+01
      vertex   1.309311e+01 -1.178456e+01 -1.485480e+01
      vertex   1.309311e+01 -1.320475e+01 -1.360147e+01
    endloop
  endfacet
  facet normal 0.000000e+00 7.330519e-01 6.801727e-01
    outer loop
      vertex   5.309311e+01 -1.320475e+01 -1.360147e+01
      vertex   1.309311e+01 -1.320475e+01 -1.360147e+01
      vertex   5.309311e+01 -1.449309e+01 -1.221296e+01
    endloop
  endfacet
  facet normal -2.550913e-17 7.330519e-01 6.801727e-01
    outer loop
      vertex   5.309311e+01 -1.449309e+01 -1.221296e+01
      vertex   1.309311e+01 -1.320475e+01 -1.360147e+01
      vertex   1.309311e+01 -1.449309e+01 -1.221296e+01
    endloop
  endfacet
  facet normal -9.643318e-18 7.971325e-01 6.038044e-01
    outer loop
      vertex   5.309311e+01 -1.449309e+01 -1.221296e+01
      vertex   1.309311e+01 -1.449309e+01 -1.221296e+01
      vertex   5.309311e+01 -1.563679e+01 -1.070308e+01
    endloop
  endfacet
  facet normal 0.000000e+00 7.971325e-01 6.038044e-01
    outer loop
      vertex   5.309311e+01 -1.563679e+01 -1.070308e+01
      vertex   1.309311e+01 -1.449309e+01 -1.221296e+01
      vertex   1.309311e+01 -1.563679e+01 -1.070308e+01
    endloop
  endfacet
  facet normal 0.000000e+00 8.532909e-01 5.214352e-01
    outer loop
      vertex   5.309311e+01 -1.563679e+01 -1.070308e+01
      vertex   1.309311e+01 -1.563679e+01 -1.070308e+01
      vertex   5.309311e+01 -1.662446e+01 -9.086826e+00
    endloop
  endfacet
  facet normal -3.999442e-17 8.532909e-01 5.214352e-01
    outer loop
      vertex   5.309311e+01 -1.662446e+01 -9.086826e+00
      vertex   1.309311e+01 -1.563679e+01 -1.070308e+01
      vertex   1.309311e+01 -1.662446e+01 -9.086826e+00
    endloop
  endfacet
  facet normal -1.631943e-17 9.009689e-01 4.338837e-01
    outer loop
      vertex   5.309311e+01 -1.662446e+01 -9.086826e+00
      vertex   1.309311e+01 -1.662446e+01 -9.086826e+00
      vertex   5.309311e+01 -1.744630e+01 -7.380261e+00
    endloop
  endfacet
  facet normal 0.000000e+00 9.009689e-01 4.338837e-01
    outer loop
      vertex   5.309311e+01 -1.744630e+01 -7.380261e+00
      vertex   1.309311e+01 -1.662446e+01 -9.086826e+00
      vertex   1.309311e+01 -1.744630e+01 -7.380261e+00
    endloop
  endfacet
  facet normal 0.000000e+00 9.396926e-01 3.420201e-01
    outer loop
      vertex   5.309311e+01 -1.744630e+01 -7.380261e+00
      vertex   1.309311e+01 -1.744630e+01 -7.380261e+00
      vertex   5.309311e+01 -1.809413e+01 -5.600348e+00
    endloop
  endfacet
  facet normal 0.000000e+00 9.396926e-01 3.420201e-01
    outer loop
      vertex   5.309311e+01 -1.809413e+01 -5.600348e+00
      vertex   1.309311e+01 -1.744630e+01 -7.380261e+00
      vertex   1.309311e+01 -1.809413e+01 -5.600348e+00
    endloop
  endfacet
  facet normal 0.000000e+00 9.690773e-01 2.467574e-01
    outer loop
      vertex   5.309311e+01 -1.809413e+01 -5.600348e+00
      vertex   1.309311e+01 -1.809413e+01 -5.600348e+00
      vertex   5.309311e+01 -1.856153e+01 -3.764777e+00
    endloop
  endfacet
  facet normal 0.000000e+00 9.690773e-01 2.467574e-01
    outer loop
      vertex   5.309311e+01 -1.856153e+01 -3.764777e+00
      vertex   1.309311e+01 -1.809413e+01 -5.600348e+00
      vertex   1.309311e+01 -1.856153e+01 -3.764777e+00
    endloop
  endfacet
  facet normal 0.000000e+00 9.888308e-01 1.490423e-01
    outer loop
      vertex   5.309311e+01 -1.856153e+01 -3.764777e+00
      vertex   1.309311e+01 -1.856153e+01 -3.764777e+00
      vertex   5.309311e+01 -1.884384e+01 -1.891789e+00
    endloop
  endfacet
  facet normal 0.000000e+00 9.888308e-01 1.490423e-01
    outer loop
      vertex   5.309311e+01 -1.884384e+01 -1.891789e+00
      vertex   1.309311e+01 -1.856153e+01 -3.764777e+00
      vertex   1.309311e+01 -1.884384e+01 -1.891789e+00
    endloop
  endfacet
  facet normal 0.000000e+00 9.987569e-01 -4.984589e-02
    outer loop
      vertex   -6.690689e+01 -1.884384e+01 1.891789e+00
      vertex   -2.690689e+01 -1.884384e+01 1.891789e+00
      vertex   -6.690689e+01 -1.893825e+01 4.440892e-15
    endloop
  endfacet
  facet normal 2.899571e-18 9.987569e-01 -4.984589e-02
    outer loop
      vertex   -6.690689e+01 -1.893825e+01 4.440892e-15
      vertex   -2.690689e+01 -1.884384e+01 1.891789e+00
      vertex   -2.690689e+01 -1.893825e+01 6.767721e-15
    endloop
  endfacet
  facet normal -2.899571e-18 9.987569e-01 4.984589e-02
    outer loop
      vertex   -6.690689e+01 -1.893825e+01 4.440892e-15
      vertex   -2.690689e+01 -1.893825e+01 6.767721e-15
      vertex   -6.690689e+01 -1.884384e+01 -1.891789e+00
    endloop
  endfacet
  facet normal -1.079131e-17 9.987569e-01 4.984589e-02
    outer loop
      vertex   -6.690689e+01 -1.884384e+01 -1.891789e+00
      vertex   -2.690689e+01 -1.893825e+01 6.767721e-15
      vertex   -2.690689e+01 -1.884384e+01 -1.891789e+00
    endloop
  endfacet
  facet normal -3.226668e-17 9.888308e-01 1.490423e-01
    outer loop
      vertex   -6.690689e+01 -1.884384e+01 -1.891789e+00
      vertex   -2.690689e+01 -1.884384e+01 -1.891789e+00
      vertex   -6.690689e+01 -1.856153e+01 -3.764777e+00
    endloop
  endfacet
  facet normal -0.000000e+00 9.888308e-01 1.490423e-01
    outer loop
      vertex   -6.690689e+01 -1.856153e+01 -3.764777e+00
      vertex   -2.690689e+01 -1.884384e+01 -1.891789e+00
      vertex   -2.690689e+01 -1.856153e+01 -3.764777e+00
    endloop
  endfacet
  facet normal -0.000000e+00 9.690773e-01 2.467574e-01
    outer loop
      vertex   -6.690689e+01 -1.856153e+01 -3.764777e+00
      vertex   -2.690689e+01 -1.856153e+01 -3.764777e+00
      vertex   -6.690689e+01 -1.809413e+01 -5.600348e+00
    endloop
  endfacet
  facet normal 3.675932e-17 9.690773e-01 2.467574e-01
    outer loop
      vertex   -6.690689e+01 -1.809413e+01 -5.600348e+00
      vertex   -2.690689e+01 -1.856153e+01 -3.764777e+00
      vertex   -2.690689e+01 -1.809413e+01 -5.600348e+00
    endloop
  endfacet
  facet normal 1.511212e-17 9.396926e-01 3.420201e-01
    outer loop
      vertex   -6.690689e+01 -1.809413e+01 -5.600348e+00
      vertex   -2.690689e+01 -1.809413e+01 -5.600348e+00
      vertex   -6.690689e+01 -1.744630e+01 -7.380261e+00
    endloop
  endfacet
  facet normal -0.000000e+00 9.396926e-01 3.420201e-01
    outer loop
      vertex   -6.690689e+01 -1.744630e+01 -7.380261e+00
      vertex   -2.690689e+01 -1.809413e+01 -5.600348e+00
      vertex   -2.690689e+01 -1.744630e+01 -7.380261e+00
    endloop
  endfacet
  facet normal -0.000000e+00 9.009689e-01 4.338837e-01
    outer loop
      vertex   -6.690689e+01 -1.744630e+01 -7.380261e+00
      vertex   -2.690689e+01 -1.744630e+01 -7.380261e+00
      vertex   -6.690689e+01 -1.662446e+01 -9.086826e+00
    endloop
  endfacet
  facet normal -0.000000e+00 9.009689e-01 4.338837e-01
    outer loop
      vertex   -6.690689e+01 -1.662446e+01 -9.086826e+00
      vertex   -2.690689e+01 -1.744630e+01 -7.380261e+00
      vertex   -2.690689e+01 -1.662446e+01 -9.086826e+00
    endloop
  endfacet
  facet normal -0.000000e+00 8.532909e-01 5.214352e-01
    outer loop
      vertex   -6.690689e+01 -1.662446e+01 -9.086826e+00
      vertex   -2.690689e+01 -1.662446e+01 -9.086826e+00
      vertex   -6.690689e+01 -1.563679e+01 -1.070308e+01
    endloop
  endfacet
  facet normal 5.894941e-17 8.532909e-01 5.214352e-01
    outer loop
      vertex   -6.690689e+01 -1.563679e+01 -1.070308e+01
      vertex   -2.690689e+01 -1.662446e+01 -9.086826e+00
      vertex   -2.690689e+01 -1.563679e+01 -1.070308e+01
    endloop
  endfacet
  facet normal 3.434197e-17 7.971325e-01 6.038044e-01
    outer loop
      vertex   -6.690689e+01 -1.563679e+01 -1.070308e+01
      vertex   -2.690689e+01 -1.563679e+01 -1.070308e+01
      vertex   -6.690689e+01 -1.449309e+01 -1.221296e+01
    endloop
  endfacet
  facet normal -0.000000e+00 7.971325e-01 6.038044e-01
    outer loop
      vertex   -6.690689e+01 -1.449309e+01 -1.221296e+01
      vertex   -2.690689e+01 -1.563679e+01 -1.070308e+01
      vertex   -2.690689e+01 -1.449309e+01 -1.221296e+01
    endloop
  endfacet
  facet normal -0.000000e+00 7.330519e-01 6.801727e-01
    outer loop
      vertex   -6.690689e+01 -1.449309e+01 -1.221296e+01
      vertex   -2.690689e+01 -1.449309e+01 -1.221296e+01
      vertex   -6.690689e+01 -1.320475e+01 -1.360147e+01
    endloop
  endfacet
  facet normal 6.980470e-17 7.330519e-01 6.801727e-01
    outer loop
      vertex   -6.690689e+01 -1.320475e+01 -1.360147e+01
      vertex   -2.690689e+01 -1.449309e+01 -1.221296e+01
      vertex   -2.690689e+01 -1.320475e+01 -1.360147e+01
    endloop
  endfacet
  facet normal 5.094507e-17 6.616858e-01 7.497812e-01
    outer loop
      vertex   -6.690689e+01 -1.320475e+01 -1.360147e+01
      vertex   -2.690689e+01 -1.320475e+01 -1.360147e+01
      vertex   -6.690689e+01 -1.178456e+01 -1.485480e+01
    endloop
  endfacet
  facet normal -0.000000e+00 6.616858e-01 7.497812e-01
    outer loop
      vertex   -6.690689e+01 -1.178456e+01 -1.485480e+01
      vertex   -2.690689e+01 -1.320475e+01 -1.360147e+01
      vertex   -2.690689e+01 -1.178456e+01 -1.485480e+01
    endloop
  endfacet
  facet normal -0.000000e+00 5.837437e-01 8.119380e-01
    outer loop
      vertex   -6.690689e+01 -1.178456e+01 -1.485480e+01
      vertex   -2.690689e+01 -1.178456e+01 -1.485480e+01
      vertex   -6.690689e+01 -1.024663e+01 -1.596049e+01
    endloop
  endfacet
  facet normal -4.478166e-18 5.837437e-01 8.119380e-01
    outer loop
      vertex   -6.690689e+01 -1.024663e+01 -1.596049e+01
      vertex   -2.690689e+01 -1.178456e+01 -1.485480e+01
      vertex   -2.690689e+01 -1.024663e+01 -1.596049e+01
    endloop
  endfacet
  facet normal -2.655992e-17 5.000000e-01 8.660254e-01
    outer loop
      vertex   -6.690689e+01 -1.024663e+01 -1.596049e+01
      vertex   -2.690689e+01 -1.024663e+01 -1.596049e+01
      vertex   -6.690689e+01 -8.606253e+00 -1.690756e+01
    endloop
  endfacet
  facet normal -0.000000e+00 5.000000e-01 8.660254e-01
    outer loop
      vertex   -6.690689e+01 -8.606253e+00 -1.690756e+01
      vertex   -2.690689e+01 -1.024663e+01 -1.596049e+01
      vertex   -2.690689e+01 -8.606253e+00 -1.690756e+01
    endloop
  endfacet
  facet normal -0.000000e+00 4.112871e-01 9.115059e-01
    outer loop
      vertex   -6.690689e+01 -8.606253e+00 -1.690756e+01
      vertex   -2.690689e+01 -8.606253e+00 -1.690756e+01
      vertex   -6.690689e+01 -6.879730e+00 -1.768660e+01
    endloop
  endfacet
  facet normal 3.652963e-17 4.112871e-01 9.115059e-01
    outer loop
      vertex   -6.690689e+01 -6.879730e+00 -1.768660e+01
      vertex   -2.690689e+01 -8.606253e+00 -1.690756e+01
      vertex   -2.690689e+01 -6.879730e+00 -1.768660e+01
    endloop
  endfacet
  facet normal 2.828730e-17 3.184867e-01 9.479273e-01
    outer loop
      vertex   -6.690689e+01 -6.879730e+00 -1.768660e+01
      vertex   -2.690689e+01 -6.879730e+00 -1.768660e+01
      vertex   -6.690689e+01 -5.084219e+00 -1.828986e+01
    endloop
  endfacet
  facet normal 3.535912e-17 3.184867e-01 9.479273e-01
    outer loop
      vertex   -6.690689e+01 -5.084219e+00 -1.828986e+01
      vertex   -2.690689e+01 -6.879730e+00 -1.768660e+01
      vertex   -2.690689e+01 -5.084219e+00 -1.828986e+01
    endloop
  endfacet
  facet normal 2.470479e-17 2.225209e-01 9.749279e-01
    outer loop
      vertex   -6.690689e+01 -5.084219e+00 -1.828986e+01
      vertex   -2.690689e+01 -5.084219e+00 -1.828986e+01
      vertex   -6.690689e+01 -3.237566e+00 -1.871135e+01
    endloop
  endfacet
  facet normal -3.965190e-17 2.225209e-01 9.749279e-01
    outer loop
      vertex   -6.690689e+01 -3.237566e+00 -1.871135e+01
      vertex   -2.690689e+01 -5.084219e+00 -1.828986e+01
      vertex   -2.690689e+01 -3.237566e+00 -1.871135e+01
    endloop
  endfacet
  facet normal -6.189919e-17 1.243437e-01 9.922392e-01
    outer loop
      vertex   -6.690689e+01 -3.237566e+00 -1.871135e+01
      vertex   -2.690689e+01 -3.237566e+00 -1.871135e+01
      vertex   -6.690689e+01 -1.358122e+00 -1.894687e+01
    endloop
  endfacet
  facet normal -0.000000e+00 1.243437e-01 9.922392e-01
    outer loop
      vertex   -6.690689e+01 -1.358122e+00 -1.894687e+01
      vertex   -2.690689e+01 -3.237566e+00 -1.871135e+01
      vertex   -2.690689e+01 -1.358122e+00 -1.894687e+01
    endloop
  endfacet
  facet normal -0.000000e+00 2.493069e-02 9.996892e-01
    outer loop
      vertex   -6.690689e+01 -1.358122e+00 -1.894687e+01
      vertex   -2.690689e+01 -1.358122e+00 -1.894687e+01
      vertex   -6.690689e+01 5.354326e-01 -1.899409e+01
    endloop
  endfacet
  facet normal -0.000000e+00 2.493069e-02 9.996892e-01
    outer loop
      vertex   -6.690689e+01 5.354326e-01 -1.899409e+01
      vertex   -2.690689e+01 -1.358122e+00 -1.894687e+01
      vertex   -2.690689e+01 5.354326e-01 -1.899409e+01
    endloop
  endfacet
  facet normal 0.000000e+00 -7.473009e-02 9.972038e-01
    outer loop
      vertex   -6.690689e+01 5.354326e-01 -1.899409e+01
      vertex   -2.690689e+01 5.354326e-01 -1.899409e+01
      vertex   -6.690689e+01 2.424280e+00 -1.885254e+01
    endloop
  endfacet
  facet normal 0.000000e+00 -7.473009e-02 9.972038e-01
    outer loop
      vertex   -6.690689e+01 2.424280e+00 -1.885254e+01
      vertex   -2.690689e+01 5.354326e-01 -1.899409e+01
      vertex   -2.690689e+01 2.424280e+00 -1.885254e+01
    endloop
  endfacet
  facet normal 0.000000e+00 -1.736482e-01 9.848078e-01
    outer loop
      vertex   -6.690689e+01 2.424280e+00 -1.885254e+01
      vertex   -2.690689e+01 2.424280e+00 -1.885254e+01
      vertex   -6.690689e+01 4.289647e+00 -1.852363e+01
    endloop
  endfacet
  facet normal 0.000000e+00 -1.736482e-01 9.848078e-01
    outer loop
      vertex   -6.690689e+01 4.289647e+00 -1.852363e+01
      vertex   -2.690689e+01 2.424280e+00 -1.885254e+01
      vertex   -2.690689e+01 4.289647e+00 -1.852363e+01
    endloop
  endfacet
  facet normal 0.000000e+00 -2.708405e-01 9.626242e-01
    outer loop
      vertex   -6.690689e+01 4.289647e+00 -1.852363e+01
      vertex   -2.690689e+01 4.289647e+00 -1.852363e+01
      vertex   -6.690689e+01 6.112996e+00 -1.801062e+01
    endloop
  endfacet
  facet normal -3.006933e-17 -2.708405e-01 9.626242e-01
    outer loop
      vertex   -6.690689e+01 6.112996e+00 -1.801062e+01
      vertex   -2.690689e+01 4.289647e+00 -1.852363e+01
      vertex   -2.690689e+01 6.112996e+00 -1.801062e+01
    endloop
  endfacet
  facet normal -4.056100e-17 -3.653410e-01 9.308737e-01
    outer loop
      vertex   -6.690689e+01 6.112996e+00 -1.801062e+01
      vertex   -2.690689e+01 6.112996e+00 -1.801062e+01
      vertex   -6.690689e+01 7.876204e+00 -1.731861e+01
    endloop
  endfacet
  facet normal -3.244880e-17 -3.653410e-01 9.308737e-01
    outer loop
      vertex   -6.690689e+01 7.876204e+00 -1.731861e+01
      vertex   -2.690689e+01 6.112996e+00 -1.801062e+01
      vertex   -2.690689e+01 7.876204e+00 -1.731861e+01
    endloop
  endfacet
  facet normal -4.051965e-17 -4.562107e-01 8.898718e-01
    outer loop
      vertex   -6.690689e+01 7.876204e+00 -1.731861e+01
      vertex   -2.690689e+01 7.876204e+00 -1.731861e+01
      vertex   -6.690689e+01 9.561749e+00 -1.645448e+01
    endloop
  endfacet
  facet normal 5.677387e-17 -4.562107e-01 8.898718e-01
    outer loop
      vertex   -6.690689e+01 9.561749e+00 -1.645448e+01
      vertex   -2.690689e+01 7.876204e+00 -1.731861e+01
      vertex   -2.690689e+01 9.561749e+00 -1.645448e+01
    endloop
  endfacet
  facet normal 2.874911e-17 -5.425463e-01 8.400259e-01
    outer loop
      vertex   -6.690689e+01 9.561749e+00 -1.645448e+01
      vertex   -2.690689e+01 9.561749e+00 -1.645448e+01
      vertex   -6.690689e+01 1.115288e+01 -1.542682e+01
    endloop
  endfacet
  facet normal 8.782004e-17 -5.425463e-01 8.400259e-01
    outer loop
      vertex   -6.690689e+01 1.115288e+01 -1.542682e+01
      vertex   -2.690689e+01 9.561749e+00 -1.645448e+01
      vertex   -2.690689e+01 1.115288e+01 -1.542682e+01
    endloop
  endfacet
  facet normal 7.647237e-17 -6.234898e-01 7.818315e-01
    outer loop
      vertex   -6.690689e+01 1.115288e+01 -1.542682e+01
      vertex   -2.690689e+01 1.115288e+01 -1.542682e+01
      vertex   -6.690689e+01 1.263378e+01 -1.424584e+01
    endloop
  endfacet
  facet normal 0.000000e+00 -6.234898e-01 7.818315e-01
    outer loop
      vertex   -6.690689e+01 1.263378e+01 -1.424584e+01
      vertex   -2.690689e+01 1.115288e+01 -1.542682e+01
      vertex   -2.690689e+01 1.263378e+01 -1.424584e+01
    endloop
  endfacet
  facet normal 0.000000e+00 -6.982368e-01 7.158668e-01
    outer loop
      vertex   -6.690689e+01 1.263378e+01 -1.424584e+01
      vertex   -2.690689e+01 1.263378e+01 -1.424584e+01
      vertex   -6.690689e+01 1.398974e+01 -1.292328e+01
    endloop
  endfacet
  facet normal 6.436468e-17 -6.982368e-01 7.158668e-01
    outer loop
      vertex   -6.690689e+01 1.398974e+01 -1.292328e+01
      vertex   -2.690689e+01 1.263378e+01 -1.424584e+01
      vertex   -2.690689e+01 1.398974e+01 -1.292328e+01
    endloop
  endfacet
  facet normal 5.161731e-17 -7.660444e-01 6.427876e-01
    outer loop
      vertex   -6.690689e+01 1.398974e+01 -1.292328e+01
      vertex   -2.690689e+01 1.398974e+01 -1.292328e+01
      vertex   -6.690689e+01 1.520727e+01 -1.147228e+01
    endloop
  endfacet
  facet normal 0.000000e+00 -7.660444e-01 6.427876e-01
    outer loop
      vertex   -6.690689e+01 1.520727e+01 -1.147228e+01
      vertex   -2.690689e+01 1.398974e+01 -1.292328e+01
      vertex   -2.690689e+01 1.520727e+01 -1.147228e+01
    endloop
  endfacet
  facet normal 0.000000e+00 -8.262388e-01 5.633201e-01
    outer loop
      vertex   -6.690689e+01 1.520727e+01 -1.147228e+01
      vertex   -2.690689e+01 1.520727e+01 -1.147228e+01
      vertex   -6.690689e+01 1.627428e+01 -9.907269e+00
    endloop
  endfacet
  facet normal -4.836831e-17 -8.262388e-01 5.633201e-01
    outer loop
      vertex   -6.690689e+01 1.627428e+01 -9.907269e+00
      vertex   -2.690689e+01 1.520727e+01 -1.147228e+01
      vertex   -2.690689e+01 1.627428e+01 -9.907269e+00
    endloop
  endfacet
  facet normal -5.676300e-17 -8.782216e-01 4.782540e-01
    outer loop
      vertex   -6.690689e+01 1.627428e+01 -9.907269e+00
      vertex   -2.690689e+01 1.627428e+01 -9.907269e+00
      vertex   -6.690689e+01 1.718016e+01 -8.243791e+00
    endloop
  endfacet
  facet normal 0.000000e+00 -8.782216e-01 4.782540e-01
    outer loop
      vertex   -6.690689e+01 1.718016e+01 -8.243791e+00
      vertex   -2.690689e+01 1.627428e+01 -9.907269e+00
      vertex   -2.690689e+01 1.718016e+01 -8.243791e+00
    endloop
  endfacet
  facet normal 0.000000e+00 -9.214762e-01 3.884348e-01
    outer loop
      vertex   -6.690689e+01 1.718016e+01 -8.243791e+00
      vertex   -2.690689e+01 1.718016e+01 -8.243791e+00
      vertex   -6.690689e+01 1.791591e+01 -6.498383e+00
    endloop
  endfacet
  facet normal 2.587496e-17 -9.214762e-01 3.884348e-01
    outer loop
      vertex   -6.690689e+01 1.791591e+01 -6.498383e+00
      vertex   -2.690689e+01 1.718016e+01 -8.243791e+00
      vertex   -2.690689e+01 1.791591e+01 -6.498383e+00
    endloop
  endfacet
  facet normal 1.963464e-17 -9.555728e-01 2.947552e-01
    outer loop
      vertex   -6.690689e+01 1.791591e+01 -6.498383e+00
      vertex   -2.690689e+01 1.791591e+01 -6.498383e+00
      vertex   -6.690689e+01 1.847422e+01 -4.688391e+00
    endloop
  endfacet
  facet normal -7.178216e-17 -9.555728e-01 2.947552e-01
    outer loop
      vertex   -6.690689e+01 1.847422e+01 -4.688391e+00
      vertex   -2.690689e+01 1.791591e+01 -6.498383e+00
      vertex   -2.690689e+01 1.847422e+01 -4.688391e+00
    endloop
  endfacet
  facet normal -7.825735e-17 -9.801725e-01 1.981461e-01
    outer loop
      vertex   -6.690689e+01 1.847422e+01 -4.688391e+00
      vertex   -2.690689e+01 1.847422e+01 -4.688391e+00
      vertex   -6.690689e+01 1.884954e+01 -2.831803e+00
    endloop
  endfacet
  facet normal -7.605748e-17 -9.801725e-01 1.981461e-01
    outer loop
      vertex   -6.690689e+01 1.884954e+01 -2.831803e+00
      vertex   -2.690689e+01 1.847422e+01 -4.688391e+00
      vertex   -2.690689e+01 1.884954e+01 -2.831803e+00
    endloop
  endfacet
  facet normal -8.284936e-17 -9.950308e-01 9.956785e-02
    outer loop
      vertex   -6.690689e+01 1.884954e+01 -2.831803e+00
      vertex   -2.690689e+01 1.884954e+01 -2.831803e+00
      vertex   -6.690689e+01 1.903813e+01 -9.470718e-01
    endloop
  endfacet
  facet normal 7.185264e-18 -9.950308e-01 9.956785e-02
    outer loop
      vertex   -6.690689e+01 1.903813e+01 -9.470718e-01
      vertex   -2.690689e+01 1.884954e+01 -2.831803e+00
      vertex   -2.690689e+01 1.903813e+01 -9.470718e-01
    endloop
  endfacet
  facet normal 0.000000e+00 -1.000000e+00 0.000000e+00
    outer loop
      vertex   -6.690689e+01 1.903813e+01 -9.470718e-01
      vertex   -2.690689e+01 1.903813e+01 -9.470718e-01
      vertex   -6.690689e+01 1.903813e+01 9.470718e-01
    endloop
  endfacet
  facet normal 0.000000e+00 -1.000000e+00 0.000000e+00
    outer loop
      vertex   -6.690689e+01 1.903813e+01 9.470718e-01
      vertex   -2.690689e+01 1.903813e+01 -9.470718e-01
      vertex   -2.690689e+01 1.903813e+01 9.470718e-01
    endloop
  endfacet
  facet normal -6.632551e-18 -9.950308e-01 -9.956785e-02
    outer loop
      vertex   -6.690689e+01 1.903813e+01 9.470718e-01
      vertex   -2.690689e+01 1.903813e+01 9.470718e-01
      vertex   -6.690689e+01 1.884954e+01 2.831803e+00
    endloop
  endfacet
  facet normal -8.843401e-18 -9.950308e-01 -9.956785e-02
    outer loop
      vertex   -6.690689e+01 1.884954e+01 2.831803e+00
      vertex   -2.690689e+01 1.903813e+01 9.470718e-01
      vertex   -2.690689e+01 1.884954e+01 2.831803e+00
    endloop
  endfacet
  facet normal -1.759891e-17 -9.801725e-01 -1.981461e-01
    outer loop
      vertex   -6.690689e+01 1.884954e+01 2.831803e+00
      vertex   -2.690689e+01 1.884954e+01 2.831803e+00
      vertex   -6.690689e+01 1.847422e+01 4.688391e+00
    endloop
  endfacet
  facet normal -1.759891e-17 -9.801725e-01 -1.981461e-01
    outer loop
      vertex   -6.690689e+01 1.847422e+01 4.688391e+00
      vertex   -2.690689e+01 1.884954e+01 2.831803e+00
      vertex   -2.690689e+01 1.847422e+01 4.688391e+00
    endloop
  endfacet
  facet normal -2.617952e-17 -9.555728e-01 -2.947552e-01
    outer loop
      vertex   -6.690689e+01 1.847422e+01 4.688391e+00
      vertex   -2.690689e+01 1.847422e+01 4.688391e+00
      vertex   -6.690689e+01 1.791591e+01 6.498383e+00
    endloop
  endfacet
  facet normal 7.178216e-17 -9.555728e-01 -2.947552e-01
    outer loop
      vertex   -6.690689e+01 1.791591e+01 6.498383e+00
      vertex   -2.690689e+01 1.847422e+01 4.688391e+00
      vertex   -2.690689e+01 1.791591e+01 6.498383e+00
    endloop
  endfacet
  facet normal 6.459356e-17 -9.214762e-01 -3.884348e-01
    outer loop
      vertex   -6.690689e+01 1.791591e+01 6.498383e+00
      vertex   -2.690689e+01 1.791591e+01 6.498383e+00
      vertex   -6.690689e+01 1.718016e+01 8.243791e+00
    endloop
  endfacet
  facet normal 0.000000e+00 -9.214762e-01 -3.884348e-01
    outer loop
      vertex   -6.690689e+01 1.718016e+01 8.243791e+00
      vertex   -2.690689e+01 1.791591e+01 6.498383e+00
      vertex   -2.690689e+01 1.718016e+01 8.243791e+00
    endloop
  endfacet
  facet normal 0.000000e+00 -8.782216e-01 -4.782540e-01
    outer loop
      vertex   -6.690689e+01 1.718016e+01 8.243791e+00
      vertex   -2.690689e+01 1.718016e+01 8.243791e+00
      vertex   -6.690689e+01 1.627428e+01 9.907269e+00
    endloop
  endfacet
  facet normal -2.123874e-17 -8.782216e-01 -4.782540e-01
    outer loop
      vertex   -6.690689e+01 1.627428e+01 9.907269e+00
      vertex   -2.690689e+01 1.718016e+01 8.243791e+00
      vertex   -2.690689e+01 1.627428e+01 9.907269e+00
    endloop
  endfacet
  facet normal -2.501644e-17 -8.262388e-01 -5.633201e-01
    outer loop
      vertex   -6.690689e+01 1.627428e+01 9.907269e+00
      vertex   -2.690689e+01 1.627428e+01 9.907269e+00
      vertex   -6.690689e+01 1.520727e+01 1.147228e+01
    endloop
  endfacet
  facet normal 1.167594e-17 -8.262388e-01 -5.633201e-01
    outer loop
      vertex   -6.690689e+01 1.520727e+01 1.147228e+01
      vertex   -2.690689e+01 1.627428e+01 9.907269e+00
      vertex   -2.690689e+01 1.520727e+01 1.147228e+01
    endloop
  endfacet
  facet normal 5.473703e-18 -7.660444e-01 -6.427876e-01
    outer loop
      vertex   -6.690689e+01 1.520727e+01 1.147228e+01
      vertex   -2.690689e+01 1.520727e+01 1.147228e+01
      vertex   -6.690689e+01 1.398974e+01 1.292328e+01
    endloop
  endfacet
  facet normal 7.351212e-17 -7.660444e-01 -6.427876e-01
    outer loop
      vertex   -6.690689e+01 1.398974e+01 1.292328e+01
      vertex   -2.690689e+01 1.520727e+01 1.147228e+01
      vertex   -2.690689e+01 1.398974e+01 1.292328e+01
    endloop
  endfacet
  facet normal 6.123296e-17 -6.982368e-01 -7.158668e-01
    outer loop
      vertex   -6.690689e+01 1.398974e+01 1.292328e+01
      vertex   -2.690689e+01 1.398974e+01 1.292328e+01
      vertex   -6.690689e+01 1.263378e+01 1.424584e+01
    endloop
  endfacet
  facet normal 3.022501e-17 -6.982368e-01 -7.158668e-01
    outer loop
      vertex   -6.690689e+01 1.263378e+01 1.424584e+01
      vertex   -2.690689e+01 1.398974e+01 1.292328e+01
      vertex   -2.690689e+01 1.263378e+01 1.424584e+01
    endloop
  endfacet
  facet normal 2.065673e-17 -6.234898e-01 -7.818315e-01
    outer loop
      vertex   -6.690689e+01 1.263378e+01 1.424584e+01
      vertex   -2.690689e+01 1.263378e+01 1.424584e+01
      vertex   -6.690689e+01 1.115288e+01 1.542682e+01
    endloop
  endfacet
  facet normal 4.834524e-17 -6.234898e-01 -7.818315e-01
    outer loop
      vertex   -6.690689e+01 1.115288e+01 1.542682e+01
      vertex   -2.690689e+01 1.263378e+01 1.424584e+01
      vertex   -2.690689e+01 1.115288e+01 1.542682e+01
    endloop
  endfacet
  facet normal 3.497704e-17 -5.425463e-01 -8.400259e-01
    outer loop
      vertex   -6.690689e+01 1.115288e+01 1.542682e+01
      vertex   -2.690689e+01 1.115288e+01 1.542682e+01
      vertex   -6.690689e+01 9.561749e+00 1.645448e+01
    endloop
  endfacet
  facet normal 4.586018e-17 -5.425463e-01 -8.400259e-01
    outer loop
      vertex   -6.690689e+01 9.561749e+00 1.645448e+01
      vertex   -2.690689e+01 1.115288e+01 1.542682e+01
      vertex   -2.690689e+01 9.561749e+00 1.645448e+01
    endloop
  endfacet
  facet normal 2.226262e-17 -4.562107e-01 -8.898718e-01
    outer loop
      vertex   -6.690689e+01 9.561749e+00 1.645448e+01
      vertex   -2.690689e+01 9.561749e+00 1.645448e+01
      vertex   -6.690689e+01 7.876204e+00 1.731861e+01
    endloop
  endfacet
  facet normal 0.000000e+00 -4.562107e-01 -8.898718e-01
    outer loop
      vertex   -6.690689e+01 7.876204e+00 1.731861e+01
      vertex   -2.690689e+01 9.561749e+00 1.645448e+01
      vertex   -2.690689e+01 7.876204e+00 1.731861e+01
    endloop
  endfacet
  facet normal 0.000000e+00 -3.653410e-01 -9.308737e-01
    outer loop
      vertex   -6.690689e+01 7.876204e+00 1.731861e+01
      vertex   -2.690689e+01 7.876204e+00 1.731861e+01
      vertex   -6.690689e+01 6.112996e+00 1.801062e+01
    endloop
  endfacet
  facet normal 2.433660e-17 -3.653410e-01 -9.308737e-01
    outer loop
      vertex   -6.690689e+01 6.112996e+00 1.801062e+01
      vertex   -2.690689e+01 7.876204e+00 1.731861e+01
      vertex   -2.690689e+01 6.112996e+00 1.801062e+01
    endloop
  endfacet
  facet normal 1.804160e-17 -2.708405e-01 -9.626242e-01
    outer loop
      vertex   -6.690689e+01 6.112996e+00 1.801062e+01
      vertex   -2.690689e+01 6.112996e+00 1.801062e+01
      vertex   -6.690689e+01 4.289647e+00 1.852363e+01
    endloop
  endfacet
  facet normal 0.000000e+00 -2.708405e-01 -9.626242e-01
    outer loop
      vertex   -6.690689e+01 4.289647e+00 1.852363e+01
      vertex   -2.690689e+01 6.112996e+00 1.801062e+01
      vertex   -2.690689e+01 4.289647e+00 1.852363e+01
    endloop
  endfacet
  facet normal 0.000000e+00 -1.736482e-01 -9.848078e-01
    outer loop
      vertex   -6.690689e+01 4.289647e+00 1.852363e+01
      vertex   -2.690689e+01 4.289647e+00 1.852363e+01
      vertex   -6.690689e+01 2.424280e+00 1.885254e+01
    endloop
  endfacet
  facet normal 0.000000e+00 -1.736482e-01 -9.848078e-01
    outer loop
      vertex   -6.690689e+01 2.424280e+00 1.885254e+01
      vertex   -2.690689e+01 4.289647e+00 1.852363e+01
      vertex   -2.690689e+01 2.424280e+00 1.885254e+01
    endloop
  endfacet
  facet normal 0.000000e+00 -7.473009e-02 -9.972038e-01
    outer loop
      vertex   -6.690689e+01 2.424280e+00 1.885254e+01
      vertex   -2.690689e+01 2.424280e+00 1.885254e+01
      vertex   -6.690689e+01 5.354326e-01 1.899409e+01
    endloop
  endfacet
  facet normal 0.000000e+00 -7.473009e-02 -9.972038e-01
    outer loop
      vertex   -6.690689e+01 5.354326e-01 1.899409e+01
      vertex   -2.690689e+01 2.424280e+00 1.885254e+01
      vertex   -2.690689e+01 5.354326e-01 1.899409e+01
    endloop
  endfacet
  facet normal 0.000000e+00 2.493069e-02 -9.996892e-01
    outer loop
      vertex   -6.690689e+01 5.354326e-01 1.899409e+01
      vertex   -2.690689e+01 5.354326e-01 1.899409e+01
      vertex   -6.690689e+01 -1.358122e+00 1.894687e+01
    endloop
  endfacet
  facet normal 0.000000e+00 2.493069e-02 -9.996892e-01
    outer loop
      vertex   -6.690689e+01 -1.358122e+00 1.894687e+01
      vertex   -2.690689e+01 5.354326e-01 1.899409e+01
      vertex   -2.690689e+01 -1.358122e+00 1.894687e+01
    endloop
  endfacet
  facet normal 0.000000e+00 1.243437e-01 -9.922392e-01
    outer loop
      vertex   -6.690689e+01 -1.358122e+00 1.894687e+01
      vertex   -2.690689e+01 -1.358122e+00 1.894687e+01
      vertex   -6.690689e+01 -3.237566e+00 1.871135e+01
    endloop
  endfacet
  facet normal 6.189919e-17 1.243437e-01 -9.922392e-01
    outer loop
      vertex   -6.690689e+01 -3.237566e+00 1.871135e+01
      vertex   -2.690689e+01 -1.358122e+00 1.894687e+01
      vertex   -2.690689e+01 -3.237566e+00 1.871135e+01
    endloop
  endfacet
  facet normal 3.965190e-17 2.225209e-01 -9.749279e-01
    outer loop
      vertex   -6.690689e+01 -3.237566e+00 1.871135e+01
      vertex   -2.690689e+01 -3.237566e+00 1.871135e+01
      vertex   -6.690689e+01 -5.084219e+00 1.828986e+01
    endloop
  endfacet
  facet normal 0.000000e+00 2.225209e-01 -9.749279e-01
    outer loop
      vertex   -6.690689e+01 -5.084219e+00 1.828986e+01
      vertex   -2.690689e+01 -3.237566e+00 1.871135e+01
      vertex   -2.690689e+01 -5.084219e+00 1.828986e+01
    endloop
  endfacet
  facet normal 0.000000e+00 3.184867e-01 -9.479273e-01
    outer loop
      vertex   -6.690689e+01 -5.084219e+00 1.828986e+01
      vertex   -2.690689e+01 -5.084219e+00 1.828986e+01
      vertex   -6.690689e+01 -6.879730e+00 1.768660e+01
    endloop
  endfacet
  facet normal 5.590556e-17 3.184867e-01 -9.479273e-01
    outer loop
      vertex   -6.690689e+01 -6.879730e+00 1.768660e+01
      vertex   -2.690689e+01 -5.084219e+00 1.828986e+01
      vertex   -2.690689e+01 -6.879730e+00 1.768660e+01
    endloop
  endfacet
  facet normal 4.442835e-17 4.112871e-01 -9.115059e-01
    outer loop
      vertex   -6.690689e+01 -6.879730e+00 1.768660e+01
      vertex   -2.690689e+01 -6.879730e+00 1.768660e+01
      vertex   -6.690689e+01 -8.606253e+00 1.690756e+01
    endloop
  endfacet
  facet normal 0.000000e+00 4.112871e-01 -9.115059e-01
    outer loop
      vertex   -6.690689e+01 -8.606253e+00 1.690756e+01
      vertex   -2.690689e+01 -6.879730e+00 1.768660e+01
      vertex   -2.690689e+01 -8.606253e+00 1.690756e+01
    endloop
  endfacet
  facet normal 0.000000e+00 5.000000e-01 -8.660254e-01
    outer loop
      vertex   -6.690689e+01 -8.606253e+00 1.690756e+01
      vertex   -2.690689e+01 -8.606253e+00 1.690756e+01
      vertex   -6.690689e+01 -1.024663e+01 1.596049e+01
    endloop
  endfacet
  facet normal 0.000000e+00 5.000000e-01 -8.660254e-01
    outer loop
      vertex   -6.690689e+01 -1.024663e+01 1.596049e+01
      vertex   -2.690689e+01 -8.606253e+00 1.690756e+01
      vertex   -2.690689e+01 -1.024663e+01 1.596049e+01
    endloop
  endfacet
  facet normal 0.000000e+00 5.837437e-01 -8.119380e-01
    outer loop
      vertex   -6.690689e+01 -1.024663e+01 1.596049e+01
      vertex   -2.690689e+01 -1.024663e+01 1.596049e+01
      vertex   -6.690689e+01 -1.178456e+01 1.485480e+01
    endloop
  endfacet
  facet normal 0.000000e+00 5.837437e-01 -8.119380e-01
    outer loop
      vertex   -6.690689e+01 -1.178456e+01 1.485480e+01
      vertex   -2.690689e+01 -1.024663e+01 1.596049e+01
      vertex   -2.690689e+01 -1.178456e+01 1.485480e+01
    endloop
  endfacet
  facet normal 0.000000e+00 6.616858e-01 -7.497812e-01
    outer loop
      vertex   -6.690689e+01 -1.178456e+01 1.485480e+01
      vertex   -2.690689e+01 -1.178456e+01 1.485480e+01
      vertex   -6.690689e+01 -1.320475e+01 1.360147e+01
    endloop
  endfacet
  facet normal 0.000000e+00 6.616858e-01 -7.497812e-01
    outer loop
      vertex   -6.690689e+01 -1.320475e+01 1.360147e+01
      vertex   -2.690689e+01 -1.178456e+01 1.485480e+01
      vertex   -2.690689e+01 -1.320475e+01 1.360147e+01
    endloop
  endfacet
  facet normal 0.000000e+00 7.330519e-01 -6.801727e-01
    outer loop
      vertex   -6.690689e+01 -1.320475e+01 1.360147e+01
      vertex   -2.690689e+01 -1.320475e+01 1.360147e+01
      vertex   -6.690689e+01 -1.449309e+01 1.221296e+01
    endloop
  endfacet
  facet normal 0.000000e+00 7.330519e-01 -6.801727e-01
    outer loop
      vertex   -6.690689e+01 -1.449309e+01 1.221296e+01
      vertex   -2.690689e+01 -1.320475e+01 1.360147e+01
      vertex   -2.690689e+01 -1.449309e+01 1.221296e+01
    endloop
  endfacet
  facet normal 0.000000e+00 7.971325e-01 -6.038044e-01
    outer loop
      vertex   -6.690689e+01 -1.449309e+01 1.221296e+01
      vertex   -2.690689e+01 -1.449309e+01 1.221296e+01
      vertex   -6.690689e+01 -1.563679e+01 1.070308e+01
    endloop
  endfacet
  facet normal 0.000000e+00 7.971325e-01 -6.038044e-01
    outer loop
      vertex   -6.690689e+01 -1.563679e+01 1.070308e+01
      vertex   -2.690689e+01 -1.449309e+01 1.221296e+01
      vertex   -2.690689e+01 -1.563679e+01 1.070308e+01
    endloop
  endfacet
  facet normal 0.000000e+00 8.532909e-01 -5.214352e-01
    outer loop
      vertex   -6.690689e+01 -1.563679e+01 1.070308e+01
      vertex   -2.690689e+01 -1.563679e+01 1.070308e+01
      vertex   -6.690689e+01 -1.662446e+01 9.086826e+00
    endloop
  endfacet
  facet normal 0.000000e+00 8.532909e-01 -5.214352e-01
    outer loop
      vertex   -6.690689e+01 -1.662446e+01 9.086826e+00
      vertex   -2.690689e+01 -1.563679e+01 1.070308e+01
      vertex   -2.690689e+01 -1.662446e+01 9.086826e+00
    endloop
  endfacet
  facet normal 0.000000e+00 9.009689e-01 -4.338837e-01
    outer loop
      vertex   -6.690689e+01 -1.662446e+01 9.086826e+00
      vertex   -2.690689e+01 -1.662446e+01 9.086826e+00
      vertex   -6.690689e+01 -1.744630e+01 7.380261e+00
    endloop
  endfacet
  facet normal 0.000000e+00 9.009689e-01 -4.338837e-01
    outer loop
      vertex   -6.690689e+01 -1.744630e+01 7.380261e+00
      vertex   -2.690689e+01 -1.662446e+01 9.086826e+00
      vertex   -2.690689e+01 -1.744630e+01 7.380261e+00
    endloop
  endfacet
  facet normal 0.000000e+00 9.396926e-01 -3.420201e-01
    outer loop
      vertex   -6.690689e+01 -1.744630e+01 7.380261e+00
      vertex   -2.690689e+01 -1.744630e+01 7.380261e+00
      vertex   -6.690689e+01 -1.809413e+01 5.600348e+00
    endloop
  endfacet
  facet normal 0.000000e+00 9.396926e-01 -3.420201e-01
    outer loop
      vertex   -6.690689e+01 -1.809413e+01 5.600348e+00
      vertex   -2.690689e+01 -1.744630e+01 7.380261e+00
      vertex   -2.690689e+01 -1.809413e+01 5.600348e+00
    endloop
  endfacet
  facet normal 0.000000e+00 9.690773e-01 -2.467574e-01
    outer loop
      vertex   -6.690689e+01 -1.809413e+01 5.600348e+00
      vertex   -2.690689e+01 -1.809413e+01 5.600348e+00
      vertex   -6.690689e+01 -1.856153e+01 3.764777e+00
    endloop
  endfacet
  facet normal 0.000000e+00 9.690773e-01 -2.467574e-01
    outer loop
      vertex   -6.690689e+01 -1.856153e+01 3.764777e+00
      vertex   -2.690689e+01 -1.809413e+01 5.600348e+00
      vertex   -2.690689e+01 -1.856153e+01 3.764777e+00
    endloop
  endfacet
  facet normal 0.000000e+00 9.888308e-01 -1.490423e-01
    outer loop
      vertex   -6.690689e+01 -1.856153e+01 3.764777e+00
      vertex   -2.690689e+01 -1.856153e+01 3.764777e+00
      vertex   -6.690689e+01 -1.884384e+01 1.891789e+00
    endloop
  endfacet
  facet normal 0.000000e+00 9.888308e-01 -1.490423e-01
    outer loop
      vertex   -6.690689e+01 -1.884384e+01 1.891789e+00
      vertex   -2.690689e+01 -1.856153e+01 3.764777e+00
      vertex   -2.690689e+01 -1.884384e+01 1.891789e+00
    endloop
  endfacet
  facet normal 0.000000e+00 9.987569e-01 -4.984589e-02
    outer loop
      vertex   1.309311e+01 -1.893825e+01 6.767721e-15
      vertex   -2.690689e+01 -1.893825e+01 6.767721e-15
      vertex   1.309311e+01 -1.884384e+01 1.891789e+00
    endloop
  endfacet
  facet normal 1.079131e-17 9.987569e-01 -4.984589e-02
    outer loop
      vertex   1.309311e+01 -1.884384e+01 1.891789e+00
      vertex   -2.690689e+01 -1.893825e+01 6.767721e-15
      vertex   -2.690689e+01 -1.884384e+01 1.891789e+00
    endloop
  endfacet
  facet normal 3.226668e-17 9.888308e-01 -1.490423e-01
    outer loop
      vertex   1.309311e+01 -1.884384e+01 1.891789e+00
      vertex   -2.690689e+01 -1.884384e+01 1.891789e+00
      vertex   1.309311e+01 -1.856153e+01 3.764777e+00
    endloop
  endfacet
  facet normal 0.000000e+00 9.888308e-01 -1.490423e-01
    outer loop
      vertex   1.309311e+01 -1.856153e+01 3.764777e+00
      vertex   -2.690689e+01 -1.884384e+01 1.891789e+00
      vertex   -2.690689e+01 -1.856153e+01 3.764777e+00
    endloop
  endfacet
  facet normal 0.000000e+00 9.690773e-01 -2.467574e-01
    outer loop
      vertex   1.309311e+01 -1.856153e+01 3.764777e+00
      vertex   -2.690689e+01 -1.856153e+01 3.764777e+00
      vertex   1.309311e+01 -1.809413e+01 5.600348e+00
    endloop
  endfacet
  facet normal -3.675932e-17 9.690773e-01 -2.467574e-01
    outer loop
      vertex   1.309311e+01 -1.809413e+01 5.600348e+00
      vertex   -2.690689e+01 -1.856153e+01 3.764777e+00
      vertex   -2.690689e+01 -1.809413e+01 5.600348e+00
    endloop
  endfacet
  facet normal -1.511212e-17 9.396926e-01 -3.420201e-01
    outer loop
      vertex   1.309311e+01 -1.809413e+01 5.600348e+00
      vertex   -2.690689e+01 -1.809413e+01 5.600348e+00
      vertex   1.309311e+01 -1.744630e+01 7.380261e+00
    endloop
  endfacet
  facet normal 0.000000e+00 9.396926e-01 -3.420201e-01
    outer loop
      vertex   1.309311e+01 -1.744630e+01 7.380261e+00
      vertex   -2.690689e+01 -1.809413e+01 5.600348e+00
      vertex   -2.690689e+01 -1.744630e+01 7.380261e+00
    endloop
  endfacet
  facet normal 0.000000e+00 9.009689e-01 -4.338837e-01
    outer loop
      vertex   1.309311e+01 -1.744630e+01 7.380261e+00
      vertex   -2.690689e+01 -1.744630e+01 7.380261e+00
      vertex   1.309311e+01 -1.662446e+01 9.086826e+00
    endloop
  endfacet
  facet normal 1.631943e-17 9.009689e-01 -4.338837e-01
    outer loop
      vertex   1.309311e+01 -1.662446e+01 9.086826e+00
      vertex   -2.690689e+01 -1.744630e+01 7.380261e+00
      vertex   -2.690689e+01 -1.662446e+01 9.086826e+00
    endloop
  endfacet
  facet normal 3.999442e-17 8.532909e-01 -5.214352e-01
    outer loop
      vertex   1.309311e+01 -1.662446e+01 9.086826e+00
      vertex   -2.690689e+01 -1.662446e+01 9.086826e+00
      vertex   1.309311e+01 -1.563679e+01 1.070308e+01
    endloop
  endfacet
  facet normal -5.894941e-17 8.532909e-01 -5.214352e-01
    outer loop
      vertex   1.309311e+01 -1.563679e+01 1.070308e+01
      vertex   -2.690689e+01 -1.662446e+01 9.086826e+00
      vertex   -2.690689e+01 -1.563679e+01 1.070308e+01
    endloop
  endfacet
  facet normal -3.434197e-17 7.971325e-01 -6.038044e-01
    outer loop
      vertex   1.309311e+01 -1.563679e+01 1.070308e+01
      vertex   -2.690689e+01 -1.563679e+01 1.070308e+01
      vertex   1.309311e+01 -1.449309e+01 1.221296e+01
    endloop
  endfacet
  facet normal 3.645762e-17 7.971325e-01 -6.038044e-01
    outer loop
      vertex   1.309311e+01 -1.449309e+01 1.221296e+01
      vertex   -2.690689e+01 -1.563679e+01 1.070308e+01
      vertex   -2.690689e+01 -1.449309e+01 1.221296e+01
    endloop
  endfacet
  facet normal 5.571486e-17 7.330519e-01 -6.801727e-01
    outer loop
      vertex   1.309311e+01 -1.449309e+01 1.221296e+01
      vertex   -2.690689e+01 -1.449309e+01 1.221296e+01
      vertex   1.309311e+01 -1.320475e+01 1.360147e+01
    endloop
  endfacet
  facet normal -3.959896e-17 7.330519e-01 -6.801727e-01
    outer loop
      vertex   1.309311e+01 -1.320475e+01 1.360147e+01
      vertex   -2.690689e+01 -1.449309e+01 1.221296e+01
      vertex   -2.690689e+01 -1.320475e+01 1.360147e+01
    endloop
  endfacet
  facet normal -1.764809e-17 6.616858e-01 -7.497812e-01
    outer loop
      vertex   1.309311e+01 -1.320475e+01 1.360147e+01
      vertex   -2.690689e+01 -1.320475e+01 1.360147e+01
      vertex   1.309311e+01 -1.178456e+01 1.485480e+01
    endloop
  endfacet
  facet normal 0.000000e+00 6.616858e-01 -7.497812e-01
    outer loop
      vertex   1.309311e+01 -1.178456e+01 1.485480e+01
      vertex   -2.690689e+01 -1.320475e+01 1.360147e+01
      vertex   -2.690689e+01 -1.178456e+01 1.485480e+01
    endloop
  endfacet
  facet normal 0.000000e+00 5.837437e-01 -8.119380e-01
    outer loop
      vertex   1.309311e+01 -1.178456e+01 1.485480e+01
      vertex   -2.690689e+01 -1.178456e+01 1.485480e+01
      vertex   1.309311e+01 -1.024663e+01 1.596049e+01
    endloop
  endfacet
  facet normal -3.157912e-17 5.837437e-01 -8.119380e-01
    outer loop
      vertex   1.309311e+01 -1.024663e+01 1.596049e+01
      vertex   -2.690689e+01 -1.178456e+01 1.485480e+01
      vertex   -2.690689e+01 -1.024663e+01 1.596049e+01
    endloop
  endfacet
  facet normal -1.189933e-17 5.000000e-01 -8.660254e-01
    outer loop
      vertex   1.309311e+01 -1.024663e+01 1.596049e+01
      vertex   -2.690689e+01 -1.024663e+01 1.596049e+01
      vertex   1.309311e+01 -8.606253e+00 1.690756e+01
    endloop
  endfacet
  facet normal 0.000000e+00 5.000000e-01 -8.660254e-01
    outer loop
      vertex   1.309311e+01 -8.606253e+00 1.690756e+01
      vertex   -2.690689e+01 -1.024663e+01 1.596049e+01
      vertex   -2.690689e+01 -8.606253e+00 1.690756e+01
    endloop
  endfacet
  facet normal 0.000000e+00 4.112871e-01 -9.115059e-01
    outer loop
      vertex   1.309311e+01 -8.606253e+00 1.690756e+01
      vertex   -2.690689e+01 -8.606253e+00 1.690756e+01
      vertex   1.309311e+01 -6.879730e+00 1.768660e+01
    endloop
  endfacet
  facet normal -5.479445e-17 4.112871e-01 -9.115059e-01
    outer loop
      vertex   1.309311e+01 -6.879730e+00 1.768660e+01
      vertex   -2.690689e+01 -8.606253e+00 1.690756e+01
      vertex   -2.690689e+01 -6.879730e+00 1.768660e+01
    endloop
  endfacet
  facet normal -4.243095e-17 3.184867e-01 -9.479273e-01
    outer loop
      vertex   1.309311e+01 -6.879730e+00 1.768660e+01
      vertex   -2.690689e+01 -6.879730e+00 1.768660e+01
      vertex   1.309311e+01 -5.084219e+00 1.828986e+01
    endloop
  endfacet
  facet normal 4.883374e-17 3.184867e-01 -9.479273e-01
    outer loop
      vertex   1.309311e+01 -5.084219e+00 1.828986e+01
      vertex   -2.690689e+01 -6.879730e+00 1.768660e+01
      vertex   -2.690689e+01 -5.084219e+00 1.828986e+01
    endloop
  endfacet
  facet normal 6.188621e-17 2.225209e-01 -9.749279e-01
    outer loop
      vertex   1.309311e+01 -5.084219e+00 1.828986e+01
      vertex   -2.690689e+01 -5.084219e+00 1.828986e+01
      vertex   1.309311e+01 -3.237566e+00 1.871135e+01
    endloop
  endfacet
  facet normal -2.470479e-17 2.225209e-01 -9.749279e-01
    outer loop
      vertex   1.309311e+01 -3.237566e+00 1.871135e+01
      vertex   -2.690689e+01 -5.084219e+00 1.828986e+01
      vertex   -2.690689e+01 -3.237566e+00 1.871135e+01
    endloop
  endfacet
  facet normal -1.380492e-17 1.243437e-01 -9.922392e-01
    outer loop
      vertex   1.309311e+01 -3.237566e+00 1.871135e+01
      vertex   -2.690689e+01 -3.237566e+00 1.871135e+01
      vertex   1.309311e+01 -1.358122e+00 1.894687e+01
    endloop
  endfacet
  facet normal -1.242443e-17 1.243437e-01 -9.922392e-01
    outer loop
      vertex   1.309311e+01 -1.358122e+00 1.894687e+01
      vertex   -2.690689e+01 -3.237566e+00 1.871135e+01
      vertex   -2.690689e+01 -1.358122e+00 1.894687e+01
    endloop
  endfacet
  facet normal -2.491077e-18 2.493069e-02 -9.996892e-01
    outer loop
      vertex   1.309311e+01 -1.358122e+00 1.894687e+01
      vertex   -2.690689e+01 -1.358122e+00 1.894687e+01
      vertex   1.309311e+01 5.354326e-01 1.899409e+01
    endloop
  endfacet
  facet normal 0.000000e+00 2.493069e-02 -9.996892e-01
    outer loop
      vertex   1.309311e+01 5.354326e-01 1.899409e+01
      vertex   -2.690689e+01 -1.358122e+00 1.894687e+01
      vertex   -2.690689e+01 5.354326e-01 1.899409e+01
    endloop
  endfacet
  facet normal -0.000000e+00 -7.473009e-02 -9.972038e-01
    outer loop
      vertex   1.309311e+01 5.354326e-01 1.899409e+01
      vertex   -2.690689e+01 5.354326e-01 1.899409e+01
      vertex   1.309311e+01 2.424280e+00 1.885254e+01
    endloop
  endfacet
  facet normal -8.027278e-17 -7.473009e-02 -9.972038e-01
    outer loop
      vertex   1.309311e+01 2.424280e+00 1.885254e+01
      vertex   -2.690689e+01 5.354326e-01 1.899409e+01
      vertex   -2.690689e+01 2.424280e+00 1.885254e+01
    endloop
  endfacet
  facet normal -6.818968e-17 -1.736482e-01 -9.848078e-01
    outer loop
      vertex   1.309311e+01 2.424280e+00 1.885254e+01
      vertex   -2.690689e+01 2.424280e+00 1.885254e+01
      vertex   1.309311e+01 4.289647e+00 1.852363e+01
    endloop
  endfacet
  facet normal -0.000000e+00 -1.736482e-01 -9.848078e-01
    outer loop
      vertex   1.309311e+01 4.289647e+00 1.852363e+01
      vertex   -2.690689e+01 2.424280e+00 1.885254e+01
      vertex   -2.690689e+01 4.289647e+00 1.852363e+01
    endloop
  endfacet
  facet normal -0.000000e+00 -2.708405e-01 -9.626242e-01
    outer loop
      vertex   1.309311e+01 4.289647e+00 1.852363e+01
      vertex   -2.690689e+01 4.289647e+00 1.852363e+01
      vertex   1.309311e+01 6.112996e+00 1.801062e+01
    endloop
  endfacet
  facet normal -5.542888e-17 -2.708405e-01 -9.626242e-01
    outer loop
      vertex   1.309311e+01 6.112996e+00 1.801062e+01
      vertex   -2.690689e+01 4.289647e+00 1.852363e+01
      vertex   -2.690689e+01 6.112996e+00 1.801062e+01
    endloop
  endfacet
  facet normal -4.211720e-17 -3.653410e-01 -9.308737e-01
    outer loop
      vertex   1.309311e+01 6.112996e+00 1.801062e+01
      vertex   -2.690689e+01 6.112996e+00 1.801062e+01
      vertex   1.309311e+01 7.876204e+00 1.731861e+01
    endloop
  endfacet
  facet normal 3.244880e-17 -3.653410e-01 -9.308737e-01
    outer loop
      vertex   1.309311e+01 7.876204e+00 1.731861e+01
      vertex   -2.690689e+01 6.112996e+00 1.801062e+01
      vertex   -2.690689e+01 7.876204e+00 1.731861e+01
    endloop
  endfacet
  facet normal 4.051965e-17 -4.562107e-01 -8.898718e-01
    outer loop
      vertex   1.309311e+01 7.876204e+00 1.731861e+01
      vertex   -2.690689e+01 7.876204e+00 1.731861e+01
      vertex   1.309311e+01 9.561749e+00 1.645448e+01
    endloop
  endfacet
  facet normal -3.851685e-17 -4.562107e-01 -8.898718e-01
    outer loop
      vertex   1.309311e+01 9.561749e+00 1.645448e+01
      vertex   -2.690689e+01 7.876204e+00 1.731861e+01
      vertex   -2.690689e+01 9.561749e+00 1.645448e+01
    endloop
  endfacet
  facet normal -2.642150e-17 -5.425463e-01 -8.400259e-01
    outer loop
      vertex   1.309311e+01 9.561749e+00 1.645448e+01
      vertex   -2.690689e+01 9.561749e+00 1.645448e+01
      vertex   1.309311e+01 1.115288e+01 1.542682e+01
    endloop
  endfacet
  facet normal -3.730464e-17 -5.425463e-01 -8.400259e-01
    outer loop
      vertex   1.309311e+01 1.115288e+01 1.542682e+01
      vertex   -2.690689e+01 9.561749e+00 1.645448e+01
      vertex   -2.690689e+01 1.115288e+01 1.542682e+01
    endloop
  endfacet
  facet normal -3.472029e-17 -6.234898e-01 -7.818315e-01
    outer loop
      vertex   1.309311e+01 1.115288e+01 1.542682e+01
      vertex   -2.690689e+01 1.115288e+01 1.542682e+01
      vertex   1.309311e+01 1.263378e+01 1.424584e+01
    endloop
  endfacet
  facet normal -7.031783e-18 -6.234898e-01 -7.818315e-01
    outer loop
      vertex   1.309311e+01 1.263378e+01 1.424584e+01
      vertex   -2.690689e+01 1.115288e+01 1.542682e+01
      vertex   -2.690689e+01 1.263378e+01 1.424584e+01
    endloop
  endfacet
  facet normal -7.829307e-19 -6.982368e-01 -7.158668e-01
    outer loop
      vertex   1.309311e+01 1.263378e+01 1.424584e+01
      vertex   -2.690689e+01 1.263378e+01 1.424584e+01
      vertex   1.309311e+01 1.398974e+01 1.292328e+01
    endloop
  endfacet
  facet normal -3.179087e-17 -6.982368e-01 -7.158668e-01
    outer loop
      vertex   1.309311e+01 1.398974e+01 1.292328e+01
      vertex   -2.690689e+01 1.263378e+01 1.424584e+01
      vertex   -2.690689e+01 1.398974e+01 1.292328e+01
    endloop
  endfacet
  facet normal -2.854550e-17 -7.660444e-01 -6.427876e-01
    outer loop
      vertex   1.309311e+01 1.398974e+01 1.292328e+01
      vertex   -2.690689e+01 1.398974e+01 1.292328e+01
      vertex   1.309311e+01 1.520727e+01 1.147228e+01
    endloop
  endfacet
  facet normal 1.094741e-17 -7.660444e-01 -6.427876e-01
    outer loop
      vertex   1.309311e+01 1.520727e+01 1.147228e+01
      vertex   -2.690689e+01 1.398974e+01 1.292328e+01
      vertex   -2.690689e+01 1.520727e+01 1.147228e+01
    endloop
  endfacet
  facet normal 2.335187e-17 -8.262388e-01 -5.633201e-01
    outer loop
      vertex   1.309311e+01 1.520727e+01 1.147228e+01
      vertex   -2.690689e+01 1.520727e+01 1.147228e+01
      vertex   1.309311e+01 1.627428e+01 9.907269e+00
    endloop
  endfacet
  facet normal -2.501644e-17 -8.262388e-01 -5.633201e-01
    outer loop
      vertex   1.309311e+01 1.627428e+01 9.907269e+00
      vertex   -2.690689e+01 1.520727e+01 1.147228e+01
      vertex   -2.690689e+01 1.627428e+01 9.907269e+00
    endloop
  endfacet
  facet normal -2.123874e-17 -8.782216e-01 -4.782540e-01
    outer loop
      vertex   1.309311e+01 1.627428e+01 9.907269e+00
      vertex   -2.690689e+01 1.627428e+01 9.907269e+00
      vertex   1.309311e+01 1.718016e+01 8.243791e+00
    endloop
  endfacet
  facet normal -0.000000e+00 -8.782216e-01 -4.782540e-01
    outer loop
      vertex   1.309311e+01 1.718016e+01 8.243791e+00
      vertex   -2.690689e+01 1.627428e+01 9.907269e+00
      vertex   -2.690689e+01 1.718016e+01 8.243791e+00
    endloop
  endfacet
  facet normal -0.000000e+00 -9.214762e-01 -3.884348e-01
    outer loop
      vertex   1.309311e+01 1.718016e+01 8.243791e+00
      vertex   -2.690689e+01 1.718016e+01 8.243791e+00
      vertex   1.309311e+01 1.791591e+01 6.498383e+00
    endloop
  endfacet
  facet normal 3.871860e-17 -9.214762e-01 -3.884348e-01
    outer loop
      vertex   1.309311e+01 1.791591e+01 6.498383e+00
      vertex   -2.690689e+01 1.718016e+01 8.243791e+00
      vertex   -2.690689e+01 1.791591e+01 6.498383e+00
    endloop
  endfacet
  facet normal 5.214752e-17 -9.555728e-01 -2.947552e-01
    outer loop
      vertex   1.309311e+01 1.791591e+01 6.498383e+00
      vertex   -2.690689e+01 1.791591e+01 6.498383e+00
      vertex   1.309311e+01 1.847422e+01 4.688391e+00
    endloop
  endfacet
  facet normal -1.963464e-17 -9.555728e-01 -2.947552e-01
    outer loop
      vertex   1.309311e+01 1.847422e+01 4.688391e+00
      vertex   -2.690689e+01 1.791591e+01 6.498383e+00
      vertex   -2.690689e+01 1.847422e+01 4.688391e+00
    endloop
  endfacet
  facet normal -1.319918e-17 -9.801725e-01 -1.981461e-01
    outer loop
      vertex   1.309311e+01 1.847422e+01 4.688391e+00
      vertex   -2.690689e+01 1.847422e+01 4.688391e+00
      vertex   1.309311e+01 1.884954e+01 2.831803e+00
    endloop
  endfacet
  facet normal -1.319918e-17 -9.801725e-01 -1.981461e-01
    outer loop
      vertex   1.309311e+01 1.884954e+01 2.831803e+00
      vertex   -2.690689e+01 1.847422e+01 4.688391e+00
      vertex   -2.690689e+01 1.884954e+01 2.831803e+00
    endloop
  endfacet
  facet normal -6.632551e-18 -9.950308e-01 -9.956785e-02
    outer loop
      vertex   1.309311e+01 1.884954e+01 2.831803e+00
      vertex   -2.690689e+01 1.884954e+01 2.831803e+00
      vertex   1.309311e+01 1.903813e+01 9.470718e-01
    endloop
  endfacet
  facet normal -7.185264e-18 -9.950308e-01 -9.956785e-02
    outer loop
      vertex   1.309311e+01 1.903813e+01 9.470718e-01
      vertex   -2.690689e+01 1.884954e+01 2.831803e+00
      vertex   -2.690689e+01 1.903813e+01 9.470718e-01
    endloop
  endfacet
  facet normal -0.000000e+00 -1.000000e+00 -0.000000e+00
    outer loop
      vertex   1.309311e+01 1.903813e+01 9.470718e-01
      vertex   -2.690689e+01 1.903813e+01 9.470718e-01
      vertex   1.309311e+01 1.903813e+01 -9.470718e-01
    endloop
  endfacet
  facet normal 0.000000e+00 -1.000000e+00 0.000000e+00
    outer loop
      vertex   1.309311e+01 1.903813e+01 -9.470718e-01
      vertex   -2.690689e+01 1.903813e+01 9.470718e-01
      vertex   -2.690689e+01 1.903813e+01 -9.470718e-01
    endloop
  endfacet
  facet normal 7.185264e-18 -9.950308e-01 9.956785e-02
    outer loop
      vertex   1.309311e+01 1.903813e+01 -9.470718e-01
      vertex   -2.690689e+01 1.903813e+01 -9.470718e-01
      vertex   1.309311e+01 1.884954e+01 -2.831803e+00
    endloop
  endfacet
  facet normal 7.737976e-18 -9.950308e-01 9.956785e-02
    outer loop
      vertex   1.309311e+01 1.884954e+01 -2.831803e+00
      vertex   -2.690689e+01 1.903813e+01 -9.470718e-01
      vertex   -2.690689e+01 1.884954e+01 -2.831803e+00
    endloop
  endfacet
  facet normal 1.539905e-17 -9.801725e-01 1.981461e-01
    outer loop
      vertex   1.309311e+01 1.884954e+01 -2.831803e+00
      vertex   -2.690689e+01 1.884954e+01 -2.831803e+00
      vertex   1.309311e+01 1.847422e+01 -4.688391e+00
    endloop
  endfacet
  facet normal 1.759891e-17 -9.801725e-01 1.981461e-01
    outer loop
      vertex   1.309311e+01 1.847422e+01 -4.688391e+00
      vertex   -2.690689e+01 1.884954e+01 -2.831803e+00
      vertex   -2.690689e+01 1.847422e+01 -4.688391e+00
    endloop
  endfacet
  facet normal 2.617952e-17 -9.555728e-01 2.947552e-01
    outer loop
      vertex   1.309311e+01 1.847422e+01 -4.688391e+00
      vertex   -2.690689e+01 1.847422e+01 -4.688391e+00
      vertex   1.309311e+01 1.791591e+01 -6.498383e+00
    endloop
  endfacet
  facet normal -5.214752e-17 -9.555728e-01 2.947552e-01
    outer loop
      vertex   1.309311e+01 1.791591e+01 -6.498383e+00
      vertex   -2.690689e+01 1.847422e+01 -4.688391e+00
      vertex   -2.690689e+01 1.791591e+01 -6.498383e+00
    endloop
  endfacet
  facet normal -3.871860e-17 -9.214762e-01 3.884348e-01
    outer loop
      vertex   1.309311e+01 1.791591e+01 -6.498383e+00
      vertex   -2.690689e+01 1.791591e+01 -6.498383e+00
      vertex   1.309311e+01 1.718016e+01 -8.243791e+00
    endloop
  endfacet
  facet normal 0.000000e+00 -9.214762e-01 3.884348e-01
    outer loop
      vertex   1.309311e+01 1.718016e+01 -8.243791e+00
      vertex   -2.690689e+01 1.791591e+01 -6.498383e+00
      vertex   -2.690689e+01 1.718016e+01 -8.243791e+00
    endloop
  endfacet
  facet normal 0.000000e+00 -8.782216e-01 4.782540e-01
    outer loop
      vertex   1.309311e+01 1.718016e+01 -8.243791e+00
      vertex   -2.690689e+01 1.718016e+01 -8.243791e+00
      vertex   1.309311e+01 1.627428e+01 -9.907269e+00
    endloop
  endfacet
  facet normal 2.123874e-17 -8.782216e-01 4.782540e-01
    outer loop
      vertex   1.309311e+01 1.627428e+01 -9.907269e+00
      vertex   -2.690689e+01 1.718016e+01 -8.243791e+00
      vertex   -2.690689e+01 1.627428e+01 -9.907269e+00
    endloop
  endfacet
  facet normal 2.501644e-17 -8.262388e-01 5.633201e-01
    outer loop
      vertex   1.309311e+01 1.627428e+01 -9.907269e+00
      vertex   -2.690689e+01 1.627428e+01 -9.907269e+00
      vertex   1.309311e+01 1.520727e+01 -1.147228e+01
    endloop
  endfacet
  facet normal -3.502781e-17 -8.262388e-01 5.633201e-01
    outer loop
      vertex   1.309311e+01 1.520727e+01 -1.147228e+01
      vertex   -2.690689e+01 1.627428e+01 -9.907269e+00
      vertex   -2.690689e+01 1.520727e+01 -1.147228e+01
    endloop
  endfacet
  facet normal -1.642111e-17 -7.660444e-01 6.427876e-01
    outer loop
      vertex   1.309311e+01 1.520727e+01 -1.147228e+01
      vertex   -2.690689e+01 1.520727e+01 -1.147228e+01
      vertex   1.309311e+01 1.398974e+01 -1.292328e+01
    endloop
  endfacet
  facet normal -6.803841e-17 -7.660444e-01 6.427876e-01
    outer loop
      vertex   1.309311e+01 1.398974e+01 -1.292328e+01
      vertex   -2.690689e+01 1.520727e+01 -1.147228e+01
      vertex   -2.690689e+01 1.398974e+01 -1.292328e+01
    endloop
  endfacet
  facet normal -6.201589e-17 -6.982368e-01 7.158668e-01
    outer loop
      vertex   1.309311e+01 1.398974e+01 -1.292328e+01
      vertex   -2.690689e+01 1.398974e+01 -1.292328e+01
      vertex   1.309311e+01 1.263378e+01 -1.424584e+01
    endloop
  endfacet
  facet normal 3.335674e-17 -6.982368e-01 7.158668e-01
    outer loop
      vertex   1.309311e+01 1.263378e+01 -1.424584e+01
      vertex   -2.690689e+01 1.398974e+01 -1.292328e+01
      vertex   -2.690689e+01 1.263378e+01 -1.424584e+01
    endloop
  endfacet
  facet normal 4.878386e-17 -6.234898e-01 7.818315e-01
    outer loop
      vertex   1.309311e+01 1.263378e+01 -1.424584e+01
      vertex   -2.690689e+01 1.263378e+01 -1.424584e+01
      vertex   1.309311e+01 1.115288e+01 -1.542682e+01
    endloop
  endfacet
  facet normal -5.537702e-17 -6.234898e-01 7.818315e-01
    outer loop
      vertex   1.309311e+01 1.115288e+01 -1.542682e+01
      vertex   -2.690689e+01 1.263378e+01 -1.424584e+01
      vertex   -2.690689e+01 1.115288e+01 -1.542682e+01
    endloop
  endfacet
  facet normal -4.818779e-17 -5.425463e-01 8.400259e-01
    outer loop
      vertex   1.309311e+01 1.115288e+01 -1.542682e+01
      vertex   -2.690689e+01 1.115288e+01 -1.542682e+01
      vertex   1.309311e+01 9.561749e+00 -1.645448e+01
    endloop
  endfacet
  facet normal -7.228168e-17 -5.425463e-01 8.400259e-01
    outer loop
      vertex   1.309311e+01 9.561749e+00 -1.645448e+01
      vertex   -2.690689e+01 1.115288e+01 -1.542682e+01
      vertex   -2.690689e+01 9.561749e+00 -1.645448e+01
    endloop
  endfacet
  facet normal -6.077947e-17 -4.562107e-01 8.898718e-01
    outer loop
      vertex   1.309311e+01 9.561749e+00 -1.645448e+01
      vertex   -2.690689e+01 9.561749e+00 -1.645448e+01
      vertex   1.309311e+01 7.876204e+00 -1.731861e+01
    endloop
  endfacet
  facet normal 0.000000e+00 -4.562107e-01 8.898718e-01
    outer loop
      vertex   1.309311e+01 7.876204e+00 -1.731861e+01
      vertex   -2.690689e+01 9.561749e+00 -1.645448e+01
      vertex   -2.690689e+01 7.876204e+00 -1.731861e+01
    endloop
  endfacet
  facet normal 0.000000e+00 -3.653410e-01 9.308737e-01
    outer loop
      vertex   1.309311e+01 7.876204e+00 -1.731861e+01
      vertex   -2.690689e+01 7.876204e+00 -1.731861e+01
      vertex   1.309311e+01 6.112996e+00 -1.801062e+01
    endloop
  endfacet
  facet normal 4.211720e-17 -3.653410e-01 9.308737e-01
    outer loop
      vertex   1.309311e+01 6.112996e+00 -1.801062e+01
      vertex   -2.690689e+01 7.876204e+00 -1.731861e+01
      vertex   -2.690689e+01 6.112996e+00 -1.801062e+01
    endloop
  endfacet
  facet normal 5.542888e-17 -2.708405e-01 9.626242e-01
    outer loop
      vertex   1.309311e+01 6.112996e+00 -1.801062e+01
      vertex   -2.690689e+01 6.112996e+00 -1.801062e+01
      vertex   1.309311e+01 4.289647e+00 -1.852363e+01
    endloop
  endfacet
  facet normal 0.000000e+00 -2.708405e-01 9.626242e-01
    outer loop
      vertex   1.309311e+01 4.289647e+00 -1.852363e+01
      vertex   -2.690689e+01 6.112996e+00 -1.801062e+01
      vertex   -2.690689e+01 4.289647e+00 -1.852363e+01
    endloop
  endfacet
  facet normal 0.000000e+00 -1.736482e-01 9.848078e-01
    outer loop
      vertex   1.309311e+01 4.289647e+00 -1.852363e+01
      vertex   -2.690689e+01 4.289647e+00 -1.852363e+01
      vertex   1.309311e+01 2.424280e+00 -1.885254e+01
    endloop
  endfacet
  facet normal -1.735094e-17 -1.736482e-01 9.848078e-01
    outer loop
      vertex   1.309311e+01 2.424280e+00 -1.885254e+01
      vertex   -2.690689e+01 4.289647e+00 -1.852363e+01
      vertex   -2.690689e+01 2.424280e+00 -1.885254e+01
    endloop
  endfacet
  facet normal -7.467036e-18 -7.473009e-02 9.972038e-01
    outer loop
      vertex   1.309311e+01 2.424280e+00 -1.885254e+01
      vertex   -2.690689e+01 2.424280e+00 -1.885254e+01
      vertex   1.309311e+01 5.354326e-01 -1.899409e+01
    endloop
  endfacet
  facet normal 0.000000e+00 -7.473009e-02 9.972038e-01
    outer loop
      vertex   1.309311e+01 5.354326e-01 -1.899409e+01
      vertex   -2.690689e+01 2.424280e+00 -1.885254e+01
      vertex   -2.690689e+01 5.354326e-01 -1.899409e+01
    endloop
  endfacet
  facet normal 0.000000e+00 2.493069e-02 9.996892e-01
    outer loop
      vertex   1.309311e+01 5.354326e-01 -1.899409e+01
      vertex   -2.690689e+01 5.354326e-01 -1.899409e+01
      vertex   1.309311e+01 -1.358122e+00 -1.894687e+01
    endloop
  endfacet
  facet normal 2.629470e-18 2.493069e-02 9.996892e-01
    outer loop
      vertex   1.309311e+01 -1.358122e+00 -1.894687e+01
      vertex   -2.690689e+01 5.354326e-01 -1.899409e+01
      vertex   -2.690689e+01 -1.358122e+00 -1.894687e+01
    endloop
  endfacet
  facet normal 1.311468e-17 1.243437e-01 9.922392e-01
    outer loop
      vertex   1.309311e+01 -1.358122e+00 -1.894687e+01
      vertex   -2.690689e+01 -1.358122e+00 -1.894687e+01
      vertex   1.309311e+01 -3.237566e+00 -1.871135e+01
    endloop
  endfacet
  facet normal 1.380492e-17 1.243437e-01 9.922392e-01
    outer loop
      vertex   1.309311e+01 -3.237566e+00 -1.871135e+01
      vertex   -2.690689e+01 -1.358122e+00 -1.894687e+01
      vertex   -2.690689e+01 -3.237566e+00 -1.871135e+01
    endloop
  endfacet
  facet normal 2.470479e-17 2.225209e-01 9.749279e-01
    outer loop
      vertex   1.309311e+01 -3.237566e+00 -1.871135e+01
      vertex   -2.690689e+01 -3.237566e+00 -1.871135e+01
      vertex   1.309311e+01 -5.084219e+00 -1.828986e+01
    endloop
  endfacet
  facet normal 0.000000e+00 2.225209e-01 9.749279e-01
    outer loop
      vertex   1.309311e+01 -5.084219e+00 -1.828986e+01
      vertex   -2.690689e+01 -3.237566e+00 -1.871135e+01
      vertex   -2.690689e+01 -5.084219e+00 -1.828986e+01
    endloop
  endfacet
  facet normal 0.000000e+00 3.184867e-01 9.479273e-01
    outer loop
      vertex   1.309311e+01 -5.084219e+00 -1.828986e+01
      vertex   -2.690689e+01 -5.084219e+00 -1.828986e+01
      vertex   1.309311e+01 -6.879730e+00 -1.768660e+01
    endloop
  endfacet
  facet normal -4.176192e-17 3.184867e-01 9.479273e-01
    outer loop
      vertex   1.309311e+01 -6.879730e+00 -1.768660e+01
      vertex   -2.690689e+01 -5.084219e+00 -1.828986e+01
      vertex   -2.690689e+01 -6.879730e+00 -1.768660e+01
    endloop
  endfacet
  facet normal -2.616353e-17 4.112871e-01 9.115059e-01
    outer loop
      vertex   1.309311e+01 -6.879730e+00 -1.768660e+01
      vertex   -2.690689e+01 -6.879730e+00 -1.768660e+01
      vertex   1.309311e+01 -8.606253e+00 -1.690756e+01
    endloop
  endfacet
  facet normal 0.000000e+00 4.112871e-01 9.115059e-01
    outer loop
      vertex   1.309311e+01 -8.606253e+00 -1.690756e+01
      vertex   -2.690689e+01 -6.879730e+00 -1.768660e+01
      vertex   -2.690689e+01 -8.606253e+00 -1.690756e+01
    endloop
  endfacet
  facet normal 0.000000e+00 5.000000e-01 8.660254e-01
    outer loop
      vertex   1.309311e+01 -8.606253e+00 -1.690756e+01
      vertex   -2.690689e+01 -8.606253e+00 -1.690756e+01
      vertex   1.309311e+01 -1.024663e+01 -1.596049e+01
    endloop
  endfacet
  facet normal 0.000000e+00 5.000000e-01 8.660254e-01
    outer loop
      vertex   1.309311e+01 -1.024663e+01 -1.596049e+01
      vertex   -2.690689e+01 -8.606253e+00 -1.690756e+01
      vertex   -2.690689e+01 -1.024663e+01 -1.596049e+01
    endloop
  endfacet
  facet normal 0.000000e+00 5.837437e-01 8.119380e-01
    outer loop
      vertex   1.309311e+01 -1.024663e+01 -1.596049e+01
      vertex   -2.690689e+01 -1.024663e+01 -1.596049e+01
      vertex   1.309311e+01 -1.178456e+01 -1.485480e+01
    endloop
  endfacet
  facet normal 0.000000e+00 5.837437e-01 8.119380e-01
    outer loop
      vertex   1.309311e+01 -1.178456e+01 -1.485480e+01
      vertex   -2.690689e+01 -1.024663e+01 -1.596049e+01
      vertex   -2.690689e+01 -1.178456e+01 -1.485480e+01
    endloop
  endfacet
  facet normal 0.000000e+00 6.616858e-01 7.497812e-01
    outer loop
      vertex   1.309311e+01 -1.178456e+01 -1.485480e+01
      vertex   -2.690689e+01 -1.178456e+01 -1.485480e+01
      vertex   1.309311e+01 -1.320475e+01 -1.360147e+01
    endloop
  endfacet
  facet normal 0.000000e+00 6.616858e-01 7.497812e-01
    outer loop
      vertex   1.309311e+01 -1.320475e+01 -1.360147e+01
      vertex   -2.690689e+01 -1.178456e+01 -1.485480e+01
      vertex   -2.690689e+01 -1.320475e+01 -1.360147e+01
    endloop
  endfacet
  facet normal 0.000000e+00 7.330519e-01 6.801727e-01
    outer loop
      vertex   1.309311e+01 -1.320475e+01 -1.360147e+01
      vertex   -2.690689e+01 -1.320475e+01 -1.360147e+01
      vertex   1.309311e+01 -1.449309e+01 -1.221296e+01
    endloop
  endfacet
  facet normal 9.393221e-18 7.330519e-01 6.801727e-01
    outer loop
      vertex   1.309311e+01 -1.449309e+01 -1.221296e+01
      vertex   -2.690689e+01 -1.320475e+01 -1.360147e+01
      vertex   -2.690689e+01 -1.449309e+01 -1.221296e+01
    endloop
  endfacet
  facet normal 3.434197e-17 7.971325e-01 6.038044e-01
    outer loop
      vertex   1.309311e+01 -1.449309e+01 -1.221296e+01
      vertex   -2.690689e+01 -1.449309e+01 -1.221296e+01
      vertex   1.309311e+01 -1.563679e+01 -1.070308e+01
    endloop
  endfacet
  facet normal 0.000000e+00 7.971325e-01 6.038044e-01
    outer loop
      vertex   1.309311e+01 -1.563679e+01 -1.070308e+01
      vertex   -2.690689e+01 -1.449309e+01 -1.221296e+01
      vertex   -2.690689e+01 -1.563679e+01 -1.070308e+01
    endloop
  endfacet
  facet normal 0.000000e+00 8.532909e-01 5.214352e-01
    outer loop
      vertex   1.309311e+01 -1.563679e+01 -1.070308e+01
      vertex   -2.690689e+01 -1.563679e+01 -1.070308e+01
      vertex   1.309311e+01 -1.662446e+01 -9.086826e+00
    endloop
  endfacet
  facet normal 6.318330e-18 8.532909e-01 5.214352e-01
    outer loop
      vertex   1.309311e+01 -1.662446e+01 -9.086826e+00
      vertex   -2.690689e+01 -1.563679e+01 -1.070308e+01
      vertex   -2.690689e+01 -1.662446e+01 -9.086826e+00
    endloop
  endfacet
  facet normal 2.221718e-17 9.009689e-01 4.338837e-01
    outer loop
      vertex   1.309311e+01 -1.662446e+01 -9.086826e+00
      vertex   -2.690689e+01 -1.662446e+01 -9.086826e+00
      vertex   1.309311e+01 -1.744630e+01 -7.380261e+00
    endloop
  endfacet
  facet normal 0.000000e+00 9.009689e-01 4.338837e-01
    outer loop
      vertex   1.309311e+01 -1.744630e+01 -7.380261e+00
      vertex   -2.690689e+01 -1.662446e+01 -9.086826e+00
      vertex   -2.690689e+01 -1.744630e+01 -7.380261e+00
    endloop
  endfacet
  facet normal 0.000000e+00 9.396926e-01 3.420201e-01
    outer loop
      vertex   1.309311e+01 -1.744630e+01 -7.380261e+00
      vertex   -2.690689e+01 -1.744630e+01 -7.380261e+00
      vertex   1.309311e+01 -1.809413e+01 -5.600348e+00
    endloop
  endfacet
  facet normal 0.000000e+00 9.396926e-01 3.420201e-01
    outer loop
      vertex   1.309311e+01 -1.809413e+01 -5.600348e+00
      vertex   -2.690689e+01 -1.744630e+01 -7.380261e+00
      vertex   -2.690689e+01 -1.809413e+01 -5.600348e+00
    endloop
  endfacet
  facet normal 0.000000e+00 9.690773e-01 2.467574e-01
    outer loop
      vertex   1.309311e+01 -1.809413e+01 -5.600348e+00
      vertex   -2.690689e+01 -1.809413e+01 -5.600348e+00
      vertex   1.309311e+01 -1.856153e+01 -3.764777e+00
    endloop
  endfacet
  facet normal 0.000000e+00 9.690773e-01 2.467574e-01
    outer loop
      vertex   1.309311e+01 -1.856153e+01 -3.764777e+00
      vertex   -2.690689e+01 -1.809413e+01 -5.600348e+00
      vertex   -2.690689e+01 -1.856153e+01 -3.764777e+00
    endloop
  endfacet
  facet normal 0.000000e+00 9.888308e-01 1.490423e-01
    outer loop
      vertex   1.309311e+01 -1.856153e+01 -3.764777e+00
      vertex   -2.690689e+01 -1.856153e+01 -3.764777e+00
      vertex   1.309311e+01 -1.884384e+01 -1.891789e+00
    endloop
  endfacet
  facet normal 0.000000e+00 9.888308e-01 1.490423e-01
    outer loop
      vertex   1.309311e+01 -1.884384e+01 -1.891789e+00
      vertex   -2.690689e+01 -1.856153e+01 -3.764777e+00
      vertex   -2.690689e+01 -1.884384e+01 -1.891789e+00
    endloop
  endfacet
  facet normal 0.000000e+00 9.987569e-01 4.984589e-02
    outer loop
      vertex   1.309311e+01 -1.884384e+01 -1.891789e+00
      vertex   -2.690689e+01 -1.884384e+01 -1.891789e+00
      vertex   1.309311e+01 -1.893825e+01 6.767721e-15
    endloop
  endfacet
  facet normal 0.000000e+00 9.987569e-01 4.984589e-02
    outer loop
      vertex   1.309311e+01 -1.893825e+01 6.767721e-15
      vertex   -2.690689e+01 -1.884384e+01 -1.891789e+00
      vertex   -2.690689e+01 -1.893825e+01 6.767721e-15
    endloop
  endfacet
  facet normal -2.494706e-02 9.996888e-01 -2.194591e-15
    outer loop
      vertex   -2.650076e+00 1.504320e+01 -1.471604e+01
      vertex   -1.906888e+00 1.506175e+01 -1.469694e+01
      vertex   -1.906888e+00 1.506175e+01 -2.300000e+01
    endloop
  endfacet
  facet normal 2.494706e-02 9.996888e-01 -2.082694e-15
    outer loop
      vertex   -1.906888e+00 1.506175e+01 -2.300000e+01
      vertex   -1.906888e+00 1.506175e+01 -1.469694e+01
      vertex   -1.163700e+00 1.504320e+01 -1.471604e+01
    endloop
  endfacet
  facet normal 5.607023e-02 9.984229e-01 -2.795022e-03
    outer loop
      vertex   -1.906888e+00 1.506175e+01 -2.300000e+01
      vertex   -1.163700e+00 1.504320e+01 -1.471604e+01
      vertex   -2.274207e-01 1.496743e+01 -2.300000e+01
    endloop
  endfacet
  facet normal 7.443939e-02 9.972253e-01 -7.079264e-04
    outer loop
      vertex   -2.274207e-01 1.496743e+01 -2.300000e+01
      vertex   -1.163700e+00 1.504320e+01 -1.471604e+01
      vertex   -4.199535e-01 1.498765e+01 -1.477255e+01
    endloop
  endfacet
  facet normal 1.238112e-01 9.923057e-01 4.595225e-04
    outer loop
      vertex   -2.274207e-01 1.496743e+01 -2.300000e+01
      vertex   -4.199535e-01 1.498765e+01 -1.477255e+01
      vertex   3.213464e-01 1.489520e+01 -1.486522e+01
    endloop
  endfacet
  facet normal 1.675057e-01 9.858678e-01 -2.545248e-03
    outer loop
      vertex   -2.274207e-01 1.496743e+01 -2.300000e+01
      vertex   3.213464e-01 1.489520e+01 -1.486522e+01
      vertex   1.430926e+00 1.468567e+01 -2.300000e+01
    endloop
  endfacet
  facet normal 1.726557e-01 9.849806e-01 -1.819932e-03
    outer loop
      vertex   1.430926e+00 1.468567e+01 -2.300000e+01
      vertex   3.213464e-01 1.489520e+01 -1.486522e+01
      vertex   1.057195e+00 1.476597e+01 -1.499286e+01
    endloop
  endfacet
  facet normal 2.465724e-01 9.691227e-01 1.789152e-03
    outer loop
      vertex   1.430926e+00 1.468567e+01 -2.300000e+01
      vertex   1.057195e+00 1.476597e+01 -1.499286e+01
      vertex   2.501600e+00 1.439912e+01 -1.534412e+01
    endloop
  endfacet
  facet normal 2.768345e-01 9.609137e-01 -2.750248e-03
    outer loop
      vertex   1.430926e+00 1.468567e+01 -2.300000e+01
      vertex   2.501600e+00 1.439912e+01 -1.534412e+01
      vertex   3.047298e+00 1.422000e+01 -2.300000e+01
    endloop
  endfacet
  facet normal 3.412954e-01 9.399532e-01 2.334831e-03
    outer loop
      vertex   3.047298e+00 1.422000e+01 -2.300000e+01
      vertex   2.501600e+00 1.439912e+01 -1.534412e+01
      vertex   3.893826e+00 1.389474e+01 -1.580026e+01
    endloop
  endfacet
  facet normal 3.826814e-01 9.238746e-01 -3.257609e-03
    outer loop
      vertex   3.047298e+00 1.422000e+01 -2.300000e+01
      vertex   3.893826e+00 1.389474e+01 -1.580026e+01
      vertex   4.601368e+00 1.357628e+01 -2.300000e+01
    endloop
  endfacet
  facet normal 4.331093e-01 9.013374e-01 2.694975e-03
    outer loop
      vertex   4.601368e+00 1.357628e+01 -2.300000e+01
      vertex   3.893826e+00 1.389474e+01 -1.580026e+01
      vertex   5.216625e+00 1.326070e+01 -1.633172e+01
    endloop
  endfacet
  facet normal 4.837164e-01 8.752189e-01 -3.210424e-03
    outer loop
      vertex   4.601368e+00 1.357628e+01 -2.300000e+01
      vertex   5.216625e+00 1.326070e+01 -1.633172e+01
      vertex   6.073593e+00 1.276261e+01 -2.300000e+01
    endloop
  endfacet
  facet normal 5.186379e-01 8.549895e-01 2.788527e-03
    outer loop
      vertex   6.073593e+00 1.276261e+01 -2.300000e+01
      vertex   5.216625e+00 1.326070e+01 -1.633172e+01
      vertex   6.456729e+00 1.251034e+01 -1.690884e+01
    endloop
  endfacet
  facet normal 5.786693e-01 8.155581e-01 -2.620596e-03
    outer loop
      vertex   6.073593e+00 1.276261e+01 -2.300000e+01
      vertex   6.456729e+00 1.251034e+01 -1.690884e+01
      vertex   7.445459e+00 1.178922e+01 -2.300000e+01
    endloop
  endfacet
  facet normal 5.964871e-01 8.026206e-01 1.803252e-03
    outer loop
      vertex   7.445459e+00 1.178922e+01 -2.300000e+01
      vertex   6.456729e+00 1.251034e+01 -1.690884e+01
      vertex   7.601207e+00 1.166113e+01 -1.750361e+01
    endloop
  endfacet
  facet normal 6.663458e-01 7.456413e-01 -1.504219e-03
    outer loop
      vertex   7.445459e+00 1.178922e+01 -2.300000e+01
      vertex   7.601207e+00 1.166113e+01 -1.750361e+01
      vertex   8.699714e+00 1.066835e+01 -2.300000e+01
    endloop
  endfacet
  facet normal 6.679814e-01 7.441774e-01 -9.129063e-04
    outer loop
      vertex   8.699714e+00 1.066835e+01 -2.300000e+01
      vertex   7.601207e+00 1.166113e+01 -1.750361e+01
      vertex   8.637125e+00 1.073056e+01 -1.808801e+01
    endloop
  endfacet
  facet normal 7.363533e-01 6.765968e-01 8.141494e-04
    outer loop
      vertex   8.699714e+00 1.066835e+01 -2.300000e+01
      vertex   8.637125e+00 1.073056e+01 -1.808801e+01
      vertex   9.581111e+00 9.703880e+00 -1.865414e+01
    endloop
  endfacet
  facet normal 7.456380e-01 6.663429e-01 -3.344547e-03
    outer loop
      vertex   8.699714e+00 1.066835e+01 -2.300000e+01
      vertex   9.581111e+00 9.703880e+00 -1.865414e+01
      vertex   9.820584e+00 9.414097e+00 -2.300000e+01
    endloop
  endfacet
  facet normal 7.975129e-01 6.032904e-01 3.718330e-03
    outer loop
      vertex   9.820584e+00 9.414097e+00 -2.300000e+01
      vertex   9.581111e+00 9.703880e+00 -1.865414e+01
      vertex   1.045226e+01 8.555652e+00 -1.920290e+01
    endloop
  endfacet
  facet normal 8.155513e-01 5.786645e-01 -4.849893e-03
    outer loop
      vertex   9.820584e+00 9.414097e+00 -2.300000e+01
      vertex   1.045226e+01 8.555652e+00 -1.920290e+01
      vertex   1.079398e+01 8.042231e+00 -2.300000e+01
    endloop
  endfacet
  facet normal 8.515106e-01 5.243060e-01 5.736211e-03
    outer loop
      vertex   1.079398e+01 8.042231e+00 -2.300000e+01
      vertex   1.045226e+01 8.555652e+00 -1.920290e+01
      vertex   1.122852e+01 7.300522e+00 -1.971138e+01
    endloop
  endfacet
  facet normal 8.752046e-01 4.837085e-01 -6.550891e-03
    outer loop
      vertex   1.079398e+01 8.042231e+00 -2.300000e+01
      vertex   1.122852e+01 7.300522e+00 -1.971138e+01
      vertex   1.160765e+01 6.570006e+00 -2.300000e+01
    endloop
  endfacet
  facet normal 8.990690e-01 4.377601e-01 6.407042e-03
    outer loop
      vertex   1.160765e+01 6.570006e+00 -2.300000e+01
      vertex   1.122852e+01 7.300522e+00 -1.971138e+01
      vertex   1.188766e+01 5.953293e+00 -2.015663e+01
    endloop
  endfacet
  facet normal 9.238501e-01 3.826712e-01 -7.981921e-03
    outer loop
      vertex   1.160765e+01 6.570006e+00 -2.300000e+01
      vertex   1.188766e+01 5.953293e+00 -2.015663e+01
      vertex   1.225136e+01 5.015935e+00 -2.300000e+01
    endloop
  endfacet
  facet normal 9.388941e-01 3.441420e-01 6.644058e-03
    outer loop
      vertex   1.225136e+01 5.015935e+00 -2.300000e+01
      vertex   1.188766e+01 5.953293e+00 -2.015663e+01
      vertex   1.241166e+01 4.530705e+00 -2.051873e+01
    endloop
  endfacet
  facet normal 9.608870e-01 2.768268e-01 -7.940724e-03
    outer loop
      vertex   1.225136e+01 5.015935e+00 -2.300000e+01
      vertex   1.241166e+01 4.530705e+00 -2.051873e+01
      vertex   1.271703e+01 3.399563e+00 -2.300000e+01
    endloop
  endfacet
  facet normal 9.686769e-01 2.482508e-01 6.044956e-03
    outer loop
      vertex   1.271703e+01 3.399563e+00 -2.300000e+01
      vertex   1.241166e+01 4.530705e+00 -2.051873e+01
      vertex   1.279109e+01 3.056675e+00 -2.078534e+01
    endloop
  endfacet
  facet normal 9.858466e-01 1.675021e-01 -7.031218e-03
    outer loop
      vertex   1.271703e+01 3.399563e+00 -2.300000e+01
      vertex   1.279109e+01 3.056675e+00 -2.078534e+01
      vertex   1.299880e+01 1.741217e+00 -2.300000e+01
    endloop
  endfacet
  facet normal 9.887897e-01 1.492590e-01 4.080793e-03
    outer loop
      vertex   1.299880e+01 1.741217e+00 -2.300000e+01
      vertex   1.279109e+01 3.056675e+00 -2.078534e+01
      vertex   1.301807e+01 1.557355e+00 -2.094640e+01
    endloop
  endfacet
  facet normal 9.984174e-01 5.606992e-02 -4.352937e-03
    outer loop
      vertex   1.299880e+01 1.741217e+00 -2.300000e+01
      vertex   1.301807e+01 1.557355e+00 -2.094640e+01
      vertex   1.309311e+01 6.174949e-02 -2.300000e+01
    endloop
  endfacet
  facet normal 9.987437e-01 5.010931e-02 9.434623e-16
    outer loop
      vertex   1.309311e+01 6.174949e-02 -2.300000e+01
      vertex   1.301807e+01 1.557355e+00 -2.094640e+01
      vertex   1.309311e+01 6.174949e-02 -2.100000e+01
    endloop
  endfacet
  facet normal 9.987437e-01 -5.010931e-02 2.604788e-15
    outer loop
      vertex   1.309311e+01 6.174949e-02 -2.300000e+01
      vertex   1.309311e+01 6.174949e-02 -2.100000e+01
      vertex   1.301807e+01 -1.433856e+00 -2.094640e+01
    endloop
  endfacet
  facet normal 9.984174e-01 -5.606992e-02 -4.352937e-03
    outer loop
      vertex   1.309311e+01 6.174949e-02 -2.300000e+01
      vertex   1.301807e+01 -1.433856e+00 -2.094640e+01
      vertex   1.299880e+01 -1.617718e+00 -2.300000e+01
    endloop
  endfacet
  facet normal 9.887897e-01 -1.492590e-01 4.080793e-03
    outer loop
      vertex   1.299880e+01 -1.617718e+00 -2.300000e+01
      vertex   1.301807e+01 -1.433856e+00 -2.094640e+01
      vertex   1.279109e+01 -2.933176e+00 -2.078534e+01
    endloop
  endfacet
  facet normal 9.858466e-01 -1.675021e-01 -7.031218e-03
    outer loop
      vertex   1.299880e+01 -1.617718e+00 -2.300000e+01
      vertex   1.279109e+01 -2.933176e+00 -2.078534e+01
      vertex   1.271703e+01 -3.276065e+00 -2.300000e+01
    endloop
  endfacet
  facet normal 9.686769e-01 -2.482508e-01 6.044956e-03
    outer loop
      vertex   1.271703e+01 -3.276065e+00 -2.300000e+01
      vertex   1.279109e+01 -2.933176e+00 -2.078534e+01
      vertex   1.241166e+01 -4.407206e+00 -2.051873e+01
    endloop
  endfacet
  facet normal 9.608870e-01 -2.768268e-01 -7.940724e-03
    outer loop
      vertex   1.271703e+01 -3.276065e+00 -2.300000e+01
      vertex   1.241166e+01 -4.407206e+00 -2.051873e+01
      vertex   1.225136e+01 -4.892436e+00 -2.300000e+01
    endloop
  endfacet
  facet normal 9.388941e-01 -3.441420e-01 6.644058e-03
    outer loop
      vertex   1.225136e+01 -4.892436e+00 -2.300000e+01
      vertex   1.241166e+01 -4.407206e+00 -2.051873e+01
      vertex   1.188766e+01 -5.829794e+00 -2.015663e+01
    endloop
  endfacet
  facet normal 9.238501e-01 -3.826712e-01 -7.981921e-03
    outer loop
      vertex   1.225136e+01 -4.892436e+00 -2.300000e+01
      vertex   1.188766e+01 -5.829794e+00 -2.015663e+01
      vertex   1.160765e+01 -6.446507e+00 -2.300000e+01
    endloop
  endfacet
  facet normal 8.990690e-01 -4.377601e-01 6.407042e-03
    outer loop
      vertex   1.160765e+01 -6.446507e+00 -2.300000e+01
      vertex   1.188766e+01 -5.829794e+00 -2.015663e+01
      vertex   1.122852e+01 -7.177023e+00 -1.971138e+01
    endloop
  endfacet
  facet normal 8.752046e-01 -4.837085e-01 -6.550891e-03
    outer loop
      vertex   1.160765e+01 -6.446507e+00 -2.300000e+01
      vertex   1.122852e+01 -7.177023e+00 -1.971138e+01
      vertex   1.079398e+01 -7.918732e+00 -2.300000e+01
    endloop
  endfacet
  facet normal 8.515106e-01 -5.243060e-01 5.736211e-03
    outer loop
      vertex   1.079398e+01 -7.918732e+00 -2.300000e+01
      vertex   1.122852e+01 -7.177023e+00 -1.971138e+01
      vertex   1.045226e+01 -8.432153e+00 -1.920290e+01
    endloop
  endfacet
  facet normal 8.155513e-01 -5.786645e-01 -4.849893e-03
    outer loop
      vertex   1.079398e+01 -7.918732e+00 -2.300000e+01
      vertex   1.045226e+01 -8.432153e+00 -1.920290e+01
      vertex   9.820584e+00 -9.290598e+00 -2.300000e+01
    endloop
  endfacet
  facet normal 7.975129e-01 -6.032904e-01 3.718330e-03
    outer loop
      vertex   9.820584e+00 -9.290598e+00 -2.300000e+01
      vertex   1.045226e+01 -8.432153e+00 -1.920290e+01
      vertex   9.581111e+00 -9.580381e+00 -1.865414e+01
    endloop
  endfacet
  facet normal 7.456380e-01 -6.663429e-01 -3.344547e-03
    outer loop
      vertex   9.820584e+00 -9.290598e+00 -2.300000e+01
      vertex   9.581111e+00 -9.580381e+00 -1.865414e+01
      vertex   8.699714e+00 -1.054485e+01 -2.300000e+01
    endloop
  endfacet
  facet normal 7.363533e-01 -6.765968e-01 8.141494e-04
    outer loop
      vertex   8.699714e+00 -1.054485e+01 -2.300000e+01
      vertex   9.581111e+00 -9.580381e+00 -1.865414e+01
      vertex   8.637125e+00 -1.060706e+01 -1.808801e+01
    endloop
  endfacet
  facet normal 6.663463e-01 -7.456418e-01 -9.522875e-04
    outer loop
      vertex   8.699714e+00 -1.054485e+01 -2.300000e+01
      vertex   8.637125e+00 -1.060706e+01 -1.808801e+01
      vertex   7.445459e+00 -1.166572e+01 -2.300000e+01
    endloop
  endfacet
  facet normal 6.677742e-01 -7.443622e-01 -1.574505e-03
    outer loop
      vertex   7.445459e+00 -1.166572e+01 -2.300000e+01
      vertex   8.637125e+00 -1.060706e+01 -1.808801e+01
      vertex   7.601207e+00 -1.153763e+01 -1.750361e+01
    endloop
  endfacet
  facet normal 5.964871e-01 -8.026206e-01 1.803252e-03
    outer loop
      vertex   7.445459e+00 -1.166572e+01 -2.300000e+01
      vertex   7.601207e+00 -1.153763e+01 -1.750361e+01
      vertex   6.456729e+00 -1.238684e+01 -1.690884e+01
    endloop
  endfacet
  facet normal 5.786693e-01 -8.155581e-01 -2.620596e-03
    outer loop
      vertex   7.445459e+00 -1.166572e+01 -2.300000e+01
      vertex   6.456729e+00 -1.238684e+01 -1.690884e+01
      vertex   6.073593e+00 -1.263911e+01 -2.300000e+01
    endloop
  endfacet
  facet normal 5.186379e-01 -8.549895e-01 2.788527e-03
    outer loop
      vertex   6.073593e+00 -1.263911e+01 -2.300000e+01
      vertex   6.456729e+00 -1.238684e+01 -1.690884e+01
      vertex   5.216625e+00 -1.313720e+01 -1.633172e+01
    endloop
  endfacet
  facet normal 4.837164e-01 -8.752189e-01 -3.210424e-03
    outer loop
      vertex   6.073593e+00 -1.263911e+01 -2.300000e+01
      vertex   5.216625e+00 -1.313720e+01 -1.633172e+01
      vertex   4.601368e+00 -1.345278e+01 -2.300000e+01
    endloop
  endfacet
  facet normal 4.331093e-01 -9.013374e-01 2.694975e-03
    outer loop
      vertex   4.601368e+00 -1.345278e+01 -2.300000e+01
      vertex   5.216625e+00 -1.313720e+01 -1.633172e+01
      vertex   3.893826e+00 -1.377124e+01 -1.580026e+01
    endloop
  endfacet
  facet normal 3.826814e-01 -9.238746e-01 -3.257609e-03
    outer loop
      vertex   4.601368e+00 -1.345278e+01 -2.300000e+01
      vertex   3.893826e+00 -1.377124e+01 -1.580026e+01
      vertex   3.047298e+00 -1.409650e+01 -2.300000e+01
    endloop
  endfacet
  facet normal 3.412954e-01 -9.399532e-01 2.334831e-03
    outer loop
      vertex   3.047298e+00 -1.409650e+01 -2.300000e+01
      vertex   3.893826e+00 -1.377124e+01 -1.580026e+01
      vertex   2.501600e+00 -1.427563e+01 -1.534412e+01
    endloop
  endfacet
  facet normal 2.768345e-01 -9.609137e-01 -2.750248e-03
    outer loop
      vertex   3.047298e+00 -1.409650e+01 -2.300000e+01
      vertex   2.501600e+00 -1.427563e+01 -1.534412e+01
      vertex   1.430926e+00 -1.456217e+01 -2.300000e+01
    endloop
  endfacet
  facet normal 2.465724e-01 -9.691227e-01 1.789152e-03
    outer loop
      vertex   1.430926e+00 -1.456217e+01 -2.300000e+01
      vertex   2.501600e+00 -1.427563e+01 -1.534412e+01
      vertex   1.057195e+00 -1.464247e+01 -1.499286e+01
    endloop
  endfacet
  facet normal 1.726557e-01 -9.849806e-01 -1.819932e-03
    outer loop
      vertex   1.430926e+00 -1.456217e+01 -2.300000e+01
      vertex   1.057195e+00 -1.464247e+01 -1.499286e+01
      vertex   3.213464e-01 -1.477170e+01 -1.486522e+01
    endloop
  endfacet
  facet normal 1.675057e-01 -9.858678e-01 -2.545248e-03
    outer loop
      vertex   1.430926e+00 -1.456217e+01 -2.300000e+01
      vertex   3.213464e-01 -1.477170e+01 -1.486522e+01
      vertex   -2.274207e-01 -1.484393e+01 -2.300000e+01
    endloop
  endfacet
  facet normal 1.238112e-01 -9.923057e-01 4.595225e-04
    outer loop
      vertex   -2.274207e-01 -1.484393e+01 -2.300000e+01
      vertex   3.213464e-01 -1.477170e+01 -1.486522e+01
      vertex   -4.199535e-01 -1.486415e+01 -1.477255e+01
    endloop
  endfacet
  facet normal 7.443939e-02 -9.972253e-01 -7.079264e-04
    outer loop
      vertex   -2.274207e-01 -1.484393e+01 -2.300000e+01
      vertex   -4.199535e-01 -1.486415e+01 -1.477255e+01
      vertex   -1.163700e+00 -1.491970e+01 -1.471604e+01
    endloop
  endfacet
  facet normal 5.607023e-02 -9.984229e-01 -2.795022e-03
    outer loop
      vertex   -2.274207e-01 -1.484393e+01 -2.300000e+01
      vertex   -1.163700e+00 -1.491970e+01 -1.471604e+01
      vertex   -1.906888e+00 -1.493825e+01 -2.300000e+01
    endloop
  endfacet
  facet normal 2.494706e-02 -9.996888e-01 -2.132730e-15
    outer loop
      vertex   -1.906888e+00 -1.493825e+01 -2.300000e+01
      vertex   -1.163700e+00 -1.491970e+01 -1.471604e+01
      vertex   -1.906888e+00 -1.493825e+01 -1.469694e+01
    endloop
  endfacet
  facet normal -2.494706e-02 -9.996888e-01 -2.144738e-15
    outer loop
      vertex   -1.906888e+00 -1.493825e+01 -2.300000e+01
      vertex   -1.906888e+00 -1.493825e+01 -1.469694e+01
      vertex   -2.650076e+00 -1.491970e+01 -1.471604e+01
    endloop
  endfacet
  facet normal -5.607023e-02 -9.984229e-01 -2.795022e-03
    outer loop
      vertex   -1.906888e+00 -1.493825e+01 -2.300000e+01
      vertex   -2.650076e+00 -1.491970e+01 -1.471604e+01
      vertex   -3.586355e+00 -1.484393e+01 -2.300000e+01
    endloop
  endfacet
  facet normal -7.443939e-02 -9.972253e-01 -7.079264e-04
    outer loop
      vertex   -3.586355e+00 -1.484393e+01 -2.300000e+01
      vertex   -2.650076e+00 -1.491970e+01 -1.471604e+01
      vertex   -3.393822e+00 -1.486415e+01 -1.477255e+01
    endloop
  endfacet
  facet normal -1.238112e-01 -9.923057e-01 4.595225e-04
    outer loop
      vertex   -3.586355e+00 -1.484393e+01 -2.300000e+01
      vertex   -3.393822e+00 -1.486415e+01 -1.477255e+01
      vertex   -4.135122e+00 -1.477170e+01 -1.486522e+01
    endloop
  endfacet
  facet normal -1.675057e-01 -9.858678e-01 -2.545248e-03
    outer loop
      vertex   -3.586355e+00 -1.484393e+01 -2.300000e+01
      vertex   -4.135122e+00 -1.477170e+01 -1.486522e+01
      vertex   -5.244702e+00 -1.456217e+01 -2.300000e+01
    endloop
  endfacet
  facet normal -1.726557e-01 -9.849806e-01 -1.819932e-03
    outer loop
      vertex   -5.244702e+00 -1.456217e+01 -2.300000e+01
      vertex   -4.135122e+00 -1.477170e+01 -1.486522e+01
      vertex   -4.870970e+00 -1.464247e+01 -1.499286e+01
    endloop
  endfacet
  facet normal -2.465724e-01 -9.691227e-01 1.789152e-03
    outer loop
      vertex   -5.244702e+00 -1.456217e+01 -2.300000e+01
      vertex   -4.870970e+00 -1.464247e+01 -1.499286e+01
      vertex   -6.315376e+00 -1.427563e+01 -1.534412e+01
    endloop
  endfacet
  facet normal -2.768345e-01 -9.609137e-01 -2.750248e-03
    outer loop
      vertex   -5.244702e+00 -1.456217e+01 -2.300000e+01
      vertex   -6.315376e+00 -1.427563e+01 -1.534412e+01
      vertex   -6.861074e+00 -1.409650e+01 -2.300000e+01
    endloop
  endfacet
  facet normal -3.412954e-01 -9.399532e-01 2.334831e-03
    outer loop
      vertex   -6.861074e+00 -1.409650e+01 -2.300000e+01
      vertex   -6.315376e+00 -1.427563e+01 -1.534412e+01
      vertex   -7.707602e+00 -1.377124e+01 -1.580026e+01
    endloop
  endfacet
  facet normal -3.826814e-01 -9.238746e-01 -3.257609e-03
    outer loop
      vertex   -6.861074e+00 -1.409650e+01 -2.300000e+01
      vertex   -7.707602e+00 -1.377124e+01 -1.580026e+01
      vertex   -8.415144e+00 -1.345278e+01 -2.300000e+01
    endloop
  endfacet
  facet normal -4.331093e-01 -9.013374e-01 2.694975e-03
    outer loop
      vertex   -8.415144e+00 -1.345278e+01 -2.300000e+01
      vertex   -7.707602e+00 -1.377124e+01 -1.580026e+01
      vertex   -9.030400e+00 -1.313720e+01 -1.633172e+01
    endloop
  endfacet
  facet normal -4.837164e-01 -8.752189e-01 -3.210424e-03
    outer loop
      vertex   -8.415144e+00 -1.345278e+01 -2.300000e+01
      vertex   -9.030400e+00 -1.313720e+01 -1.633172e+01
      vertex   -9.887369e+00 -1.263911e+01 -2.300000e+01
    endloop
  endfacet
  facet normal -5.186379e-01 -8.549895e-01 2.788527e-03
    outer loop
      vertex   -9.887369e+00 -1.263911e+01 -2.300000e+01
      vertex   -9.030400e+00 -1.313720e+01 -1.633172e+01
      vertex   -1.027050e+01 -1.238684e+01 -1.690884e+01
    endloop
  endfacet
  facet normal -5.786693e-01 -8.155581e-01 -2.620596e-03
    outer loop
      vertex   -9.887369e+00 -1.263911e+01 -2.300000e+01
      vertex   -1.027050e+01 -1.238684e+01 -1.690884e+01
      vertex   -1.125923e+01 -1.166572e+01 -2.300000e+01
    endloop
  endfacet
  facet normal -5.964871e-01 -8.026206e-01 1.803252e-03
    outer loop
      vertex   -1.125923e+01 -1.166572e+01 -2.300000e+01
      vertex   -1.027050e+01 -1.238684e+01 -1.690884e+01
      vertex   -1.141498e+01 -1.153763e+01 -1.750361e+01
    endloop
  endfacet
  facet normal -6.663458e-01 -7.456413e-01 -1.504219e-03
    outer loop
      vertex   -1.125923e+01 -1.166572e+01 -2.300000e+01
      vertex   -1.141498e+01 -1.153763e+01 -1.750361e+01
      vertex   -1.251349e+01 -1.054485e+01 -2.300000e+01
    endloop
  endfacet
  facet normal -6.679814e-01 -7.441774e-01 -9.129063e-04
    outer loop
      vertex   -1.251349e+01 -1.054485e+01 -2.300000e+01
      vertex   -1.141498e+01 -1.153763e+01 -1.750361e+01
      vertex   -1.245090e+01 -1.060706e+01 -1.808801e+01
    endloop
  endfacet
  facet normal -7.363533e-01 -6.765968e-01 8.141494e-04
    outer loop
      vertex   -1.251349e+01 -1.054485e+01 -2.300000e+01
      vertex   -1.245090e+01 -1.060706e+01 -1.808801e+01
      vertex   -1.339489e+01 -9.580381e+00 -1.865414e+01
    endloop
  endfacet
  facet normal -7.456380e-01 -6.663429e-01 -3.344547e-03
    outer loop
      vertex   -1.251349e+01 -1.054485e+01 -2.300000e+01
      vertex   -1.339489e+01 -9.580381e+00 -1.865414e+01
      vertex   -1.363436e+01 -9.290598e+00 -2.300000e+01
    endloop
  endfacet
  facet normal -7.975129e-01 -6.032904e-01 3.718330e-03
    outer loop
      vertex   -1.363436e+01 -9.290598e+00 -2.300000e+01
      vertex   -1.339489e+01 -9.580381e+00 -1.865414e+01
      vertex   -1.426604e+01 -8.432153e+00 -1.920290e+01
    endloop
  endfacet
  facet normal -8.155513e-01 -5.786645e-01 -4.849893e-03
    outer loop
      vertex   -1.363436e+01 -9.290598e+00 -2.300000e+01
      vertex   -1.426604e+01 -8.432153e+00 -1.920290e+01
      vertex   -1.460775e+01 -7.918732e+00 -2.300000e+01
    endloop
  endfacet
  facet normal -8.515106e-01 -5.243060e-01 5.736211e-03
    outer loop
      vertex   -1.460775e+01 -7.918732e+00 -2.300000e+01
      vertex   -1.426604e+01 -8.432153e+00 -1.920290e+01
      vertex   -1.504229e+01 -7.177023e+00 -1.971138e+01
    endloop
  endfacet
  facet normal -8.752046e-01 -4.837085e-01 -6.550891e-03
    outer loop
      vertex   -1.460775e+01 -7.918732e+00 -2.300000e+01
      vertex   -1.504229e+01 -7.177023e+00 -1.971138e+01
      vertex   -1.542142e+01 -6.446507e+00 -2.300000e+01
    endloop
  endfacet
  facet normal -8.990690e-01 -4.377601e-01 6.407042e-03
    outer loop
      vertex   -1.542142e+01 -6.446507e+00 -2.300000e+01
      vertex   -1.504229e+01 -7.177023e+00 -1.971138e+01
      vertex   -1.570144e+01 -5.829794e+00 -2.015663e+01
    endloop
  endfacet
  facet normal -9.238501e-01 -3.826712e-01 -7.981921e-03
    outer loop
      vertex   -1.542142e+01 -6.446507e+00 -2.300000e+01
      vertex   -1.570144e+01 -5.829794e+00 -2.015663e+01
      vertex   -1.606514e+01 -4.892436e+00 -2.300000e+01
    endloop
  endfacet
  facet normal -9.388941e-01 -3.441420e-01 6.644058e-03
    outer loop
      vertex   -1.606514e+01 -4.892436e+00 -2.300000e+01
      vertex   -1.570144e+01 -5.829794e+00 -2.015663e+01
      vertex   -1.622544e+01 -4.407206e+00 -2.051873e+01
    endloop
  endfacet
  facet normal -9.608870e-01 -2.768268e-01 -7.940724e-03
    outer loop
      vertex   -1.606514e+01 -4.892436e+00 -2.300000e+01
      vertex   -1.622544e+01 -4.407206e+00 -2.051873e+01
      vertex   -1.653081e+01 -3.276065e+00 -2.300000e+01
    endloop
  endfacet
  facet normal -9.686769e-01 -2.482508e-01 6.044956e-03
    outer loop
      vertex   -1.653081e+01 -3.276065e+00 -2.300000e+01
      vertex   -1.622544e+01 -4.407206e+00 -2.051873e+01
      vertex   -1.660486e+01 -2.933176e+00 -2.078534e+01
    endloop
  endfacet
  facet normal -9.858466e-01 -1.675021e-01 -7.031218e-03
    outer loop
      vertex   -1.653081e+01 -3.276065e+00 -2.300000e+01
      vertex   -1.660486e+01 -2.933176e+00 -2.078534e+01
      vertex   -1.681257e+01 -1.617718e+00 -2.300000e+01
    endloop
  endfacet
  facet normal -9.887897e-01 -1.492590e-01 4.080793e-03
    outer loop
      vertex   -1.681257e+01 -1.617718e+00 -2.300000e+01
      vertex   -1.660486e+01 -2.933176e+00 -2.078534e+01
      vertex   -1.683185e+01 -1.433856e+00 -2.094640e+01
    endloop
  endfacet
  facet normal -9.984174e-01 -5.606992e-02 -4.352937e-03
    outer loop
      vertex   -1.681257e+01 -1.617718e+00 -2.300000e+01
      vertex   -1.683185e+01 -1.433856e+00 -2.094640e+01
      vertex   -1.690689e+01 6.174949e-02 -2.300000e+01
    endloop
  endfacet
  facet normal -9.987437e-01 -5.010931e-02 5.897046e-16
    outer loop
      vertex   -1.690689e+01 6.174949e-02 -2.300000e+01
      vertex   -1.683185e+01 -1.433856e+00 -2.094640e+01
      vertex   -1.690689e+01 6.174949e-02 -2.100000e+01
    endloop
  endfacet
  facet normal -9.987437e-01 5.010931e-02 -5.897046e-16
    outer loop
      vertex   -1.690689e+01 6.174949e-02 -2.300000e+01
      vertex   -1.690689e+01 6.174949e-02 -2.100000e+01
      vertex   -1.683185e+01 1.557355e+00 -2.094640e+01
    endloop
  endfacet
  facet normal -9.984174e-01 5.606992e-02 -4.352937e-03
    outer loop
      vertex   -1.690689e+01 6.174949e-02 -2.300000e+01
      vertex   -1.683185e+01 1.557355e+00 -2.094640e+01
      vertex   -1.681257e+01 1.741217e+00 -2.300000e+01
    endloop
  endfacet
  facet normal -9.887897e-01 1.492590e-01 4.080793e-03
    outer loop
      vertex   -1.681257e+01 1.741217e+00 -2.300000e+01
      vertex   -1.683185e+01 1.557355e+00 -2.094640e+01
      vertex   -1.660486e+01 3.056675e+00 -2.078534e+01
    endloop
  endfacet
  facet normal -9.858466e-01 1.675021e-01 -7.031218e-03
    outer loop
      vertex   -1.681257e+01 1.741217e+00 -2.300000e+01
      vertex   -1.660486e+01 3.056675e+00 -2.078534e+01
      vertex   -1.653081e+01 3.399563e+00 -2.300000e+01
    endloop
  endfacet
  facet normal -9.686769e-01 2.482508e-01 6.044956e-03
    outer loop
      vertex   -1.653081e+01 3.399563e+00 -2.300000e+01
      vertex   -1.660486e+01 3.056675e+00 -2.078534e+01
      vertex   -1.622544e+01 4.530705e+00 -2.051873e+01
    endloop
  endfacet
  facet normal -9.608870e-01 2.768268e-01 -7.940724e-03
    outer loop
      vertex   -1.653081e+01 3.399563e+00 -2.300000e+01
      vertex   -1.622544e+01 4.530705e+00 -2.051873e+01
      vertex   -1.606514e+01 5.015935e+00 -2.300000e+01
    endloop
  endfacet
  facet normal -9.388941e-01 3.441420e-01 6.644058e-03
    outer loop
      vertex   -1.606514e+01 5.015935e+00 -2.300000e+01
      vertex   -1.622544e+01 4.530705e+00 -2.051873e+01
      vertex   -1.570144e+01 5.953293e+00 -2.015663e+01
    endloop
  endfacet
  facet normal -9.238501e-01 3.826712e-01 -7.981921e-03
    outer loop
      vertex   -1.606514e+01 5.015935e+00 -2.300000e+01
      vertex   -1.570144e+01 5.953293e+00 -2.015663e+01
      vertex   -1.542142e+01 6.570006e+00 -2.300000e+01
    endloop
  endfacet
  facet normal -8.990690e-01 4.377601e-01 6.407042e-03
    outer loop
      vertex   -1.542142e+01 6.570006e+00 -2.300000e+01
      vertex   -1.570144e+01 5.953293e+00 -2.015663e+01
      vertex   -1.504229e+01 7.300522e+00 -1.971138e+01
    endloop
  endfacet
  facet normal -8.752046e-01 4.837085e-01 -6.550891e-03
    outer loop
      vertex   -1.542142e+01 6.570006e+00 -2.300000e+01
      vertex   -1.504229e+01 7.300522e+00 -1.971138e+01
      vertex   -1.460775e+01 8.042231e+00 -2.300000e+01
    endloop
  endfacet
  facet normal -8.515106e-01 5.243060e-01 5.736211e-03
    outer loop
      vertex   -1.460775e+01 8.042231e+00 -2.300000e+01
      vertex   -1.504229e+01 7.300522e+00 -1.971138e+01
      vertex   -1.426604e+01 8.555652e+00 -1.920290e+01
    endloop
  endfacet
  facet normal -8.155513e-01 5.786645e-01 -4.849893e-03
    outer loop
      vertex   -1.460775e+01 8.042231e+00 -2.300000e+01
      vertex   -1.426604e+01 8.555652e+00 -1.920290e+01
      vertex   -1.363436e+01 9.414097e+00 -2.300000e+01
    endloop
  endfacet
  facet normal -7.975129e-01 6.032904e-01 3.718330e-03
    outer loop
      vertex   -1.363436e+01 9.414097e+00 -2.300000e+01
      vertex   -1.426604e+01 8.555652e+00 -1.920290e+01
      vertex   -1.339489e+01 9.703880e+00 -1.865414e+01
    endloop
  endfacet
  facet normal -7.456380e-01 6.663429e-01 -3.344547e-03
    outer loop
      vertex   -1.363436e+01 9.414097e+00 -2.300000e+01
      vertex   -1.339489e+01 9.703880e+00 -1.865414e+01
      vertex   -1.251349e+01 1.066835e+01 -2.300000e+01
    endloop
  endfacet
  facet normal -7.363533e-01 6.765968e-01 8.141494e-04
    outer loop
      vertex   -1.251349e+01 1.066835e+01 -2.300000e+01
      vertex   -1.339489e+01 9.703880e+00 -1.865414e+01
      vertex   -1.245090e+01 1.073056e+01 -1.808801e+01
    endloop
  endfacet
  facet normal -6.663463e-01 7.456418e-01 -9.522875e-04
    outer loop
      vertex   -1.251349e+01 1.066835e+01 -2.300000e+01
      vertex   -1.245090e+01 1.073056e+01 -1.808801e+01
      vertex   -1.125923e+01 1.178922e+01 -2.300000e+01
    endloop
  endfacet
  facet normal -6.677742e-01 7.443622e-01 -1.574505e-03
    outer loop
      vertex   -1.125923e+01 1.178922e+01 -2.300000e+01
      vertex   -1.245090e+01 1.073056e+01 -1.808801e+01
      vertex   -1.141498e+01 1.166113e+01 -1.750361e+01
    endloop
  endfacet
  facet normal -5.964871e-01 8.026206e-01 1.803252e-03
    outer loop
      vertex   -1.125923e+01 1.178922e+01 -2.300000e+01
      vertex   -1.141498e+01 1.166113e+01 -1.750361e+01
      vertex   -1.027050e+01 1.251034e+01 -1.690884e+01
    endloop
  endfacet
  facet normal -5.786693e-01 8.155581e-01 -2.620596e-03
    outer loop
      vertex   -1.125923e+01 1.178922e+01 -2.300000e+01
      vertex   -1.027050e+01 1.251034e+01 -1.690884e+01
      vertex   -9.887369e+00 1.276261e+01 -2.300000e+01
    endloop
  endfacet
  facet normal -5.186379e-01 8.549895e-01 2.788527e-03
    outer loop
      vertex   -9.887369e+00 1.276261e+01 -2.300000e+01
      vertex   -1.027050e+01 1.251034e+01 -1.690884e+01
      vertex   -9.030400e+00 1.326070e+01 -1.633172e+01
    endloop
  endfacet
  facet normal -4.837164e-01 8.752189e-01 -3.210424e-03
    outer loop
      vertex   -9.887369e+00 1.276261e+01 -2.300000e+01
      vertex   -9.030400e+00 1.326070e+01 -1.633172e+01
      vertex   -8.415144e+00 1.357628e+01 -2.300000e+01
    endloop
  endfacet
  facet normal -4.331093e-01 9.013374e-01 2.694975e-03
    outer loop
      vertex   -8.415144e+00 1.357628e+01 -2.300000e+01
      vertex   -9.030400e+00 1.326070e+01 -1.633172e+01
      vertex   -7.707602e+00 1.389474e+01 -1.580026e+01
    endloop
  endfacet
  facet normal -3.826814e-01 9.238746e-01 -3.257609e-03
    outer loop
      vertex   -8.415144e+00 1.357628e+01 -2.300000e+01
      vertex   -7.707602e+00 1.389474e+01 -1.580026e+01
      vertex   -6.861074e+00 1.422000e+01 -2.300000e+01
    endloop
  endfacet
  facet normal -3.412954e-01 9.399532e-01 2.334831e-03
    outer loop
      vertex   -6.861074e+00 1.422000e+01 -2.300000e+01
      vertex   -7.707602e+00 1.389474e+01 -1.580026e+01
      vertex   -6.315376e+00 1.439912e+01 -1.534412e+01
    endloop
  endfacet
  facet normal -2.768345e-01 9.609137e-01 -2.750248e-03
    outer loop
      vertex   -6.861074e+00 1.422000e+01 -2.300000e+01
      vertex   -6.315376e+00 1.439912e+01 -1.534412e+01
      vertex   -5.244702e+00 1.468567e+01 -2.300000e+01
    endloop
  endfacet
  facet normal -2.465724e-01 9.691227e-01 1.789152e-03
    outer loop
      vertex   -5.244702e+00 1.468567e+01 -2.300000e+01
      vertex   -6.315376e+00 1.439912e+01 -1.534412e+01
      vertex   -4.870970e+00 1.476597e+01 -1.499286e+01
    endloop
  endfacet
  facet normal -1.726557e-01 9.849806e-01 -1.819932e-03
    outer loop
      vertex   -5.244702e+00 1.468567e+01 -2.300000e+01
      vertex   -4.870970e+00 1.476597e+01 -1.499286e+01
      vertex   -4.135122e+00 1.489520e+01 -1.486522e+01
    endloop
  endfacet
  facet normal -1.675057e-01 9.858678e-01 -2.545248e-03
    outer loop
      vertex   -5.244702e+00 1.468567e+01 -2.300000e+01
      vertex   -4.135122e+00 1.489520e+01 -1.486522e+01
      vertex   -3.586355e+00 1.496743e+01 -2.300000e+01
    endloop
  endfacet
  facet normal -1.238112e-01 9.923057e-01 4.595225e-04
    outer loop
      vertex   -3.586355e+00 1.496743e+01 -2.300000e+01
      vertex   -4.135122e+00 1.489520e+01 -1.486522e+01
      vertex   -3.393822e+00 1.498765e+01 -1.477255e+01
    endloop
  endfacet
  facet normal -7.443939e-02 9.972253e-01 -7.079264e-04
    outer loop
      vertex   -3.586355e+00 1.496743e+01 -2.300000e+01
      vertex   -3.393822e+00 1.498765e+01 -1.477255e+01
      vertex   -2.650076e+00 1.504320e+01 -1.471604e+01
    endloop
  endfacet
  facet normal -5.607023e-02 9.984229e-01 -2.795022e-03
    outer loop
      vertex   -3.586355e+00 1.496743e+01 -2.300000e+01
      vertex   -2.650076e+00 1.504320e+01 -1.471604e+01
      vertex   -1.906888e+00 1.506175e+01 -2.300000e+01
    endloop
  endfacet
  facet normal -9.986295e-01 5.233596e-02 0.000000e+00
    outer loop
      vertex   -1.931102e+01 1.890998e+00 -2.300000e+01
      vertex   -1.931102e+01 1.890998e+00 -2.500000e+01
      vertex   -1.940689e+01 6.174949e-02 -2.300000e+01
    endloop
  endfacet
  facet normal -9.986295e-01 5.233596e-02 0.000000e+00
    outer loop
      vertex   -1.940689e+01 6.174949e-02 -2.300000e+01
      vertex   -1.931102e+01 1.890998e+00 -2.500000e+01
      vertex   -1.940689e+01 6.174949e-02 -2.500000e+01
    endloop
  endfacet
  facet normal -9.986295e-01 -5.233596e-02 -0.000000e+00
    outer loop
      vertex   -1.940689e+01 6.174949e-02 -2.300000e+01
      vertex   -1.940689e+01 6.174949e-02 -2.500000e+01
      vertex   -1.931102e+01 -1.767499e+00 -2.300000e+01
    endloop
  endfacet
  facet normal -9.986295e-01 -5.233596e-02 -0.000000e+00
    outer loop
      vertex   -1.931102e+01 -1.767499e+00 -2.300000e+01
      vertex   -1.940689e+01 6.174949e-02 -2.500000e+01
      vertex   -1.931102e+01 -1.767499e+00 -2.500000e+01
    endloop
  endfacet
  facet normal -9.876883e-01 -1.564345e-01 -0.000000e+00
    outer loop
      vertex   -1.931102e+01 -1.767499e+00 -2.300000e+01
      vertex   -1.931102e+01 -1.767499e+00 -2.500000e+01
      vertex   -1.902447e+01 -3.576705e+00 -2.300000e+01
    endloop
  endfacet
  facet normal -9.876883e-01 -1.564345e-01 -0.000000e+00
    outer loop
      vertex   -1.902447e+01 -3.576705e+00 -2.300000e+01
      vertex   -1.931102e+01 -1.767499e+00 -2.500000e+01
      vertex   -1.902447e+01 -3.576705e+00 -2.500000e+01
    endloop
  endfacet
  facet normal -9.659258e-01 -2.588190e-01 -0.000000e+00
    outer loop
      vertex   -1.902447e+01 -3.576705e+00 -2.300000e+01
      vertex   -1.902447e+01 -3.576705e+00 -2.500000e+01
      vertex   -1.855038e+01 -5.346048e+00 -2.300000e+01
    endloop
  endfacet
  facet normal -9.659258e-01 -2.588190e-01 -0.000000e+00
    outer loop
      vertex   -1.855038e+01 -5.346048e+00 -2.300000e+01
      vertex   -1.902447e+01 -3.576705e+00 -2.500000e+01
      vertex   -1.855038e+01 -5.346048e+00 -2.500000e+01
    endloop
  endfacet
  facet normal -9.335804e-01 -3.583679e-01 -0.000000e+00
    outer loop
      vertex   -1.855038e+01 -5.346048e+00 -2.300000e+01
      vertex   -1.855038e+01 -5.346048e+00 -2.500000e+01
      vertex   -1.789393e+01 -7.056142e+00 -2.300000e+01
    endloop
  endfacet
  facet normal -9.335804e-01 -3.583679e-01 -0.000000e+00
    outer loop
      vertex   -1.789393e+01 -7.056142e+00 -2.300000e+01
      vertex   -1.855038e+01 -5.346048e+00 -2.500000e+01
      vertex   -1.789393e+01 -7.056142e+00 -2.500000e+01
    endloop
  endfacet
  facet normal -8.910065e-01 -4.539905e-01 -0.000000e+00
    outer loop
      vertex   -1.789393e+01 -7.056142e+00 -2.300000e+01
      vertex   -1.789393e+01 -7.056142e+00 -2.500000e+01
      vertex   -1.706233e+01 -8.688251e+00 -2.300000e+01
    endloop
  endfacet
  facet normal -8.910065e-01 -4.539905e-01 -0.000000e+00
    outer loop
      vertex   -1.706233e+01 -8.688251e+00 -2.300000e+01
      vertex   -1.789393e+01 -7.056142e+00 -2.500000e+01
      vertex   -1.706233e+01 -8.688251e+00 -2.500000e+01
    endloop
  endfacet
  facet normal -8.386706e-01 -5.446390e-01 -0.000000e+00
    outer loop
      vertex   -1.706233e+01 -8.688251e+00 -2.300000e+01
      vertex   -1.706233e+01 -8.688251e+00 -2.500000e+01
      vertex   -1.606469e+01 -1.022449e+01 -2.300000e+01
    endloop
  endfacet
  facet normal -8.386706e-01 -5.446390e-01 -0.000000e+00
    outer loop
      vertex   -1.606469e+01 -1.022449e+01 -2.300000e+01
      vertex   -1.706233e+01 -8.688251e+00 -2.500000e+01
      vertex   -1.606469e+01 -1.022449e+01 -2.500000e+01
    endloop
  endfacet
  facet normal -7.771460e-01 -6.293204e-01 -0.000000e+00
    outer loop
      vertex   -1.606469e+01 -1.022449e+01 -2.300000e+01
      vertex   -1.606469e+01 -1.022449e+01 -2.500000e+01
      vertex   -1.491192e+01 -1.164804e+01 -2.300000e+01
    endloop
  endfacet
  facet normal -7.771460e-01 -6.293204e-01 -0.000000e+00
    outer loop
      vertex   -1.491192e+01 -1.164804e+01 -2.300000e+01
      vertex   -1.606469e+01 -1.022449e+01 -2.500000e+01
      vertex   -1.491192e+01 -1.164804e+01 -2.500000e+01
    endloop
  endfacet
  facet normal -7.071068e-01 -7.071068e-01 -0.000000e+00
    outer loop
      vertex   -1.491192e+01 -1.164804e+01 -2.300000e+01
      vertex   -1.491192e+01 -1.164804e+01 -2.500000e+01
      vertex   -1.361667e+01 -1.294328e+01 -2.300000e+01
    endloop
  endfacet
  facet normal -7.071068e-01 -7.071068e-01 -0.000000e+00
    outer loop
      vertex   -1.361667e+01 -1.294328e+01 -2.300000e+01
      vertex   -1.491192e+01 -1.164804e+01 -2.500000e+01
      vertex   -1.361667e+01 -1.294328e+01 -2.500000e+01
    endloop
  endfacet
  facet normal -6.293204e-01 -7.771460e-01 -0.000000e+00
    outer loop
      vertex   -1.361667e+01 -1.294328e+01 -2.300000e+01
      vertex   -1.361667e+01 -1.294328e+01 -2.500000e+01
      vertex   -1.219313e+01 -1.409605e+01 -2.300000e+01
    endloop
  endfacet
  facet normal -6.293204e-01 -7.771460e-01 -0.000000e+00
    outer loop
      vertex   -1.219313e+01 -1.409605e+01 -2.300000e+01
      vertex   -1.361667e+01 -1.294328e+01 -2.500000e+01
      vertex   -1.219313e+01 -1.409605e+01 -2.500000e+01
    endloop
  endfacet
  facet normal -5.446390e-01 -8.386706e-01 -0.000000e+00
    outer loop
      vertex   -1.219313e+01 -1.409605e+01 -2.300000e+01
      vertex   -1.219313e+01 -1.409605e+01 -2.500000e+01
      vertex   -1.065689e+01 -1.509370e+01 -2.300000e+01
    endloop
  endfacet
  facet normal -5.446390e-01 -8.386706e-01 -0.000000e+00
    outer loop
      vertex   -1.065689e+01 -1.509370e+01 -2.300000e+01
      vertex   -1.219313e+01 -1.409605e+01 -2.500000e+01
      vertex   -1.065689e+01 -1.509370e+01 -2.500000e+01
    endloop
  endfacet
  facet normal -4.539905e-01 -8.910065e-01 -0.000000e+00
    outer loop
      vertex   -1.065689e+01 -1.509370e+01 -2.300000e+01
      vertex   -1.065689e+01 -1.509370e+01 -2.500000e+01
      vertex   -9.024779e+00 -1.592530e+01 -2.300000e+01
    endloop
  endfacet
  facet normal -4.539905e-01 -8.910065e-01 -0.000000e+00
    outer loop
      vertex   -9.024779e+00 -1.592530e+01 -2.300000e+01
      vertex   -1.065689e+01 -1.509370e+01 -2.500000e+01
      vertex   -9.024779e+00 -1.592530e+01 -2.500000e+01
    endloop
  endfacet
  facet normal -3.583679e-01 -9.335804e-01 -0.000000e+00
    outer loop
      vertex   -9.024779e+00 -1.592530e+01 -2.300000e+01
      vertex   -9.024779e+00 -1.592530e+01 -2.500000e+01
      vertex   -7.314685e+00 -1.658174e+01 -2.300000e+01
    endloop
  endfacet
  facet normal -3.583679e-01 -9.335804e-01 -0.000000e+00
    outer loop
      vertex   -7.314685e+00 -1.658174e+01 -2.300000e+01
      vertex   -9.024779e+00 -1.592530e+01 -2.500000e+01
      vertex   -7.314685e+00 -1.658174e+01 -2.500000e+01
    endloop
  endfacet
  facet normal -2.588190e-01 -9.659258e-01 -0.000000e+00
    outer loop
      vertex   -7.314685e+00 -1.658174e+01 -2.300000e+01
      vertex   -7.314685e+00 -1.658174e+01 -2.500000e+01
      vertex   -5.545342e+00 -1.705583e+01 -2.300000e+01
    endloop
  endfacet
  facet normal -2.588190e-01 -9.659258e-01 -0.000000e+00
    outer loop
      vertex   -5.545342e+00 -1.705583e+01 -2.300000e+01
      vertex   -7.314685e+00 -1.658174e+01 -2.500000e+01
      vertex   -5.545342e+00 -1.705583e+01 -2.500000e+01
    endloop
  endfacet
  facet normal -1.564345e-01 -9.876883e-01 -0.000000e+00
    outer loop
      vertex   -5.545342e+00 -1.705583e+01 -2.300000e+01
      vertex   -5.545342e+00 -1.705583e+01 -2.500000e+01
      vertex   -3.736136e+00 -1.734238e+01 -2.300000e+01
    endloop
  endfacet
  facet normal -1.564345e-01 -9.876883e-01 -0.000000e+00
    outer loop
      vertex   -3.736136e+00 -1.734238e+01 -2.300000e+01
      vertex   -5.545342e+00 -1.705583e+01 -2.500000e+01
      vertex   -3.736136e+00 -1.734238e+01 -2.500000e+01
    endloop
  endfacet
  facet normal -5.233596e-02 -9.986295e-01 -0.000000e+00
    outer loop
      vertex   -3.736136e+00 -1.734238e+01 -2.300000e+01
      vertex   -3.736136e+00 -1.734238e+01 -2.500000e+01
      vertex   -1.906888e+00 -1.743825e+01 -2.300000e+01
    endloop
  endfacet
  facet normal -5.233596e-02 -9.986295e-01 -0.000000e+00
    outer loop
      vertex   -1.906888e+00 -1.743825e+01 -2.300000e+01
      vertex   -3.736136e+00 -1.734238e+01 -2.500000e+01
      vertex   -1.906888e+00 -1.743825e+01 -2.500000e+01
    endloop
  endfacet
  facet normal 5.233596e-02 -9.986295e-01 0.000000e+00
    outer loop
      vertex   -1.906888e+00 -1.743825e+01 -2.300000e+01
      vertex   -1.906888e+00 -1.743825e+01 -2.500000e+01
      vertex   -7.763972e-02 -1.734238e+01 -2.300000e+01
    endloop
  endfacet
  facet normal 5.233596e-02 -9.986295e-01 0.000000e+00
    outer loop
      vertex   -7.763972e-02 -1.734238e+01 -2.300000e+01
      vertex   -1.906888e+00 -1.743825e+01 -2.500000e+01
      vertex   -7.763972e-02 -1.734238e+01 -2.500000e+01
    endloop
  endfacet
  facet normal 1.564345e-01 -9.876883e-01 0.000000e+00
    outer loop
      vertex   -7.763972e-02 -1.734238e+01 -2.300000e+01
      vertex   -7.763972e-02 -1.734238e+01 -2.500000e+01
      vertex   1.731567e+00 -1.705583e+01 -2.300000e+01
    endloop
  endfacet
  facet normal 1.564345e-01 -9.876883e-01 0.000000e+00
    outer loop
      vertex   1.731567e+00 -1.705583e+01 -2.300000e+01
      vertex   -7.763972e-02 -1.734238e+01 -2.500000e+01
      vertex   1.731567e+00 -1.705583e+01 -2.500000e+01
    endloop
  endfacet
  facet normal 2.588190e-01 -9.659258e-01 0.000000e+00
    outer loop
      vertex   1.731567e+00 -1.705583e+01 -2.300000e+01
      vertex   1.731567e+00 -1.705583e+01 -2.500000e+01
      vertex   3.500910e+00 -1.658174e+01 -2.300000e+01
    endloop
  endfacet
  facet normal 2.588190e-01 -9.659258e-01 0.000000e+00
    outer loop
      vertex   3.500910e+00 -1.658174e+01 -2.300000e+01
      vertex   1.731567e+00 -1.705583e+01 -2.500000e+01
      vertex   3.500910e+00 -1.658174e+01 -2.500000e+01
    endloop
  endfacet
  facet normal 3.583679e-01 -9.335804e-01 0.000000e+00
    outer loop
      vertex   3.500910e+00 -1.658174e+01 -2.300000e+01
      vertex   3.500910e+00 -1.658174e+01 -2.500000e+01
      vertex   5.211003e+00 -1.592530e+01 -2.300000e+01
    endloop
  endfacet
  facet normal 3.583679e-01 -9.335804e-01 0.000000e+00
    outer loop
      vertex   5.211003e+00 -1.592530e+01 -2.300000e+01
      vertex   3.500910e+00 -1.658174e+01 -2.500000e+01
      vertex   5.211003e+00 -1.592530e+01 -2.500000e+01
    endloop
  endfacet
  facet normal 4.539905e-01 -8.910065e-01 0.000000e+00
    outer loop
      vertex   5.211003e+00 -1.592530e+01 -2.300000e+01
      vertex   5.211003e+00 -1.592530e+01 -2.500000e+01
      vertex   6.843112e+00 -1.509370e+01 -2.300000e+01
    endloop
  endfacet
  facet normal 4.539905e-01 -8.910065e-01 0.000000e+00
    outer loop
      vertex   6.843112e+00 -1.509370e+01 -2.300000e+01
      vertex   5.211003e+00 -1.592530e+01 -2.500000e+01
      vertex   6.843112e+00 -1.509370e+01 -2.500000e+01
    endloop
  endfacet
  facet normal 5.446390e-01 -8.386706e-01 0.000000e+00
    outer loop
      vertex   6.843112e+00 -1.509370e+01 -2.300000e+01
      vertex   6.843112e+00 -1.509370e+01 -2.500000e+01
      vertex   8.379354e+00 -1.409605e+01 -2.300000e+01
    endloop
  endfacet
  facet normal 5.446390e-01 -8.386706e-01 0.000000e+00
    outer loop
      vertex   8.379354e+00 -1.409605e+01 -2.300000e+01
      vertex   6.843112e+00 -1.509370e+01 -2.500000e+01
      vertex   8.379354e+00 -1.409605e+01 -2.500000e+01
    endloop
  endfacet
  facet normal 6.293204e-01 -7.771460e-01 0.000000e+00
    outer loop
      vertex   8.379354e+00 -1.409605e+01 -2.300000e+01
      vertex   8.379354e+00 -1.409605e+01 -2.500000e+01
      vertex   9.802898e+00 -1.294328e+01 -2.300000e+01
    endloop
  endfacet
  facet normal 6.293204e-01 -7.771460e-01 0.000000e+00
    outer loop
      vertex   9.802898e+00 -1.294328e+01 -2.300000e+01
      vertex   8.379354e+00 -1.409605e+01 -2.500000e+01
      vertex   9.802898e+00 -1.294328e+01 -2.500000e+01
    endloop
  endfacet
  facet normal 7.071068e-01 -7.071068e-01 0.000000e+00
    outer loop
      vertex   9.802898e+00 -1.294328e+01 -2.300000e+01
      vertex   9.802898e+00 -1.294328e+01 -2.500000e+01
      vertex   1.109815e+01 -1.164804e+01 -2.300000e+01
    endloop
  endfacet
  facet normal 7.071068e-01 -7.071068e-01 0.000000e+00
    outer loop
      vertex   1.109815e+01 -1.164804e+01 -2.300000e+01
      vertex   9.802898e+00 -1.294328e+01 -2.500000e+01
      vertex   1.109815e+01 -1.164804e+01 -2.500000e+01
    endloop
  endfacet
  facet normal 7.771460e-01 -6.293204e-01 0.000000e+00
    outer loop
      vertex   1.109815e+01 -1.164804e+01 -2.300000e+01
      vertex   1.109815e+01 -1.164804e+01 -2.500000e+01
      vertex   1.225091e+01 -1.022449e+01 -2.300000e+01
    endloop
  endfacet
  facet normal 7.771460e-01 -6.293204e-01 0.000000e+00
    outer loop
      vertex   1.225091e+01 -1.022449e+01 -2.300000e+01
      vertex   1.109815e+01 -1.164804e+01 -2.500000e+01
      vertex   1.225091e+01 -1.022449e+01 -2.500000e+01
    endloop
  endfacet
  facet normal 8.386706e-01 -5.446390e-01 0.000000e+00
    outer loop
      vertex   1.225091e+01 -1.022449e+01 -2.300000e+01
      vertex   1.225091e+01 -1.022449e+01 -2.500000e+01
      vertex   1.324856e+01 -8.688251e+00 -2.300000e+01
    endloop
  endfacet
  facet normal 8.386706e-01 -5.446390e-01 0.000000e+00
    outer loop
      vertex   1.324856e+01 -8.688251e+00 -2.300000e+01
      vertex   1.225091e+01 -1.022449e+01 -2.500000e+01
      vertex   1.324856e+01 -8.688251e+00 -2.500000e+01
    endloop
  endfacet
  facet normal 8.910065e-01 -4.539905e-01 0.000000e+00
    outer loop
      vertex   1.324856e+01 -8.688251e+00 -2.300000e+01
      vertex   1.324856e+01 -8.688251e+00 -2.500000e+01
      vertex   1.408016e+01 -7.056142e+00 -2.300000e+01
    endloop
  endfacet
  facet normal 8.910065e-01 -4.539905e-01 0.000000e+00
    outer loop
      vertex   1.408016e+01 -7.056142e+00 -2.300000e+01
      vertex   1.324856e+01 -8.688251e+00 -2.500000e+01
      vertex   1.408016e+01 -7.056142e+00 -2.500000e+01
    endloop
  endfacet
  facet normal 9.335804e-01 -3.583679e-01 0.000000e+00
    outer loop
      vertex   1.408016e+01 -7.056142e+00 -2.300000e+01
      vertex   1.408016e+01 -7.056142e+00 -2.500000e+01
      vertex   1.473660e+01 -5.346048e+00 -2.300000e+01
    endloop
  endfacet
  facet normal 9.335804e-01 -3.583679e-01 0.000000e+00
    outer loop
      vertex   1.473660e+01 -5.346048e+00 -2.300000e+01
      vertex   1.408016e+01 -7.056142e+00 -2.500000e+01
      vertex   1.473660e+01 -5.346048e+00 -2.500000e+01
    endloop
  endfacet
  facet normal 9.659258e-01 -2.588190e-01 0.000000e+00
    outer loop
      vertex   1.473660e+01 -5.346048e+00 -2.300000e+01
      vertex   1.473660e+01 -5.346048e+00 -2.500000e+01
      vertex   1.521070e+01 -3.576705e+00 -2.300000e+01
    endloop
  endfacet
  facet normal 9.659258e-01 -2.588190e-01 0.000000e+00
    outer loop
      vertex   1.521070e+01 -3.576705e+00 -2.300000e+01
      vertex   1.473660e+01 -5.346048e+00 -2.500000e+01
      vertex   1.521070e+01 -3.576705e+00 -2.500000e+01
    endloop
  endfacet
  facet normal 9.876883e-01 -1.564345e-01 0.000000e+00
    outer loop
      vertex   1.521070e+01 -3.576705e+00 -2.300000e+01
      vertex   1.521070e+01 -3.576705e+00 -2.500000e+01
      vertex   1.549725e+01 -1.767499e+00 -2.300000e+01
    endloop
  endfacet
  facet normal 9.876883e-01 -1.564345e-01 0.000000e+00
    outer loop
      vertex   1.549725e+01 -1.767499e+00 -2.300000e+01
      vertex   1.521070e+01 -3.576705e+00 -2.500000e+01
      vertex   1.549725e+01 -1.767499e+00 -2.500000e+01
    endloop
  endfacet
  facet normal 9.986295e-01 -5.233596e-02 0.000000e+00
    outer loop
      vertex   1.549725e+01 -1.767499e+00 -2.300000e+01
      vertex   1.549725e+01 -1.767499e+00 -2.500000e+01
      vertex   1.559311e+01 6.174949e-02 -2.300000e+01
    endloop
  endfacet
  facet normal 9.986295e-01 -5.233596e-02 0.000000e+00
    outer loop
      vertex   1.559311e+01 6.174949e-02 -2.300000e+01
      vertex   1.549725e+01 -1.767499e+00 -2.500000e+01
      vertex   1.559311e+01 6.174949e-02 -2.500000e+01
    endloop
  endfacet
  facet normal 9.986295e-01 5.233596e-02 0.000000e+00
    outer loop
      vertex   1.559311e+01 6.174949e-02 -2.300000e+01
      vertex   1.559311e+01 6.174949e-02 -2.500000e+01
      vertex   1.549725e+01 1.890998e+00 -2.300000e+01
    endloop
  endfacet
  facet normal 9.986295e-01 5.233596e-02 0.000000e+00
    outer loop
      vertex   1.549725e+01 1.890998e+00 -2.300000e+01
      vertex   1.559311e+01 6.174949e-02 -2.500000e+01
      vertex   1.549725e+01 1.890998e+00 -2.500000e+01
    endloop
  endfacet
  facet normal 9.876883e-01 1.564345e-01 0.000000e+00
    outer loop
      vertex   1.549725e+01 1.890998e+00 -2.300000e+01
      vertex   1.549725e+01 1.890998e+00 -2.500000e+01
      vertex   1.521070e+01 3.700204e+00 -2.300000e+01
    endloop
  endfacet
  facet normal 9.876883e-01 1.564345e-01 0.000000e+00
    outer loop
      vertex   1.521070e+01 3.700204e+00 -2.300000e+01
      vertex   1.549725e+01 1.890998e+00 -2.500000e+01
      vertex   1.521070e+01 3.700204e+00 -2.500000e+01
    endloop
  endfacet
  facet normal 9.659258e-01 2.588190e-01 0.000000e+00
    outer loop
      vertex   1.521070e+01 3.700204e+00 -2.300000e+01
      vertex   1.521070e+01 3.700204e+00 -2.500000e+01
      vertex   1.473660e+01 5.469547e+00 -2.300000e+01
    endloop
  endfacet
  facet normal 9.659258e-01 2.588190e-01 0.000000e+00
    outer loop
      vertex   1.473660e+01 5.469547e+00 -2.300000e+01
      vertex   1.521070e+01 3.700204e+00 -2.500000e+01
      vertex   1.473660e+01 5.469547e+00 -2.500000e+01
    endloop
  endfacet
  facet normal 9.335804e-01 3.583679e-01 0.000000e+00
    outer loop
      vertex   1.473660e+01 5.469547e+00 -2.300000e+01
      vertex   1.473660e+01 5.469547e+00 -2.500000e+01
      vertex   1.408016e+01 7.179641e+00 -2.300000e+01
    endloop
  endfacet
  facet normal 9.335804e-01 3.583679e-01 0.000000e+00
    outer loop
      vertex   1.408016e+01 7.179641e+00 -2.300000e+01
      vertex   1.473660e+01 5.469547e+00 -2.500000e+01
      vertex   1.408016e+01 7.179641e+00 -2.500000e+01
    endloop
  endfacet
  facet normal 8.910065e-01 4.539905e-01 0.000000e+00
    outer loop
      vertex   1.408016e+01 7.179641e+00 -2.300000e+01
      vertex   1.408016e+01 7.179641e+00 -2.500000e+01
      vertex   1.324856e+01 8.811749e+00 -2.300000e+01
    endloop
  endfacet
  facet normal 8.910065e-01 4.539905e-01 0.000000e+00
    outer loop
      vertex   1.324856e+01 8.811749e+00 -2.300000e+01
      vertex   1.408016e+01 7.179641e+00 -2.500000e+01
      vertex   1.324856e+01 8.811749e+00 -2.500000e+01
    endloop
  endfacet
  facet normal 8.386706e-01 5.446390e-01 0.000000e+00
    outer loop
      vertex   1.324856e+01 8.811749e+00 -2.300000e+01
      vertex   1.324856e+01 8.811749e+00 -2.500000e+01
      vertex   1.225091e+01 1.034799e+01 -2.300000e+01
    endloop
  endfacet
  facet normal 8.386706e-01 5.446390e-01 0.000000e+00
    outer loop
      vertex   1.225091e+01 1.034799e+01 -2.300000e+01
      vertex   1.324856e+01 8.811749e+00 -2.500000e+01
      vertex   1.225091e+01 1.034799e+01 -2.500000e+01
    endloop
  endfacet
  facet normal 7.771460e-01 6.293204e-01 0.000000e+00
    outer loop
      vertex   1.225091e+01 1.034799e+01 -2.300000e+01
      vertex   1.225091e+01 1.034799e+01 -2.500000e+01
      vertex   1.109815e+01 1.177154e+01 -2.300000e+01
    endloop
  endfacet
  facet normal 7.771460e-01 6.293204e-01 0.000000e+00
    outer loop
      vertex   1.109815e+01 1.177154e+01 -2.300000e+01
      vertex   1.225091e+01 1.034799e+01 -2.500000e+01
      vertex   1.109815e+01 1.177154e+01 -2.500000e+01
    endloop
  endfacet
  facet normal 7.071068e-01 7.071068e-01 0.000000e+00
    outer loop
      vertex   1.109815e+01 1.177154e+01 -2.300000e+01
      vertex   1.109815e+01 1.177154e+01 -2.500000e+01
      vertex   9.802898e+00 1.306678e+01 -2.300000e+01
    endloop
  endfacet
  facet normal 7.071068e-01 7.071068e-01 0.000000e+00
    outer loop
      vertex   9.802898e+00 1.306678e+01 -2.300000e+01
      vertex   1.109815e+01 1.177154e+01 -2.500000e+01
      vertex   9.802898e+00 1.306678e+01 -2.500000e+01
    endloop
  endfacet
  facet normal 6.293204e-01 7.771460e-01 0.000000e+00
    outer loop
      vertex   9.802898e+00 1.306678e+01 -2.300000e+01
      vertex   9.802898e+00 1.306678e+01 -2.500000e+01
      vertex   8.379354e+00 1.421955e+01 -2.300000e+01
    endloop
  endfacet
  facet normal 6.293204e-01 7.771460e-01 0.000000e+00
    outer loop
      vertex   8.379354e+00 1.421955e+01 -2.300000e+01
      vertex   9.802898e+00 1.306678e+01 -2.500000e+01
      vertex   8.379354e+00 1.421955e+01 -2.500000e+01
    endloop
  endfacet
  facet normal 5.446390e-01 8.386706e-01 0.000000e+00
    outer loop
      vertex   8.379354e+00 1.421955e+01 -2.300000e+01
      vertex   8.379354e+00 1.421955e+01 -2.500000e+01
      vertex   6.843112e+00 1.521719e+01 -2.300000e+01
    endloop
  endfacet
  facet normal 5.446390e-01 8.386706e-01 0.000000e+00
    outer loop
      vertex   6.843112e+00 1.521719e+01 -2.300000e+01
      vertex   8.379354e+00 1.421955e+01 -2.500000e+01
      vertex   6.843112e+00 1.521719e+01 -2.500000e+01
    endloop
  endfacet
  facet normal 4.539905e-01 8.910065e-01 0.000000e+00
    outer loop
      vertex   6.843112e+00 1.521719e+01 -2.300000e+01
      vertex   6.843112e+00 1.521719e+01 -2.500000e+01
      vertex   5.211003e+00 1.604879e+01 -2.300000e+01
    endloop
  endfacet
  facet normal 4.539905e-01 8.910065e-01 0.000000e+00
    outer loop
      vertex   5.211003e+00 1.604879e+01 -2.300000e+01
      vertex   6.843112e+00 1.521719e+01 -2.500000e+01
      vertex   5.211003e+00 1.604879e+01 -2.500000e+01
    endloop
  endfacet
  facet normal 3.583679e-01 9.335804e-01 0.000000e+00
    outer loop
      vertex   5.211003e+00 1.604879e+01 -2.300000e+01
      vertex   5.211003e+00 1.604879e+01 -2.500000e+01
      vertex   3.500910e+00 1.670524e+01 -2.300000e+01
    endloop
  endfacet
  facet normal 3.583679e-01 9.335804e-01 0.000000e+00
    outer loop
      vertex   3.500910e+00 1.670524e+01 -2.300000e+01
      vertex   5.211003e+00 1.604879e+01 -2.500000e+01
      vertex   3.500910e+00 1.670524e+01 -2.500000e+01
    endloop
  endfacet
  facet normal 2.588190e-01 9.659258e-01 0.000000e+00
    outer loop
      vertex   3.500910e+00 1.670524e+01 -2.300000e+01
      vertex   3.500910e+00 1.670524e+01 -2.500000e+01
      vertex   1.731567e+00 1.717933e+01 -2.300000e+01
    endloop
  endfacet
  facet normal 2.588190e-01 9.659258e-01 0.000000e+00
    outer loop
      vertex   1.731567e+00 1.717933e+01 -2.300000e+01
      vertex   3.500910e+00 1.670524e+01 -2.500000e+01
      vertex   1.731567e+00 1.717933e+01 -2.500000e+01
    endloop
  endfacet
  facet normal 1.564345e-01 9.876883e-01 0.000000e+00
    outer loop
      vertex   1.731567e+00 1.717933e+01 -2.300000e+01
      vertex   1.731567e+00 1.717933e+01 -2.500000e+01
      vertex   -7.763972e-02 1.746588e+01 -2.300000e+01
    endloop
  endfacet
  facet normal 1.564345e-01 9.876883e-01 0.000000e+00
    outer loop
      vertex   -7.763972e-02 1.746588e+01 -2.300000e+01
      vertex   1.731567e+00 1.717933e+01 -2.500000e+01
      vertex   -7.763972e-02 1.746588e+01 -2.500000e+01
    endloop
  endfacet
  facet normal 5.233596e-02 9.986295e-01 0.000000e+00
    outer loop
      vertex   -7.763972e-02 1.746588e+01 -2.300000e+01
      vertex   -7.763972e-02 1.746588e+01 -2.500000e+01
      vertex   -1.906888e+00 1.756175e+01 -2.300000e+01
    endloop
  endfacet
  facet normal 5.233596e-02 9.986295e-01 0.000000e+00
    outer loop
      vertex   -1.906888e+00 1.756175e+01 -2.300000e+01
      vertex   -7.763972e-02 1.746588e+01 -2.500000e+01
      vertex   -1.906888e+00 1.756175e+01 -2.500000e+01
    endloop
  endfacet
  facet normal -5.233596e-02 9.986295e-01 0.000000e+00
    outer loop
      vertex   -1.906888e+00 1.756175e+01 -2.300000e+01
      vertex   -1.906888e+00 1.756175e+01 -2.500000e+01
      vertex   -3.736136e+00 1.746588e+01 -2.300000e+01
    endloop
  endfacet
  facet normal -5.233596e-02 9.986295e-01 0.000000e+00
    outer loop
      vertex   -3.736136e+00 1.746588e+01 -2.300000e+01
      vertex   -1.906888e+00 1.756175e+01 -2.500000e+01
      vertex   -3.736136e+00 1.746588e+01 -2.500000e+01
    endloop
  endfacet
  facet normal -1.564345e-01 9.876883e-01 0.000000e+00
    outer loop
      vertex   -3.736136e+00 1.746588e+01 -2.300000e+01
      vertex   -3.736136e+00 1.746588e+01 -2.500000e+01
      vertex   -5.545342e+00 1.717933e+01 -2.300000e+01
    endloop
  endfacet
  facet normal -1.564345e-01 9.876883e-01 0.000000e+00
    outer loop
      vertex   -5.545342e+00 1.717933e+01 -2.300000e+01
      vertex   -3.736136e+00 1.746588e+01 -2.500000e+01
      vertex   -5.545342e+00 1.717933e+01 -2.500000e+01
    endloop
  endfacet
  facet normal -2.588190e-01 9.659258e-01 0.000000e+00
    outer loop
      vertex   -5.545342e+00 1.717933e+01 -2.300000e+01
      vertex   -5.545342e+00 1.717933e+01 -2.500000e+01
      vertex   -7.314685e+00 1.670524e+01 -2.300000e+01
    endloop
  endfacet
  facet normal -2.588190e-01 9.659258e-01 0.000000e+00
    outer loop
      vertex   -7.314685e+00 1.670524e+01 -2.300000e+01
      vertex   -5.545342e+00 1.717933e+01 -2.500000e+01
      vertex   -7.314685e+00 1.670524e+01 -2.500000e+01
    endloop
  endfacet
  facet normal -3.583679e-01 9.335804e-01 0.000000e+00
    outer loop
      vertex   -7.314685e+00 1.670524e+01 -2.300000e+01
      vertex   -7.314685e+00 1.670524e+01 -2.500000e+01
      vertex   -9.024779e+00 1.604879e+01 -2.300000e+01
    endloop
  endfacet
  facet normal -3.583679e-01 9.335804e-01 0.000000e+00
    outer loop
      vertex   -9.024779e+00 1.604879e+01 -2.300000e+01
      vertex   -7.314685e+00 1.670524e+01 -2.500000e+01
      vertex   -9.024779e+00 1.604879e+01 -2.500000e+01
    endloop
  endfacet
  facet normal -4.539905e-01 8.910065e-01 0.000000e+00
    outer loop
      vertex   -9.024779e+00 1.604879e+01 -2.300000e+01
      vertex   -9.024779e+00 1.604879e+01 -2.500000e+01
      vertex   -1.065689e+01 1.521719e+01 -2.300000e+01
    endloop
  endfacet
  facet normal -4.539905e-01 8.910065e-01 0.000000e+00
    outer loop
      vertex   -1.065689e+01 1.521719e+01 -2.300000e+01
      vertex   -9.024779e+00 1.604879e+01 -2.500000e+01
      vertex   -1.065689e+01 1.521719e+01 -2.500000e+01
    endloop
  endfacet
  facet normal -5.446390e-01 8.386706e-01 0.000000e+00
    outer loop
      vertex   -1.065689e+01 1.521719e+01 -2.300000e+01
      vertex   -1.065689e+01 1.521719e+01 -2.500000e+01
      vertex   -1.219313e+01 1.421955e+01 -2.300000e+01
    endloop
  endfacet
  facet normal -5.446390e-01 8.386706e-01 0.000000e+00
    outer loop
      vertex   -1.219313e+01 1.421955e+01 -2.300000e+01
      vertex   -1.065689e+01 1.521719e+01 -2.500000e+01
      vertex   -1.219313e+01 1.421955e+01 -2.500000e+01
    endloop
  endfacet
  facet normal -6.293204e-01 7.771460e-01 0.000000e+00
    outer loop
      vertex   -1.219313e+01 1.421955e+01 -2.300000e+01
      vertex   -1.219313e+01 1.421955e+01 -2.500000e+01
      vertex   -1.361667e+01 1.306678e+01 -2.300000e+01
    endloop
  endfacet
  facet normal -6.293204e-01 7.771460e-01 0.000000e+00
    outer loop
      vertex   -1.361667e+01 1.306678e+01 -2.300000e+01
      vertex   -1.219313e+01 1.421955e+01 -2.500000e+01
      vertex   -1.361667e+01 1.306678e+01 -2.500000e+01
    endloop
  endfacet
  facet normal -7.071068e-01 7.071068e-01 0.000000e+00
    outer loop
      vertex   -1.361667e+01 1.306678e+01 -2.300000e+01
      vertex   -1.361667e+01 1.306678e+01 -2.500000e+01
      vertex   -1.491192e+01 1.177154e+01 -2.300000e+01
    endloop
  endfacet
  facet normal -7.071068e-01 7.071068e-01 0.000000e+00
    outer loop
      vertex   -1.491192e+01 1.177154e+01 -2.300000e+01
      vertex   -1.361667e+01 1.306678e+01 -2.500000e+01
      vertex   -1.491192e+01 1.177154e+01 -2.500000e+01
    endloop
  endfacet
  facet normal -7.771460e-01 6.293204e-01 0.000000e+00
    outer loop
      vertex   -1.491192e+01 1.177154e+01 -2.300000e+01
      vertex   -1.491192e+01 1.177154e+01 -2.500000e+01
      vertex   -1.606469e+01 1.034799e+01 -2.300000e+01
    endloop
  endfacet
  facet normal -7.771460e-01 6.293204e-01 0.000000e+00
    outer loop
      vertex   -1.606469e+01 1.034799e+01 -2.300000e+01
      vertex   -1.491192e+01 1.177154e+01 -2.500000e+01
      vertex   -1.606469e+01 1.034799e+01 -2.500000e+01
    endloop
  endfacet
  facet normal -8.386706e-01 5.446390e-01 0.000000e+00
    outer loop
      vertex   -1.606469e+01 1.034799e+01 -2.300000e+01
      vertex   -1.606469e+01 1.034799e+01 -2.500000e+01
      vertex   -1.706233e+01 8.811749e+00 -2.300000e+01
    endloop
  endfacet
  facet normal -8.386706e-01 5.446390e-01 0.000000e+00
    outer loop
      vertex   -1.706233e+01 8.811749e+00 -2.300000e+01
      vertex   -1.606469e+01 1.034799e+01 -2.500000e+01
      vertex   -1.706233e+01 8.811749e+00 -2.500000e+01
    endloop
  endfacet
  facet normal -8.910065e-01 4.539905e-01 0.000000e+00
    outer loop
      vertex   -1.706233e+01 8.811749e+00 -2.300000e+01
      vertex   -1.706233e+01 8.811749e+00 -2.500000e+01
      vertex   -1.789393e+01 7.179641e+00 -2.300000e+01
    endloop
  endfacet
  facet normal -8.910065e-01 4.539905e-01 0.000000e+00
    outer loop
      vertex   -1.789393e+01 7.179641e+00 -2.300000e+01
      vertex   -1.706233e+01 8.811749e+00 -2.500000e+01
      vertex   -1.789393e+01 7.179641e+00 -2.500000e+01
    endloop
  endfacet
  facet normal -9.335804e-01 3.583679e-01 0.000000e+00
    outer loop
      vertex   -1.789393e+01 7.179641e+00 -2.300000e+01
      vertex   -1.789393e+01 7.179641e+00 -2.500000e+01
      vertex   -1.855038e+01 5.469547e+00 -2.300000e+01
    endloop
  endfacet
  facet normal -9.335804e-01 3.583679e-01 0.000000e+00
    outer loop
      vertex   -1.855038e+01 5.469547e+00 -2.300000e+01
      vertex   -1.789393e+01 7.179641e+00 -2.500000e+01
      vertex   -1.855038e+01 5.469547e+00 -2.500000e+01
    endloop
  endfacet
  facet normal -9.659258e-01 2.588190e-01 0.000000e+00
    outer loop
      vertex   -1.855038e+01 5.469547e+00 -2.300000e+01
      vertex   -1.855038e+01 5.469547e+00 -2.500000e+01
      vertex   -1.902447e+01 3.700204e+00 -2.300000e+01
    endloop
  endfacet
  facet normal -9.659258e-01 2.588190e-01 0.000000e+00
    outer loop
      vertex   -1.902447e+01 3.700204e+00 -2.300000e+01
      vertex   -1.855038e+01 5.469547e+00 -2.500000e+01
      vertex   -1.902447e+01 3.700204e+00 -2.500000e+01
    endloop
  endfacet
  facet normal -9.876883e-01 1.564345e-01 0.000000e+00
    outer loop
      vertex   -1.902447e+01 3.700204e+00 -2.300000e+01
      vertex   -1.902447e+01 3.700204e+00 -2.500000e+01
      vertex   -1.931102e+01 1.890998e+00 -2.300000e+01
    endloop
  endfacet
  facet normal -9.876883e-01 1.564345e-01 0.000000e+00
    outer loop
      vertex   -1.931102e+01 1.890998e+00 -2.300000e+01
      vertex   -1.902447e+01 3.700204e+00 -2.500000e+01
      vertex   -1.931102e+01 1.890998e+00 -2.500000e+01
    endloop
  endfacet
  facet normal 0.000000e+00 0.000000e+00 1.000000e+00
    outer loop
      vertex   -1.681257e+01 1.741217e+00 -2.300000e+01
      vertex   -1.931102e+01 1.890998e+00 -2.300000e+01
      vertex   -1.690689e+01 6.174949e-02 -2.300000e+01
    endloop
  endfacet
  facet normal 0.000000e+00 0.000000e+00 1.000000e+00
    outer loop
      vertex   -1.690689e+01 6.174949e-02 -2.300000e+01
      vertex   -1.931102e+01 1.890998e+00 -2.300000e+01
      vertex   -1.940689e+01 6.174949e-02 -2.300000e+01
    endloop
  endfacet
  facet normal 0.000000e+00 0.000000e+00 1.000000e+00
    outer loop
      vertex   -1.690689e+01 6.174949e-02 -2.300000e+01
      vertex   -1.940689e+01 6.174949e-02 -2.300000e+01
      vertex   -1.931102e+01 -1.767499e+00 -2.300000e+01
    endloop
  endfacet
  facet normal -0.000000e+00 0.000000e+00 1.000000e+00
    outer loop
      vertex   -1.931102e+01 1.890998e+00 -2.300000e+01
      vertex   -1.681257e+01 1.741217e+00 -2.300000e+01
      vertex   -1.902447e+01 3.700204e+00 -2.300000e+01
    endloop
  endfacet
  facet normal 0.000000e+00 0.000000e+00 1.000000e+00
    outer loop
      vertex   -1.902447e+01 3.700204e+00 -2.300000e+01
      vertex   -1.681257e+01 1.741217e+00 -2.300000e+01
      vertex   -1.653081e+01 3.399563e+00 -2.300000e+01
    endloop
  endfacet
  facet normal -0.000000e+00 0.000000e+00 1.000000e+00
    outer loop
      vertex   -1.902447e+01 3.700204e+00 -2.300000e+01
      vertex   -1.653081e+01 3.399563e+00 -2.300000e+01
      vertex   -1.855038e+01 5.469547e+00 -2.300000e+01
    endloop
  endfacet
  facet normal 0.000000e+00 0.000000e+00 1.000000e+00
    outer loop
      vertex   -1.855038e+01 5.469547e+00 -2.300000e+01
      vertex   -1.653081e+01 3.399563e+00 -2.300000e+01
      vertex   -1.606514e+01 5.015935e+00 -2.300000e+01
    endloop
  endfacet
  facet normal -0.000000e+00 0.000000e+00 1.000000e+00
    outer loop
      vertex   -1.855038e+01 5.469547e+00 -2.300000e+01
      vertex   -1.606514e+01 5.015935e+00 -2.300000e+01
      vertex   -1.789393e+01 7.179641e+00 -2.300000e+01
    endloop
  endfacet
  facet normal 0.000000e+00 0.000000e+00 1.000000e+00
    outer loop
      vertex   -1.789393e+01 7.179641e+00 -2.300000e+01
      vertex   -1.606514e+01 5.015935e+00 -2.300000e+01
      vertex   -1.542142e+01 6.570006e+00 -2.300000e+01
    endloop
  endfacet
  facet normal -0.000000e+00 0.000000e+00 1.000000e+00
    outer loop
      vertex   -1.789393e+01 7.179641e+00 -2.300000e+01
      vertex   -1.542142e+01 6.570006e+00 -2.300000e+01
      vertex   -1.706233e+01 8.811749e+00 -2.300000e+01
    endloop
  endfacet
  facet normal 0.000000e+00 0.000000e+00 1.000000e+00
    outer loop
      vertex   -1.706233e+01 8.811749e+00 -2.300000e+01
      vertex   -1.542142e+01 6.570006e+00 -2.300000e+01
      vertex   -1.460775e+01 8.042231e+00 -2.300000e+01
    endloop
  endfacet
  facet normal -0.000000e+00 0.000000e+00 1.000000e+00
    outer loop
      vertex   -1.706233e+01 8.811749e+00 -2.300000e+01
      vertex   -1.460775e+01 8.042231e+00 -2.300000e+01
      vertex   -1.606469e+01 1.034799e+01 -2.300000e+01
    endloop
  endfacet
  facet normal 0.000000e+00 0.000000e+00 1.000000e+00
    outer loop
      vertex   -1.606469e+01 1.034799e+01 -2.300000e+01
      vertex   -1.460775e+01 8.042231e+00 -2.300000e+01
      vertex   -1.363436e+01 9.414097e+00 -2.300000e+01
    endloop
  endfacet
  facet normal -0.000000e+00 0.000000e+00 1.000000e+00
    outer loop
      vertex   -1.606469e+01 1.034799e+01 -2.300000e+01
      vertex   -1.363436e+01 9.414097e+00 -2.300000e+01
      vertex   -1.491192e+01 1.177154e+01 -2.300000e+01
    endloop
  endfacet
  facet normal 0.000000e+00 0.000000e+00 1.000000e+00
    outer loop
      vertex   -1.491192e+01 1.177154e+01 -2.300000e+01
      vertex   -1.363436e+01 9.414097e+00 -2.300000e+01
      vertex   -1.251349e+01 1.066835e+01 -2.300000e+01
    endloop
  endfacet
  facet normal -0.000000e+00 0.000000e+00 1.000000e+00
    outer loop
      vertex   -1.491192e+01 1.177154e+01 -2.300000e+01
      vertex   -1.251349e+01 1.066835e+01 -2.300000e+01
      vertex   -1.361667e+01 1.306678e+01 -2.300000e+01
    endloop
  endfacet
  facet normal 0.000000e+00 0.000000e+00 1.000000e+00
    outer loop
      vertex   -1.361667e+01 1.306678e+01 -2.300000e+01
      vertex   -1.251349e+01 1.066835e+01 -2.300000e+01
      vertex   -1.125923e+01 1.178922e+01 -2.300000e+01
    endloop
  endfacet
  facet normal -0.000000e+00 0.000000e+00 1.000000e+00
    outer loop
      vertex   -1.361667e+01 1.306678e+01 -2.300000e+01
      vertex   -1.125923e+01 1.178922e+01 -2.300000e+01
      vertex   -1.219313e+01 1.421955e+01 -2.300000e+01
    endloop
  endfacet
  facet normal 0.000000e+00 0.000000e+00 1.000000e+00
    outer loop
      vertex   -1.219313e+01 1.421955e+01 -2.300000e+01
      vertex   -1.125923e+01 1.178922e+01 -2.300000e+01
      vertex   -9.887369e+00 1.276261e+01 -2.300000e+01
    endloop
  endfacet
  facet normal -0.000000e+00 0.000000e+00 1.000000e+00
    outer loop
      vertex   -1.219313e+01 1.421955e+01 -2.300000e+01
      vertex   -9.887369e+00 1.276261e+01 -2.300000e+01
      vertex   -1.065689e+01 1.521719e+01 -2.300000e+01
    endloop
  endfacet
  facet normal 0.000000e+00 0.000000e+00 1.000000e+00
    outer loop
      vertex   -1.065689e+01 1.521719e+01 -2.300000e+01
      vertex   -9.887369e+00 1.276261e+01 -2.300000e+01
      vertex   -8.415144e+00 1.357628e+01 -2.300000e+01
    endloop
  endfacet
  facet normal -0.000000e+00 0.000000e+00 1.000000e+00
    outer loop
      vertex   -1.065689e+01 1.521719e+01 -2.300000e+01
      vertex   -8.415144e+00 1.357628e+01 -2.300000e+01
      vertex   -9.024779e+00 1.604879e+01 -2.300000e+01
    endloop
  endfacet
  facet normal 0.000000e+00 0.000000e+00 1.000000e+00
    outer loop
      vertex   -9.024779e+00 1.604879e+01 -2.300000e+01
      vertex   -8.415144e+00 1.357628e+01 -2.300000e+01
      vertex   -6.861074e+00 1.422000e+01 -2.300000e+01
    endloop
  endfacet
  facet normal -0.000000e+00 0.000000e+00 1.000000e+00
    outer loop
      vertex   -9.024779e+00 1.604879e+01 -2.300000e+01
      vertex   -6.861074e+00 1.422000e+01 -2.300000e+01
      vertex   -7.314685e+00 1.670524e+01 -2.300000e+01
    endloop
  endfacet
  facet normal 0.000000e+00 0.000000e+00 1.000000e+00
    outer loop
      vertex   -7.314685e+00 1.670524e+01 -2.300000e+01
      vertex   -6.861074e+00 1.422000e+01 -2.300000e+01
      vertex   -5.244702e+00 1.468567e+01 -2.300000e+01
    endloop
  endfacet
  facet normal -0.000000e+00 0.000000e+00 1.000000e+00
    outer loop
      vertex   -7.314685e+00 1.670524e+01 -2.300000e+01
      vertex   -5.244702e+00 1.468567e+01 -2.300000e+01
      vertex   -5.545342e+00 1.717933e+01 -2.300000e+01
    endloop
  endfacet
  facet normal 0.000000e+00 0.000000e+00 1.000000e+00
    outer loop
      vertex   -5.545342e+00 1.717933e+01 -2.300000e+01
      vertex   -5.244702e+00 1.468567e+01 -2.300000e+01
      vertex   -3.586355e+00 1.496743e+01 -2.300000e+01
    endloop
  endfacet
  facet normal -0.000000e+00 0.000000e+00 1.000000e+00
    outer loop
      vertex   -5.545342e+00 1.717933e+01 -2.300000e+01
      vertex   -3.586355e+00 1.496743e+01 -2.300000e+01
      vertex   -3.736136e+00 1.746588e+01 -2.300000e+01
    endloop
  endfacet
  facet normal 0.000000e+00 0.000000e+00 1.000000e+00
    outer loop
      vertex   -3.736136e+00 1.746588e+01 -2.300000e+01
      vertex   -3.586355e+00 1.496743e+01 -2.300000e+01
      vertex   -1.906888e+00 1.506175e+01 -2.300000e+01
    endloop
  endfacet
  facet normal -0.000000e+00 0.000000e+00 1.000000e+00
    outer loop
      vertex   -3.736136e+00 1.746588e+01 -2.300000e+01
      vertex   -1.906888e+00 1.506175e+01 -2.300000e+01
      vertex   -1.906888e+00 1.756175e+01 -2.300000e+01
    endloop
  endfacet
  facet normal 0.000000e+00 0.000000e+00 1.000000e+00
    outer loop
      vertex   -1.906888e+00 1.756175e+01 -2.300000e+01
      vertex   -1.906888e+00 1.506175e+01 -2.300000e+01
      vertex   -7.763972e-02 1.746588e+01 -2.300000e+01
    endloop
  endfacet
  facet normal 0.000000e+00 0.000000e+00 1.000000e+00
    outer loop
      vertex   -7.763972e-02 1.746588e+01 -2.300000e+01
      vertex   -1.906888e+00 1.506175e+01 -2.300000e+01
      vertex   -2.274207e-01 1.496743e+01 -2.300000e+01
    endloop
  endfacet
  facet normal 0.000000e+00 0.000000e+00 1.000000e+00
    outer loop
      vertex   -7.763972e-02 1.746588e+01 -2.300000e+01
      vertex   -2.274207e-01 1.496743e+01 -2.300000e+01
      vertex   1.731567e+00 1.717933e+01 -2.300000e+01
    endloop
  endfacet
  facet normal 0.000000e+00 0.000000e+00 1.000000e+00
    outer loop
      vertex   1.731567e+00 1.717933e+01 -2.300000e+01
      vertex   -2.274207e-01 1.496743e+01 -2.300000e+01
      vertex   1.430926e+00 1.468567e+01 -2.300000e+01
    endloop
  endfacet
  facet normal 0.000000e+00 0.000000e+00 1.000000e+00
    outer loop
      vertex   1.731567e+00 1.717933e+01 -2.300000e+01
      vertex   1.430926e+00 1.468567e+01 -2.300000e+01
      vertex   3.500910e+00 1.670524e+01 -2.300000e+01
    endloop
  endfacet
  facet normal 0.000000e+00 0.000000e+00 1.000000e+00
    outer loop
      vertex   3.500910e+00 1.670524e+01 -2.300000e+01
      vertex   1.430926e+00 1.468567e+01 -2.300000e+01
      vertex   3.047298e+00 1.422000e+01 -2.300000e+01
    endloop
  endfacet
  facet normal 0.000000e+00 0.000000e+00 1.000000e+00
    outer loop
      vertex   3.500910e+00 1.670524e+01 -2.300000e+01
      vertex   3.047298e+00 1.422000e+01 -2.300000e+01
      vertex   5.211003e+00 1.604879e+01 -2.300000e+01
    endloop
  endfacet
  facet normal 0.000000e+00 0.000000e+00 1.000000e+00
    outer loop
      vertex   5.211003e+00 1.604879e+01 -2.300000e+01
      vertex   3.047298e+00 1.422000e+01 -2.300000e+01
      vertex   4.601368e+00 1.357628e+01 -2.300000e+01
    endloop
  endfacet
  facet normal 0.000000e+00 0.000000e+00 1.000000e+00
    outer loop
      vertex   5.211003e+00 1.604879e+01 -2.300000e+01
      vertex   4.601368e+00 1.357628e+01 -2.300000e+01
      vertex   6.843112e+00 1.521719e+01 -2.300000e+01
    endloop
  endfacet
  facet normal 0.000000e+00 0.000000e+00 1.000000e+00
    outer loop
      vertex   6.843112e+00 1.521719e+01 -2.300000e+01
      vertex   4.601368e+00 1.357628e+01 -2.300000e+01
      vertex   6.073593e+00 1.276261e+01 -2.300000e+01
    endloop
  endfacet
  facet normal 0.000000e+00 0.000000e+00 1.000000e+00
    outer loop
      vertex   6.843112e+00 1.521719e+01 -2.300000e+01
      vertex   6.073593e+00 1.276261e+01 -2.300000e+01
      vertex   8.379354e+00 1.421955e+01 -2.300000e+01
    endloop
  endfacet
  facet normal 0.000000e+00 0.000000e+00 1.000000e+00
    outer loop
      vertex   8.379354e+00 1.421955e+01 -2.300000e+01
      vertex   6.073593e+00 1.276261e+01 -2.300000e+01
      vertex   7.445459e+00 1.178922e+01 -2.300000e+01
    endloop
  endfacet
  facet normal 0.000000e+00 0.000000e+00 1.000000e+00
    outer loop
      vertex   8.379354e+00 1.421955e+01 -2.300000e+01
      vertex   7.445459e+00 1.178922e+01 -2.300000e+01
      vertex   9.802898e+00 1.306678e+01 -2.300000e+01
    endloop
  endfacet
  facet normal 0.000000e+00 0.000000e+00 1.000000e+00
    outer loop
      vertex   9.802898e+00 1.306678e+01 -2.300000e+01
      vertex   7.445459e+00 1.178922e+01 -2.300000e+01
      vertex   8.699714e+00 1.066835e+01 -2.300000e+01
    endloop
  endfacet
  facet normal 0.000000e+00 0.000000e+00 1.000000e+00
    outer loop
      vertex   9.802898e+00 1.306678e+01 -2.300000e+01
      vertex   8.699714e+00 1.066835e+01 -2.300000e+01
      vertex   1.109815e+01 1.177154e+01 -2.300000e+01
    endloop
  endfacet
  facet normal 0.000000e+00 0.000000e+00 1.000000e+00
    outer loop
      vertex   1.109815e+01 1.177154e+01 -2.300000e+01
      vertex   8.699714e+00 1.066835e+01 -2.300000e+01
      vertex   9.820584e+00 9.414097e+00 -2.300000e+01
    endloop
  endfacet
  facet normal 0.000000e+00 0.000000e+00 1.000000e+00
    outer loop
      vertex   1.109815e+01 1.177154e+01 -2.300000e+01
      vertex   9.820584e+00 9.414097e+00 -2.300000e+01
      vertex   1.225091e+01 1.034799e+01 -2.300000e+01
    endloop
  endfacet
  facet normal 0.000000e+00 0.000000e+00 1.000000e+00
    outer loop
      vertex   1.225091e+01 1.034799e+01 -2.300000e+01
      vertex   9.820584e+00 9.414097e+00 -2.300000e+01
      vertex   1.079398e+01 8.042231e+00 -2.300000e+01
    endloop
  endfacet
  facet normal 0.000000e+00 0.000000e+00 1.000000e+00
    outer loop
      vertex   1.225091e+01 1.034799e+01 -2.300000e+01
      vertex   1.079398e+01 8.042231e+00 -2.300000e+01
      vertex   1.324856e+01 8.811749e+00 -2.300000e+01
    endloop
  endfacet
  facet normal 0.000000e+00 0.000000e+00 1.000000e+00
    outer loop
      vertex   1.324856e+01 8.811749e+00 -2.300000e+01
      vertex   1.079398e+01 8.042231e+00 -2.300000e+01
      vertex   1.160765e+01 6.570006e+00 -2.300000e+01
    endloop
  endfacet
  facet normal 0.000000e+00 0.000000e+00 1.000000e+00
    outer loop
      vertex   1.324856e+01 8.811749e+00 -2.300000e+01
      vertex   1.160765e+01 6.570006e+00 -2.300000e+01
      vertex   1.408016e+01 7.179641e+00 -2.300000e+01
    endloop
  endfacet
  facet normal 0.000000e+00 0.000000e+00 1.000000e+00
    outer loop
      vertex   1.408016e+01 7.179641e+00 -2.300000e+01
      vertex   1.160765e+01 6.570006e+00 -2.300000e+01
      vertex   1.225136e+01 5.015935e+00 -2.300000e+01
    endloop
  endfacet
  facet normal 0.000000e+00 0.000000e+00 1.000000e+00
    outer loop
      vertex   1.408016e+01 7.179641e+00 -2.300000e+01
      vertex   1.225136e+01 5.015935e+00 -2.300000e+01
      vertex   1.473660e+01 5.469547e+00 -2.300000e+01
    endloop
  endfacet
  facet normal 0.000000e+00 0.000000e+00 1.000000e+00
    outer loop
      vertex   1.473660e+01 5.469547e+00 -2.300000e+01
      vertex   1.225136e+01 5.015935e+00 -2.300000e+01
      vertex   1.271703e+01 3.399563e+00 -2.300000e+01
    endloop
  endfacet
  facet normal 0.000000e+00 0.000000e+00 1.000000e+00
    outer loop
      vertex   1.473660e+01 5.469547e+00 -2.300000e+01
      vertex   1.271703e+01 3.399563e+00 -2.300000e+01
      vertex   1.521070e+01 3.700204e+00 -2.300000e+01
    endloop
  endfacet
  facet normal 0.000000e+00 0.000000e+00 1.000000e+00
    outer loop
      vertex   1.521070e+01 3.700204e+00 -2.300000e+01
      vertex   1.271703e+01 3.399563e+00 -2.300000e+01
      vertex   1.299880e+01 1.741217e+00 -2.300000e+01
    endloop
  endfacet
  facet normal 0.000000e+00 0.000000e+00 1.000000e+00
    outer loop
      vertex   1.521070e+01 3.700204e+00 -2.300000e+01
      vertex   1.299880e+01 1.741217e+00 -2.300000e+01
      vertex   1.549725e+01 1.890998e+00 -2.300000e+01
    endloop
  endfacet
  facet normal 0.000000e+00 0.000000e+00 1.000000e+00
    outer loop
      vertex   1.549725e+01 1.890998e+00 -2.300000e+01
      vertex   1.299880e+01 1.741217e+00 -2.300000e+01
      vertex   1.309311e+01 6.174949e-02 -2.300000e+01
    endloop
  endfacet
  facet normal 0.000000e+00 0.000000e+00 1.000000e+00
    outer loop
      vertex   1.549725e+01 1.890998e+00 -2.300000e+01
      vertex   1.309311e+01 6.174949e-02 -2.300000e+01
      vertex   1.559311e+01 6.174949e-02 -2.300000e+01
    endloop
  endfacet
  facet normal 0.000000e+00 0.000000e+00 1.000000e+00
    outer loop
      vertex   1.559311e+01 6.174949e-02 -2.300000e+01
      vertex   1.309311e+01 6.174949e-02 -2.300000e+01
      vertex   1.549725e+01 -1.767499e+00 -2.300000e+01
    endloop
  endfacet
  facet normal 0.000000e+00 0.000000e+00 1.000000e+00
    outer loop
      vertex   1.549725e+01 -1.767499e+00 -2.300000e+01
      vertex   1.309311e+01 6.174949e-02 -2.300000e+01
      vertex   1.299880e+01 -1.617718e+00 -2.300000e+01
    endloop
  endfacet
  facet normal 0.000000e+00 0.000000e+00 1.000000e+00
    outer loop
      vertex   1.549725e+01 -1.767499e+00 -2.300000e+01
      vertex   1.299880e+01 -1.617718e+00 -2.300000e+01
      vertex   1.521070e+01 -3.576705e+00 -2.300000e+01
    endloop
  endfacet
  facet normal 0.000000e+00 0.000000e+00 1.000000e+00
    outer loop
      vertex   1.521070e+01 -3.576705e+00 -2.300000e+01
      vertex   1.299880e+01 -1.617718e+00 -2.300000e+01
      vertex   1.271703e+01 -3.276065e+00 -2.300000e+01
    endloop
  endfacet
  facet normal 0.000000e+00 0.000000e+00 1.000000e+00
    outer loop
      vertex   1.521070e+01 -3.576705e+00 -2.300000e+01
      vertex   1.271703e+01 -3.276065e+00 -2.300000e+01
      vertex   1.473660e+01 -5.346048e+00 -2.300000e+01
    endloop
  endfacet
  facet normal 0.000000e+00 0.000000e+00 1.000000e+00
    outer loop
      vertex   1.473660e+01 -5.346048e+00 -2.300000e+01
      vertex   1.271703e+01 -3.276065e+00 -2.300000e+01
      vertex   1.225136e+01 -4.892436e+00 -2.300000e+01
    endloop
  endfacet
  facet normal 0.000000e+00 0.000000e+00 1.000000e+00
    outer loop
      vertex   1.473660e+01 -5.346048e+00 -2.300000e+01
      vertex   1.225136e+01 -4.892436e+00 -2.300000e+01
      vertex   1.408016e+01 -7.056142e+00 -2.300000e+01
    endloop
  endfacet
  facet normal 0.000000e+00 0.000000e+00 1.000000e+00
    outer loop
      vertex   1.408016e+01 -7.056142e+00 -2.300000e+01
      vertex   1.225136e+01 -4.892436e+00 -2.300000e+01
      vertex   1.160765e+01 -6.446507e+00 -2.300000e+01
    endloop
  endfacet
  facet normal 0.000000e+00 0.000000e+00 1.000000e+00
    outer loop
      vertex   1.408016e+01 -7.056142e+00 -2.300000e+01
      vertex   1.160765e+01 -6.446507e+00 -2.300000e+01
      vertex   1.324856e+01 -8.688251e+00 -2.300000e+01
    endloop
  endfacet
  facet normal 0.000000e+00 0.000000e+00 1.000000e+00
    outer loop
      vertex   1.324856e+01 -8.688251e+00 -2.300000e+01
      vertex   1.160765e+01 -6.446507e+00 -2.300000e+01
      vertex   1.079398e+01 -7.918732e+00 -2.300000e+01
    endloop
  endfacet
  facet normal 0.000000e+00 0.000000e+00 1.000000e+00
    outer loop
      vertex   1.324856e+01 -8.688251e+00 -2.300000e+01
      vertex   1.079398e+01 -7.918732e+00 -2.300000e+01
      vertex   1.225091e+01 -1.022449e+01 -2.300000e+01
    endloop
  endfacet
  facet normal 0.000000e+00 0.000000e+00 1.000000e+00
    outer loop
      vertex   1.225091e+01 -1.022449e+01 -2.300000e+01
      vertex   1.079398e+01 -7.918732e+00 -2.300000e+01
      vertex   9.820584e+00 -9.290598e+00 -2.300000e+01
    endloop
  endfacet
  facet normal 0.000000e+00 0.000000e+00 1.000000e+00
    outer loop
      vertex   1.225091e+01 -1.022449e+01 -2.300000e+01
      vertex   9.820584e+00 -9.290598e+00 -2.300000e+01
      vertex   1.109815e+01 -1.164804e+01 -2.300000e+01
    endloop
  endfacet
  facet normal 0.000000e+00 0.000000e+00 1.000000e+00
    outer loop
      vertex   1.109815e+01 -1.164804e+01 -2.300000e+01
      vertex   9.820584e+00 -9.290598e+00 -2.300000e+01
      vertex   8.699714e+00 -1.054485e+01 -2.300000e+01
    endloop
  endfacet
  facet normal 0.000000e+00 0.000000e+00 1.000000e+00
    outer loop
      vertex   1.109815e+01 -1.164804e+01 -2.300000e+01
      vertex   8.699714e+00 -1.054485e+01 -2.300000e+01
      vertex   9.802898e+00 -1.294328e+01 -2.300000e+01
    endloop
  endfacet
  facet normal 0.000000e+00 0.000000e+00 1.000000e+00
    outer loop
      vertex   9.802898e+00 -1.294328e+01 -2.300000e+01
      vertex   8.699714e+00 -1.054485e+01 -2.300000e+01
      vertex   7.445459e+00 -1.166572e+01 -2.300000e+01
    endloop
  endfacet
  facet normal 0.000000e+00 0.000000e+00 1.000000e+00
    outer loop
      vertex   9.802898e+00 -1.294328e+01 -2.300000e+01
      vertex   7.445459e+00 -1.166572e+01 -2.300000e+01
      vertex   8.379354e+00 -1.409605e+01 -2.300000e+01
    endloop
  endfacet
  facet normal 0.000000e+00 0.000000e+00 1.000000e+00
    outer loop
      vertex   8.379354e+00 -1.409605e+01 -2.300000e+01
      vertex   7.445459e+00 -1.166572e+01 -2.300000e+01
      vertex   6.073593e+00 -1.263911e+01 -2.300000e+01
    endloop
  endfacet
  facet normal 0.000000e+00 0.000000e+00 1.000000e+00
    outer loop
      vertex   8.379354e+00 -1.409605e+01 -2.300000e+01
      vertex   6.073593e+00 -1.263911e+01 -2.300000e+01
      vertex   6.843112e+00 -1.509370e+01 -2.300000e+01
    endloop
  endfacet
  facet normal 0.000000e+00 0.000000e+00 1.000000e+00
    outer loop
      vertex   6.843112e+00 -1.509370e+01 -2.300000e+01
      vertex   6.073593e+00 -1.263911e+01 -2.300000e+01
      vertex   4.601368e+00 -1.345278e+01 -2.300000e+01
    endloop
  endfacet
  facet normal 0.000000e+00 0.000000e+00 1.000000e+00
    outer loop
      vertex   6.843112e+00 -1.509370e+01 -2.300000e+01
      vertex   4.601368e+00 -1.345278e+01 -2.300000e+01
      vertex   5.211003e+00 -1.592530e+01 -2.300000e+01
    endloop
  endfacet
  facet normal 0.000000e+00 0.000000e+00 1.000000e+00
    outer loop
      vertex   5.211003e+00 -1.592530e+01 -2.300000e+01
      vertex   4.601368e+00 -1.345278e+01 -2.300000e+01
      vertex   3.047298e+00 -1.409650e+01 -2.300000e+01
    endloop
  endfacet
  facet normal 0.000000e+00 0.000000e+00 1.000000e+00
    outer loop
      vertex   5.211003e+00 -1.592530e+01 -2.300000e+01
      vertex   3.047298e+00 -1.409650e+01 -2.300000e+01
      vertex   3.500910e+00 -1.658174e+01 -2.300000e+01
    endloop
  endfacet
  facet normal 0.000000e+00 0.000000e+00 1.000000e+00
    outer loop
      vertex   3.500910e+00 -1.658174e+01 -2.300000e+01
      vertex   3.047298e+00 -1.409650e+01 -2.300000e+01
      vertex   1.430926e+00 -1.456217e+01 -2.300000e+01
    endloop
  endfacet
  facet normal 0.000000e+00 0.000000e+00 1.000000e+00
    outer loop
      vertex   3.500910e+00 -1.658174e+01 -2.300000e+01
      vertex   1.430926e+00 -1.456217e+01 -2.300000e+01
      vertex   1.731567e+00 -1.705583e+01 -2.300000e+01
    endloop
  endfacet
  facet normal 0.000000e+00 0.000000e+00 1.000000e+00
    outer loop
      vertex   1.731567e+00 -1.705583e+01 -2.300000e+01
      vertex   1.430926e+00 -1.456217e+01 -2.300000e+01
      vertex   -2.274207e-01 -1.484393e+01 -2.300000e+01
    endloop
  endfacet
  facet normal 0.000000e+00 0.000000e+00 1.000000e+00
    outer loop
      vertex   1.731567e+00 -1.705583e+01 -2.300000e+01
      vertex   -2.274207e-01 -1.484393e+01 -2.300000e+01
      vertex   -7.763972e-02 -1.734238e+01 -2.300000e+01
    endloop
  endfacet
  facet normal 0.000000e+00 0.000000e+00 1.000000e+00
    outer loop
      vertex   -7.763972e-02 -1.734238e+01 -2.300000e+01
      vertex   -2.274207e-01 -1.484393e+01 -2.300000e+01
      vertex   -1.906888e+00 -1.493825e+01 -2.300000e+01
    endloop
  endfacet
  facet normal 0.000000e+00 0.000000e+00 1.000000e+00
    outer loop
      vertex   -7.763972e-02 -1.734238e+01 -2.300000e+01
      vertex   -1.906888e+00 -1.493825e+01 -2.300000e+01
      vertex   -1.906888e+00 -1.743825e+01 -2.300000e+01
    endloop
  endfacet
  facet normal 0.000000e+00 0.000000e+00 1.000000e+00
    outer loop
      vertex   -1.906888e+00 -1.743825e+01 -2.300000e+01
      vertex   -1.906888e+00 -1.493825e+01 -2.300000e+01
      vertex   -3.736136e+00 -1.734238e+01 -2.300000e+01
    endloop
  endfacet
  facet normal 0.000000e+00 0.000000e+00 1.000000e+00
    outer loop
      vertex   -3.736136e+00 -1.734238e+01 -2.300000e+01
      vertex   -1.906888e+00 -1.493825e+01 -2.300000e+01
      vertex   -3.586355e+00 -1.484393e+01 -2.300000e+01
    endloop
  endfacet
  facet normal 0.000000e+00 -0.000000e+00 1.000000e+00
    outer loop
      vertex   -3.736136e+00 -1.734238e+01 -2.300000e+01
      vertex   -3.586355e+00 -1.484393e+01 -2.300000e+01
      vertex   -5.545342e+00 -1.705583e+01 -2.300000e+01
    endloop
  endfacet
  facet normal 0.000000e+00 0.000000e+00 1.000000e+00
    outer loop
      vertex   -5.545342e+00 -1.705583e+01 -2.300000e+01
      vertex   -3.586355e+00 -1.484393e+01 -2.300000e+01
      vertex   -5.244702e+00 -1.456217e+01 -2.300000e+01
    endloop
  endfacet
  facet normal 0.000000e+00 -0.000000e+00 1.000000e+00
    outer loop
      vertex   -5.545342e+00 -1.705583e+01 -2.300000e+01
      vertex   -5.244702e+00 -1.456217e+01 -2.300000e+01
      vertex   -7.314685e+00 -1.658174e+01 -2.300000e+01
    endloop
  endfacet
  facet normal 0.000000e+00 0.000000e+00 1.000000e+00
    outer loop
      vertex   -7.314685e+00 -1.658174e+01 -2.300000e+01
      vertex   -5.244702e+00 -1.456217e+01 -2.300000e+01
      vertex   -6.861074e+00 -1.409650e+01 -2.300000e+01
    endloop
  endfacet
  facet normal 0.000000e+00 -0.000000e+00 1.000000e+00
    outer loop
      vertex   -7.314685e+00 -1.658174e+01 -2.300000e+01
      vertex   -6.861074e+00 -1.409650e+01 -2.300000e+01
      vertex   -9.024779e+00 -1.592530e+01 -2.300000e+01
    endloop
  endfacet
  facet normal 0.000000e+00 0.000000e+00 1.000000e+00
    outer loop
      vertex   -9.024779e+00 -1.592530e+01 -2.300000e+01
      vertex   -6.861074e+00 -1.409650e+01 -2.300000e+01
      vertex   -8.415144e+00 -1.345278e+01 -2.300000e+01
    endloop
  endfacet
  facet normal 0.000000e+00 -0.000000e+00 1.000000e+00
    outer loop
      vertex   -9.024779e+00 -1.592530e+01 -2.300000e+01
      vertex   -8.415144e+00 -1.345278e+01 -2.300000e+01
      vertex   -1.065689e+01 -1.509370e+01 -2.300000e+01
    endloop
  endfacet
  facet normal 0.000000e+00 0.000000e+00 1.000000e+00
    outer loop
      vertex   -1.065689e+01 -1.509370e+01 -2.300000e+01
      vertex   -8.415144e+00 -1.345278e+01 -2.300000e+01
      vertex   -9.887369e+00 -1.263911e+01 -2.300000e+01
    endloop
  endfacet
  facet normal 0.000000e+00 -0.000000e+00 1.000000e+00
    outer loop
      vertex   -1.065689e+01 -1.509370e+01 -2.300000e+01
      vertex   -9.887369e+00 -1.263911e+01 -2.300000e+01
      vertex   -1.219313e+01 -1.409605e+01 -2.300000e+01
    endloop
  endfacet
  facet normal 0.000000e+00 0.000000e+00 1.000000e+00
    outer loop
      vertex   -1.219313e+01 -1.409605e+01 -2.300000e+01
      vertex   -9.887369e+00 -1.263911e+01 -2.300000e+01
      vertex   -1.125923e+01 -1.166572e+01 -2.300000e+01
    endloop
  endfacet
  facet normal 0.000000e+00 -0.000000e+00 1.000000e+00
    outer loop
      vertex   -1.219313e+01 -1.409605e+01 -2.300000e+01
      vertex   -1.125923e+01 -1.166572e+01 -2.300000e+01
      vertex   -1.361667e+01 -1.294328e+01 -2.300000e+01
    endloop
  endfacet
  facet normal 0.000000e+00 0.000000e+00 1.000000e+00
    outer loop
      vertex   -1.361667e+01 -1.294328e+01 -2.300000e+01
      vertex   -1.125923e+01 -1.166572e+01 -2.300000e+01
      vertex   -1.251349e+01 -1.054485e+01 -2.300000e+01
    endloop
  endfacet
  facet normal 0.000000e+00 -0.000000e+00 1.000000e+00
    outer loop
      vertex   -1.361667e+01 -1.294328e+01 -2.300000e+01
      vertex   -1.251349e+01 -1.054485e+01 -2.300000e+01
      vertex   -1.491192e+01 -1.164804e+01 -2.300000e+01
    endloop
  endfacet
  facet normal 0.000000e+00 0.000000e+00 1.000000e+00
    outer loop
      vertex   -1.491192e+01 -1.164804e+01 -2.300000e+01
      vertex   -1.251349e+01 -1.054485e+01 -2.300000e+01
      vertex   -1.363436e+01 -9.290598e+00 -2.300000e+01
    endloop
  endfacet
  facet normal 0.000000e+00 -0.000000e+00 1.000000e+00
    outer loop
      vertex   -1.491192e+01 -1.164804e+01 -2.300000e+01
      vertex   -1.363436e+01 -9.290598e+00 -2.300000e+01
      vertex   -1.606469e+01 -1.022449e+01 -2.300000e+01
    endloop
  endfacet
  facet normal 0.000000e+00 0.000000e+00 1.000000e+00
    outer loop
      vertex   -1.606469e+01 -1.022449e+01 -2.300000e+01
      vertex   -1.363436e+01 -9.290598e+00 -2.300000e+01
      vertex   -1.460775e+01 -7.918732e+00 -2.300000e+01
    endloop
  endfacet
  facet normal 0.000000e+00 -0.000000e+00 1.000000e+00
    outer loop
      vertex   -1.606469e+01 -1.022449e+01 -2.300000e+01
      vertex   -1.460775e+01 -7.918732e+00 -2.300000e+01
      vertex   -1.706233e+01 -8.688251e+00 -2.300000e+01
    endloop
  endfacet
  facet normal 0.000000e+00 0.000000e+00 1.000000e+00
    outer loop
      vertex   -1.706233e+01 -8.688251e+00 -2.300000e+01
      vertex   -1.460775e+01 -7.918732e+00 -2.300000e+01
      vertex   -1.542142e+01 -6.446507e+00 -2.300000e+01
    endloop
  endfacet
  facet normal 0.000000e+00 -0.000000e+00 1.000000e+00
    outer loop
      vertex   -1.706233e+01 -8.688251e+00 -2.300000e+01
      vertex   -1.542142e+01 -6.446507e+00 -2.300000e+01
      vertex   -1.789393e+01 -7.056142e+00 -2.300000e+01
    endloop
  endfacet
  facet normal 0.000000e+00 0.000000e+00 1.000000e+00
    outer loop
      vertex   -1.789393e+01 -7.056142e+00 -2.300000e+01
      vertex   -1.542142e+01 -6.446507e+00 -2.300000e+01
      vertex   -1.606514e+01 -4.892436e+00 -2.300000e+01
    endloop
  endfacet
  facet normal 0.000000e+00 -0.000000e+00 1.000000e+00
    outer loop
      vertex   -1.789393e+01 -7.056142e+00 -2.300000e+01
      vertex   -1.606514e+01 -4.892436e+00 -2.300000e+01
      vertex   -1.855038e+01 -5.346048e+00 -2.300000e+01
    endloop
  endfacet
  facet normal 0.000000e+00 0.000000e+00 1.000000e+00
    outer loop
      vertex   -1.855038e+01 -5.346048e+00 -2.300000e+01
      vertex   -1.606514e+01 -4.892436e+00 -2.300000e+01
      vertex   -1.653081e+01 -3.276065e+00 -2.300000e+01
    endloop
  endfacet
  facet normal 0.000000e+00 -0.000000e+00 1.000000e+00
    outer loop
      vertex   -1.855038e+01 -5.346048e+00 -2.300000e+01
      vertex   -1.653081e+01 -3.276065e+00 -2.300000e+01
      vertex   -1.902447e+01 -3.576705e+00 -2.300000e+01
    endloop
  endfacet
  facet normal 0.000000e+00 0.000000e+00 1.000000e+00
    outer loop
      vertex   -1.902447e+01 -3.576705e+00 -2.300000e+01
      vertex   -1.653081e+01 -3.276065e+00 -2.300000e+01
      vertex   -1.681257e+01 -1.617718e+00 -2.300000e+01
    endloop
  endfacet
  facet normal 0.000000e+00 -0.000000e+00 1.000000e+00
    outer loop
      vertex   -1.902447e+01 -3.576705e+00 -2.300000e+01
      vertex   -1.681257e+01 -1.617718e+00 -2.300000e+01
      vertex   -1.931102e+01 -1.767499e+00 -2.300000e+01
    endloop
  endfacet
  facet normal 0.000000e+00 0.000000e+00 1.000000e+00
    outer loop
      vertex   -1.931102e+01 -1.767499e+00 -2.300000e+01
      vertex   -1.681257e+01 -1.617718e+00 -2.300000e+01
      vertex   -1.690689e+01 6.174949e-02 -2.300000e+01
    endloop
  endfacet
  facet normal -0.000000e+00 0.000000e+00 -1.000000e+00
    outer loop
      vertex   -1.681257e+01 -1.617718e+00 -2.500000e+01
      vertex   -1.931102e+01 -1.767499e+00 -2.500000e+01
      vertex   -1.690689e+01 6.174949e-02 -2.500000e+01
    endloop
  endfacet
  facet normal -0.000000e+00 0.000000e+00 -1.000000e+00
    outer loop
      vertex   -1.690689e+01 6.174949e-02 -2.500000e+01
      vertex   -1.931102e+01 -1.767499e+00 -2.500000e+01
      vertex   -1.940689e+01 6.174949e-02 -2.500000e+01
    endloop
  endfacet
  facet normal 0.000000e+00 0.000000e+00 -1.000000e+00
    outer loop
      vertex   -1.690689e+01 6.174949e-02 -2.500000e+01
      vertex   -1.940689e+01 6.174949e-02 -2.500000e+01
      vertex   -1.931102e+01 1.890998e+00 -2.500000e+01
    endloop
  endfacet
  facet normal 0.000000e+00 0.000000e+00 -1.000000e+00
    outer loop
      vertex   -1.931102e+01 -1.767499e+00 -2.500000e+01
      vertex   -1.681257e+01 -1.617718e+00 -2.500000e+01
      vertex   -1.902447e+01 -3.576705e+00 -2.500000e+01
    endloop
  endfacet
  facet normal 0.000000e+00 0.000000e+00 -1.000000e+00
    outer loop
      vertex   -1.902447e+01 -3.576705e+00 -2.500000e+01
      vertex   -1.681257e+01 -1.617718e+00 -2.500000e+01
      vertex   -1.653081e+01 -3.276065e+00 -2.500000e+01
    endloop
  endfacet
  facet normal 0.000000e+00 0.000000e+00 -1.000000e+00
    outer loop
      vertex   -1.902447e+01 -3.576705e+00 -2.500000e+01
      vertex   -1.653081e+01 -3.276065e+00 -2.500000e+01
      vertex   -1.855038e+01 -5.346048e+00 -2.500000e+01
    endloop
  endfacet
  facet normal 0.000000e+00 0.000000e+00 -1.000000e+00
    outer loop
      vertex   -1.855038e+01 -5.346048e+00 -2.500000e+01
      vertex   -1.653081e+01 -3.276065e+00 -2.500000e+01
      vertex   -1.606514e+01 -4.892436e+00 -2.500000e+01
    endloop
  endfacet
  facet normal 0.000000e+00 0.000000e+00 -1.000000e+00
    outer loop
      vertex   -1.855038e+01 -5.346048e+00 -2.500000e+01
      vertex   -1.606514e+01 -4.892436e+00 -2.500000e+01
      vertex   -1.789393e+01 -7.056142e+00 -2.500000e+01
    endloop
  endfacet
  facet normal 0.000000e+00 0.000000e+00 -1.000000e+00
    outer loop
      vertex   -1.789393e+01 -7.056142e+00 -2.500000e+01
      vertex   -1.606514e+01 -4.892436e+00 -2.500000e+01
      vertex   -1.542142e+01 -6.446507e+00 -2.500000e+01
    endloop
  endfacet
  facet normal 0.000000e+00 0.000000e+00 -1.000000e+00
    outer loop
      vertex   -1.789393e+01 -7.056142e+00 -2.500000e+01
      vertex   -1.542142e+01 -6.446507e+00 -2.500000e+01
      vertex   -1.706233e+01 -8.688251e+00 -2.500000e+01
    endloop
  endfacet
  facet normal 0.000000e+00 0.000000e+00 -1.000000e+00
    outer loop
      vertex   -1.706233e+01 -8.688251e+00 -2.500000e+01
      vertex   -1.542142e+01 -6.446507e+00 -2.500000e+01
      vertex   -1.460775e+01 -7.918732e+00 -2.500000e+01
    endloop
  endfacet
  facet normal 0.000000e+00 0.000000e+00 -1.000000e+00
    outer loop
      vertex   -1.706233e+01 -8.688251e+00 -2.500000e+01
      vertex   -1.460775e+01 -7.918732e+00 -2.500000e+01
      vertex   -1.606469e+01 -1.022449e+01 -2.500000e+01
    endloop
  endfacet
  facet normal 0.000000e+00 0.000000e+00 -1.000000e+00
    outer loop
      vertex   -1.606469e+01 -1.022449e+01 -2.500000e+01
      vertex   -1.460775e+01 -7.918732e+00 -2.500000e+01
      vertex   -1.363436e+01 -9.290598e+00 -2.500000e+01
    endloop
  endfacet
  facet normal 0.000000e+00 0.000000e+00 -1.000000e+00
    outer loop
      vertex   -1.606469e+01 -1.022449e+01 -2.500000e+01
      vertex   -1.363436e+01 -9.290598e+00 -2.500000e+01
      vertex   -1.491192e+01 -1.164804e+01 -2.500000e+01
    endloop
  endfacet
  facet normal 0.000000e+00 0.000000e+00 -1.000000e+00
    outer loop
      vertex   -1.491192e+01 -1.164804e+01 -2.500000e+01
      vertex   -1.363436e+01 -9.290598e+00 -2.500000e+01
      vertex   -1.251349e+01 -1.054485e+01 -2.500000e+01
    endloop
  endfacet
  facet normal 0.000000e+00 0.000000e+00 -1.000000e+00
    outer loop
      vertex   -1.491192e+01 -1.164804e+01 -2.500000e+01
      vertex   -1.251349e+01 -1.054485e+01 -2.500000e+01
      vertex   -1.361667e+01 -1.294328e+01 -2.500000e+01
    endloop
  endfacet
  facet normal 0.000000e+00 0.000000e+00 -1.000000e+00
    outer loop
      vertex   -1.361667e+01 -1.294328e+01 -2.500000e+01
      vertex   -1.251349e+01 -1.054485e+01 -2.500000e+01
      vertex   -1.125923e+01 -1.166572e+01 -2.500000e+01
    endloop
  endfacet
  facet normal 0.000000e+00 0.000000e+00 -1.000000e+00
    outer loop
      vertex   -1.361667e+01 -1.294328e+01 -2.500000e+01
      vertex   -1.125923e+01 -1.166572e+01 -2.500000e+01
      vertex   -1.219313e+01 -1.409605e+01 -2.500000e+01
    endloop
  endfacet
  facet normal 0.000000e+00 0.000000e+00 -1.000000e+00
    outer loop
      vertex   -1.219313e+01 -1.409605e+01 -2.500000e+01
      vertex   -1.125923e+01 -1.166572e+01 -2.500000e+01
      vertex   -9.887369e+00 -1.263911e+01 -2.500000e+01
    endloop
  endfacet
  facet normal 0.000000e+00 0.000000e+00 -1.000000e+00
    outer loop
      vertex   -1.219313e+01 -1.409605e+01 -2.500000e+01
      vertex   -9.887369e+00 -1.263911e+01 -2.500000e+01
      vertex   -1.065689e+01 -1.509370e+01 -2.500000e+01
    endloop
  endfacet
  facet normal 0.000000e+00 0.000000e+00 -1.000000e+00
    outer loop
      vertex   -1.065689e+01 -1.509370e+01 -2.500000e+01
      vertex   -9.887369e+00 -1.263911e+01 -2.500000e+01
      vertex   -8.415144e+00 -1.345278e+01 -2.500000e+01
    endloop
  endfacet
  facet normal 0.000000e+00 0.000000e+00 -1.000000e+00
    outer loop
      vertex   -1.065689e+01 -1.509370e+01 -2.500000e+01
      vertex   -8.415144e+00 -1.345278e+01 -2.500000e+01
      vertex   -9.024779e+00 -1.592530e+01 -2.500000e+01
    endloop
  endfacet
  facet normal 0.000000e+00 0.000000e+00 -1.000000e+00
    outer loop
      vertex   -9.024779e+00 -1.592530e+01 -2.500000e+01
      vertex   -8.415144e+00 -1.345278e+01 -2.500000e+01
      vertex   -6.861074e+00 -1.409650e+01 -2.500000e+01
    endloop
  endfacet
  facet normal 0.000000e+00 0.000000e+00 -1.000000e+00
    outer loop
      vertex   -9.024779e+00 -1.592530e+01 -2.500000e+01
      vertex   -6.861074e+00 -1.409650e+01 -2.500000e+01
      vertex   -7.314685e+00 -1.658174e+01 -2.500000e+01
    endloop
  endfacet
  facet normal 0.000000e+00 0.000000e+00 -1.000000e+00
    outer loop
      vertex   -7.314685e+00 -1.658174e+01 -2.500000e+01
      vertex   -6.861074e+00 -1.409650e+01 -2.500000e+01
      vertex   -5.244702e+00 -1.456217e+01 -2.500000e+01
    endloop
  endfacet
  facet normal 0.000000e+00 0.000000e+00 -1.000000e+00
    outer loop
      vertex   -7.314685e+00 -1.658174e+01 -2.500000e+01
      vertex   -5.244702e+00 -1.456217e+01 -2.500000e+01
      vertex   -5.545342e+00 -1.705583e+01 -2.500000e+01
    endloop
  endfacet
  facet normal 0.000000e+00 0.000000e+00 -1.000000e+00
    outer loop
      vertex   -5.545342e+00 -1.705583e+01 -2.500000e+01
      vertex   -5.244702e+00 -1.456217e+01 -2.500000e+01
      vertex   -3.586355e+00 -1.484393e+01 -2.500000e+01
    endloop
  endfacet
  facet normal 0.000000e+00 0.000000e+00 -1.000000e+00
    outer loop
      vertex   -5.545342e+00 -1.705583e+01 -2.500000e+01
      vertex   -3.586355e+00 -1.484393e+01 -2.500000e+01
      vertex   -3.736136e+00 -1.734238e+01 -2.500000e+01
    endloop
  endfacet
  facet normal 0.000000e+00 0.000000e+00 -1.000000e+00
    outer loop
      vertex   -3.736136e+00 -1.734238e+01 -2.500000e+01
      vertex   -3.586355e+00 -1.484393e+01 -2.500000e+01
      vertex   -1.906888e+00 -1.493825e+01 -2.500000e+01
    endloop
  endfacet
  facet normal 0.000000e+00 0.000000e+00 -1.000000e+00
    outer loop
      vertex   -3.736136e+00 -1.734238e+01 -2.500000e+01
      vertex   -1.906888e+00 -1.493825e+01 -2.500000e+01
      vertex   -1.906888e+00 -1.743825e+01 -2.500000e+01
    endloop
  endfacet
  facet normal 0.000000e+00 0.000000e+00 -1.000000e+00
    outer loop
      vertex   -1.906888e+00 -1.743825e+01 -2.500000e+01
      vertex   -1.906888e+00 -1.493825e+01 -2.500000e+01
      vertex   -7.763972e-02 -1.734238e+01 -2.500000e+01
    endloop
  endfacet
  facet normal 0.000000e+00 0.000000e+00 -1.000000e+00
    outer loop
      vertex   -7.763972e-02 -1.734238e+01 -2.500000e+01
      vertex   -1.906888e+00 -1.493825e+01 -2.500000e+01
      vertex   -2.274207e-01 -1.484393e+01 -2.500000e+01
    endloop
  endfacet
  facet normal 0.000000e+00 0.000000e+00 -1.000000e+00
    outer loop
      vertex   -7.763972e-02 -1.734238e+01 -2.500000e+01
      vertex   -2.274207e-01 -1.484393e+01 -2.500000e+01
      vertex   1.731567e+00 -1.705583e+01 -2.500000e+01
    endloop
  endfacet
  facet normal 0.000000e+00 0.000000e+00 -1.000000e+00
    outer loop
      vertex   1.731567e+00 -1.705583e+01 -2.500000e+01
      vertex   -2.274207e-01 -1.484393e+01 -2.500000e+01
      vertex   1.430926e+00 -1.456217e+01 -2.500000e+01
    endloop
  endfacet
  facet normal 0.000000e+00 0.000000e+00 -1.000000e+00
    outer loop
      vertex   1.731567e+00 -1.705583e+01 -2.500000e+01
      vertex   1.430926e+00 -1.456217e+01 -2.500000e+01
      vertex   3.500910e+00 -1.658174e+01 -2.500000e+01
    endloop
  endfacet
  facet normal 0.000000e+00 0.000000e+00 -1.000000e+00
    outer loop
      vertex   3.500910e+00 -1.658174e+01 -2.500000e+01
      vertex   1.430926e+00 -1.456217e+01 -2.500000e+01
      vertex   3.047298e+00 -1.409650e+01 -2.500000e+01
    endloop
  endfacet
  facet normal 0.000000e+00 0.000000e+00 -1.000000e+00
    outer loop
      vertex   3.500910e+00 -1.658174e+01 -2.500000e+01
      vertex   3.047298e+00 -1.409650e+01 -2.500000e+01
      vertex   5.211003e+00 -1.592530e+01 -2.500000e+01
    endloop
  endfacet
  facet normal 0.000000e+00 0.000000e+00 -1.000000e+00
    outer loop
      vertex   5.211003e+00 -1.592530e+01 -2.500000e+01
      vertex   3.047298e+00 -1.409650e+01 -2.500000e+01
      vertex   4.601368e+00 -1.345278e+01 -2.500000e+01
    endloop
  endfacet
  facet normal 0.000000e+00 0.000000e+00 -1.000000e+00
    outer loop
      vertex   5.211003e+00 -1.592530e+01 -2.500000e+01
      vertex   4.601368e+00 -1.345278e+01 -2.500000e+01
      vertex   6.843112e+00 -1.509370e+01 -2.500000e+01
    endloop
  endfacet
  facet normal 0.000000e+00 0.000000e+00 -1.000000e+00
    outer loop
      vertex   6.843112e+00 -1.509370e+01 -2.500000e+01
      vertex   4.601368e+00 -1.345278e+01 -2.500000e+01
      vertex   6.073593e+00 -1.263911e+01 -2.500000e+01
    endloop
  endfacet
  facet normal 0.000000e+00 0.000000e+00 -1.000000e+00
    outer loop
      vertex   6.843112e+00 -1.509370e+01 -2.500000e+01
      vertex   6.073593e+00 -1.263911e+01 -2.500000e+01
      vertex   8.379354e+00 -1.409605e+01 -2.500000e+01
    endloop
  endfacet
  facet normal 0.000000e+00 0.000000e+00 -1.000000e+00
    outer loop
      vertex   8.379354e+00 -1.409605e+01 -2.500000e+01
      vertex   6.073593e+00 -1.263911e+01 -2.500000e+01
      vertex   7.445459e+00 -1.166572e+01 -2.500000e+01
    endloop
  endfacet
  facet normal 0.000000e+00 0.000000e+00 -1.000000e+00
    outer loop
      vertex   8.379354e+00 -1.409605e+01 -2.500000e+01
      vertex   7.445459e+00 -1.166572e+01 -2.500000e+01
      vertex   9.802898e+00 -1.294328e+01 -2.500000e+01
    endloop
  endfacet
  facet normal 0.000000e+00 0.000000e+00 -1.000000e+00
    outer loop
      vertex   9.802898e+00 -1.294328e+01 -2.500000e+01
      vertex   7.445459e+00 -1.166572e+01 -2.500000e+01
      vertex   8.699714e+00 -1.054485e+01 -2.500000e+01
    endloop
  endfacet
  facet normal 0.000000e+00 0.000000e+00 -1.000000e+00
    outer loop
      vertex   9.802898e+00 -1.294328e+01 -2.500000e+01
      vertex   8.699714e+00 -1.054485e+01 -2.500000e+01
      vertex   1.109815e+01 -1.164804e+01 -2.500000e+01
    endloop
  endfacet
  facet normal 0.000000e+00 0.000000e+00 -1.000000e+00
    outer loop
      vertex   1.109815e+01 -1.164804e+01 -2.500000e+01
      vertex   8.699714e+00 -1.054485e+01 -2.500000e+01
      vertex   9.820584e+00 -9.290598e+00 -2.500000e+01
    endloop
  endfacet
  facet normal 0.000000e+00 0.000000e+00 -1.000000e+00
    outer loop
      vertex   1.109815e+01 -1.164804e+01 -2.500000e+01
      vertex   9.820584e+00 -9.290598e+00 -2.500000e+01
      vertex   1.225091e+01 -1.022449e+01 -2.500000e+01
    endloop
  endfacet
  facet normal 0.000000e+00 0.000000e+00 -1.000000e+00
    outer loop
      vertex   1.225091e+01 -1.022449e+01 -2.500000e+01
      vertex   9.820584e+00 -9.290598e+00 -2.500000e+01
      vertex   1.079398e+01 -7.918732e+00 -2.500000e+01
    endloop
  endfacet
  facet normal 0.000000e+00 0.000000e+00 -1.000000e+00
    outer loop
      vertex   1.225091e+01 -1.022449e+01 -2.500000e+01
      vertex   1.079398e+01 -7.918732e+00 -2.500000e+01
      vertex   1.324856e+01 -8.688251e+00 -2.500000e+01
    endloop
  endfacet
  facet normal 0.000000e+00 0.000000e+00 -1.000000e+00
    outer loop
      vertex   1.324856e+01 -8.688251e+00 -2.500000e+01
      vertex   1.079398e+01 -7.918732e+00 -2.500000e+01
      vertex   1.160765e+01 -6.446507e+00 -2.500000e+01
    endloop
  endfacet
  facet normal 0.000000e+00 0.000000e+00 -1.000000e+00
    outer loop
      vertex   1.324856e+01 -8.688251e+00 -2.500000e+01
      vertex   1.160765e+01 -6.446507e+00 -2.500000e+01
      vertex   1.408016e+01 -7.056142e+00 -2.500000e+01
    endloop
  endfacet
  facet normal 0.000000e+00 0.000000e+00 -1.000000e+00
    outer loop
      vertex   1.408016e+01 -7.056142e+00 -2.500000e+01
      vertex   1.160765e+01 -6.446507e+00 -2.500000e+01
      vertex   1.225136e+01 -4.892436e+00 -2.500000e+01
    endloop
  endfacet
  facet normal 0.000000e+00 0.000000e+00 -1.000000e+00
    outer loop
      vertex   1.408016e+01 -7.056142e+00 -2.500000e+01
      vertex   1.225136e+01 -4.892436e+00 -2.500000e+01
      vertex   1.473660e+01 -5.346048e+00 -2.500000e+01
    endloop
  endfacet
  facet normal 0.000000e+00 0.000000e+00 -1.000000e+00
    outer loop
      vertex   1.473660e+01 -5.346048e+00 -2.500000e+01
      vertex   1.225136e+01 -4.892436e+00 -2.500000e+01
      vertex   1.271703e+01 -3.276065e+00 -2.500000e+01
    endloop
  endfacet
  facet normal 0.000000e+00 0.000000e+00 -1.000000e+00
    outer loop
      vertex   1.473660e+01 -5.346048e+00 -2.500000e+01
      vertex   1.271703e+01 -3.276065e+00 -2.500000e+01
      vertex   1.521070e+01 -3.576705e+00 -2.500000e+01
    endloop
  endfacet
  facet normal 0.000000e+00 0.000000e+00 -1.000000e+00
    outer loop
      vertex   1.521070e+01 -3.576705e+00 -2.500000e+01
      vertex   1.271703e+01 -3.276065e+00 -2.500000e+01
      vertex   1.299880e+01 -1.617718e+00 -2.500000e+01
    endloop
  endfacet
  facet normal 0.000000e+00 0.000000e+00 -1.000000e+00
    outer loop
      vertex   1.521070e+01 -3.576705e+00 -2.500000e+01
      vertex   1.299880e+01 -1.617718e+00 -2.500000e+01
      vertex   1.549725e+01 -1.767499e+00 -2.500000e+01
    endloop
  endfacet
  facet normal 0.000000e+00 0.000000e+00 -1.000000e+00
    outer loop
      vertex   1.549725e+01 -1.767499e+00 -2.500000e+01
      vertex   1.299880e+01 -1.617718e+00 -2.500000e+01
      vertex   1.309311e+01 6.174949e-02 -2.500000e+01
    endloop
  endfacet
  facet normal 0.000000e+00 0.000000e+00 -1.000000e+00
    outer loop
      vertex   1.549725e+01 -1.767499e+00 -2.500000e+01
      vertex   1.309311e+01 6.174949e-02 -2.500000e+01
      vertex   1.559311e+01 6.174949e-02 -2.500000e+01
    endloop
  endfacet
  facet normal 0.000000e+00 0.000000e+00 -1.000000e+00
    outer loop
      vertex   1.559311e+01 6.174949e-02 -2.500000e+01
      vertex   1.309311e+01 6.174949e-02 -2.500000e+01
      vertex   1.549725e+01 1.890998e+00 -2.500000e+01
    endloop
  endfacet
  facet normal 0.000000e+00 0.000000e+00 -1.000000e+00
    outer loop
      vertex   1.549725e+01 1.890998e+00 -2.500000e+01
      vertex   1.309311e+01 6.174949e-02 -2.500000e+01
      vertex   1.299880e+01 1.741217e+00 -2.500000e+01
    endloop
  endfacet
  facet normal -0.000000e+00 0.000000e+00 -1.000000e+00
    outer loop
      vertex   1.549725e+01 1.890998e+00 -2.500000e+01
      vertex   1.299880e+01 1.741217e+00 -2.500000e+01
      vertex   1.521070e+01 3.700204e+00 -2.500000e+01
    endloop
  endfacet
  facet normal 0.000000e+00 0.000000e+00 -1.000000e+00
    outer loop
      vertex   1.521070e+01 3.700204e+00 -2.500000e+01
      vertex   1.299880e+01 1.741217e+00 -2.500000e+01
      vertex   1.271703e+01 3.399563e+00 -2.500000e+01
    endloop
  endfacet
  facet normal -0.000000e+00 0.000000e+00 -1.000000e+00
    outer loop
      vertex   1.521070e+01 3.700204e+00 -2.500000e+01
      vertex   1.271703e+01 3.399563e+00 -2.500000e+01
      vertex   1.473660e+01 5.469547e+00 -2.500000e+01
    endloop
  endfacet
  facet normal 0.000000e+00 0.000000e+00 -1.000000e+00
    outer loop
      vertex   1.473660e+01 5.469547e+00 -2.500000e+01
      vertex   1.271703e+01 3.399563e+00 -2.500000e+01
      vertex   1.225136e+01 5.015935e+00 -2.500000e+01
    endloop
  endfacet
  facet normal -0.000000e+00 0.000000e+00 -1.000000e+00
    outer loop
      vertex   1.473660e+01 5.469547e+00 -2.500000e+01
      vertex   1.225136e+01 5.015935e+00 -2.500000e+01
      vertex   1.408016e+01 7.179641e+00 -2.500000e+01
    endloop
  endfacet
  facet normal 0.000000e+00 0.000000e+00 -1.000000e+00
    outer loop
      vertex   1.408016e+01 7.179641e+00 -2.500000e+01
      vertex   1.225136e+01 5.015935e+00 -2.500000e+01
      vertex   1.160765e+01 6.570006e+00 -2.500000e+01
    endloop
  endfacet
  facet normal -0.000000e+00 0.000000e+00 -1.000000e+00
    outer loop
      vertex   1.408016e+01 7.179641e+00 -2.500000e+01
      vertex   1.160765e+01 6.570006e+00 -2.500000e+01
      vertex   1.324856e+01 8.811749e+00 -2.500000e+01
    endloop
  endfacet
  facet normal 0.000000e+00 0.000000e+00 -1.000000e+00
    outer loop
      vertex   1.324856e+01 8.811749e+00 -2.500000e+01
      vertex   1.160765e+01 6.570006e+00 -2.500000e+01
      vertex   1.079398e+01 8.042231e+00 -2.500000e+01
    endloop
  endfacet
  facet normal -0.000000e+00 0.000000e+00 -1.000000e+00
    outer loop
      vertex   1.324856e+01 8.811749e+00 -2.500000e+01
      vertex   1.079398e+01 8.042231e+00 -2.500000e+01
      vertex   1.225091e+01 1.034799e+01 -2.500000e+01
    endloop
  endfacet
  facet normal 0.000000e+00 0.000000e+00 -1.000000e+00
    outer loop
      vertex   1.225091e+01 1.034799e+01 -2.500000e+01
      vertex   1.079398e+01 8.042231e+00 -2.500000e+01
      vertex   9.820584e+00 9.414097e+00 -2.500000e+01
    endloop
  endfacet
  facet normal -0.000000e+00 0.000000e+00 -1.000000e+00
    outer loop
      vertex   1.225091e+01 1.034799e+01 -2.500000e+01
      vertex   9.820584e+00 9.414097e+00 -2.500000e+01
      vertex   1.109815e+01 1.177154e+01 -2.500000e+01
    endloop
  endfacet
  facet normal 0.000000e+00 0.000000e+00 -1.000000e+00
    outer loop
      vertex   1.109815e+01 1.177154e+01 -2.500000e+01
      vertex   9.820584e+00 9.414097e+00 -2.500000e+01
      vertex   8.699714e+00 1.066835e+01 -2.500000e+01
    endloop
  endfacet
  facet normal -0.000000e+00 0.000000e+00 -1.000000e+00
    outer loop
      vertex   1.109815e+01 1.177154e+01 -2.500000e+01
      vertex   8.699714e+00 1.066835e+01 -2.500000e+01
      vertex   9.802898e+00 1.306678e+01 -2.500000e+01
    endloop
  endfacet
  facet normal 0.000000e+00 0.000000e+00 -1.000000e+00
    outer loop
      vertex   9.802898e+00 1.306678e+01 -2.500000e+01
      vertex   8.699714e+00 1.066835e+01 -2.500000e+01
      vertex   7.445459e+00 1.178922e+01 -2.500000e+01
    endloop
  endfacet
  facet normal -0.000000e+00 0.000000e+00 -1.000000e+00
    outer loop
      vertex   9.802898e+00 1.306678e+01 -2.500000e+01
      vertex   7.445459e+00 1.178922e+01 -2.500000e+01
      vertex   8.379354e+00 1.421955e+01 -2.500000e+01
    endloop
  endfacet
  facet normal 0.000000e+00 0.000000e+00 -1.000000e+00
    outer loop
      vertex   8.379354e+00 1.421955e+01 -2.500000e+01
      vertex   7.445459e+00 1.178922e+01 -2.500000e+01
      vertex   6.073593e+00 1.276261e+01 -2.500000e+01
    endloop
  endfacet
  facet normal -0.000000e+00 0.000000e+00 -1.000000e+00
    outer loop
      vertex   8.379354e+00 1.421955e+01 -2.500000e+01
      vertex   6.073593e+00 1.276261e+01 -2.500000e+01
      vertex   6.843112e+00 1.521719e+01 -2.500000e+01
    endloop
  endfacet
  facet normal 0.000000e+00 0.000000e+00 -1.000000e+00
    outer loop
      vertex   6.843112e+00 1.521719e+01 -2.500000e+01
      vertex   6.073593e+00 1.276261e+01 -2.500000e+01
      vertex   4.601368e+00 1.357628e+01 -2.500000e+01
    endloop
  endfacet
  facet normal -0.000000e+00 0.000000e+00 -1.000000e+00
    outer loop
      vertex   6.843112e+00 1.521719e+01 -2.500000e+01
      vertex   4.601368e+00 1.357628e+01 -2.500000e+01
      vertex   5.211003e+00 1.604879e+01 -2.500000e+01
    endloop
  endfacet
  facet normal 0.000000e+00 0.000000e+00 -1.000000e+00
    outer loop
      vertex   5.211003e+00 1.604879e+01 -2.500000e+01
      vertex   4.601368e+00 1.357628e+01 -2.500000e+01
      vertex   3.047298e+00 1.422000e+01 -2.500000e+01
    endloop
  endfacet
  facet normal -0.000000e+00 0.000000e+00 -1.000000e+00
    outer loop
      vertex   5.211003e+00 1.604879e+01 -2.500000e+01
      vertex   3.047298e+00 1.422000e+01 -2.500000e+01
      vertex   3.500910e+00 1.670524e+01 -2.500000e+01
    endloop
  endfacet
  facet normal 0.000000e+00 0.000000e+00 -1.000000e+00
    outer loop
      vertex   3.500910e+00 1.670524e+01 -2.500000e+01
      vertex   3.047298e+00 1.422000e+01 -2.500000e+01
      vertex   1.430926e+00 1.468567e+01 -2.500000e+01
    endloop
  endfacet
  facet normal -0.000000e+00 0.000000e+00 -1.000000e+00
    outer loop
      vertex   3.500910e+00 1.670524e+01 -2.500000e+01
      vertex   1.430926e+00 1.468567e+01 -2.500000e+01
      vertex   1.731567e+00 1.717933e+01 -2.500000e+01
    endloop
  endfacet
  facet normal 0.000000e+00 0.000000e+00 -1.000000e+00
    outer loop
      vertex   1.731567e+00 1.717933e+01 -2.500000e+01
      vertex   1.430926e+00 1.468567e+01 -2.500000e+01
      vertex   -2.274207e-01 1.496743e+01 -2.500000e+01
    endloop
  endfacet
  facet normal -0.000000e+00 0.000000e+00 -1.000000e+00
    outer loop
      vertex   1.731567e+00 1.717933e+01 -2.500000e+01
      vertex   -2.274207e-01 1.496743e+01 -2.500000e+01
      vertex   -7.763972e-02 1.746588e+01 -2.500000e+01
    endloop
  endfacet
  facet normal 0.000000e+00 0.000000e+00 -1.000000e+00
    outer loop
      vertex   -7.763972e-02 1.746588e+01 -2.500000e+01
      vertex   -2.274207e-01 1.496743e+01 -2.500000e+01
      vertex   -1.906888e+00 1.506175e+01 -2.500000e+01
    endloop
  endfacet
  facet normal -0.000000e+00 0.000000e+00 -1.000000e+00
    outer loop
      vertex   -7.763972e-02 1.746588e+01 -2.500000e+01
      vertex   -1.906888e+00 1.506175e+01 -2.500000e+01
      vertex   -1.906888e+00 1.756175e+01 -2.500000e+01
    endloop
  endfacet
  facet normal 0.000000e+00 0.000000e+00 -1.000000e+00
    outer loop
      vertex   -1.906888e+00 1.756175e+01 -2.500000e+01
      vertex   -1.906888e+00 1.506175e+01 -2.500000e+01
      vertex   -3.736136e+00 1.746588e+01 -2.500000e+01
    endloop
  endfacet
  facet normal 0.000000e+00 0.000000e+00 -1.000000e+00
    outer loop
      vertex   -3.736136e+00 1.746588e+01 -2.500000e+01
      vertex   -1.906888e+00 1.506175e+01 -2.500000e+01
      vertex   -3.586355e+00 1.496743e+01 -2.500000e+01
    endloop
  endfacet
  facet normal 0.000000e+00 -0.000000e+00 -1.000000e+00
    outer loop
      vertex   -3.736136e+00 1.746588e+01 -2.500000e+01
      vertex   -3.586355e+00 1.496743e+01 -2.500000e+01
      vertex   -5.545342e+00 1.717933e+01 -2.500000e+01
    endloop
  endfacet
  facet normal 0.000000e+00 0.000000e+00 -1.000000e+00
    outer loop
      vertex   -5.545342e+00 1.717933e+01 -2.500000e+01
      vertex   -3.586355e+00 1.496743e+01 -2.500000e+01
      vertex   -5.244702e+00 1.468567e+01 -2.500000e+01
    endloop
  endfacet
  facet normal 0.000000e+00 -0.000000e+00 -1.000000e+00
    outer loop
      vertex   -5.545342e+00 1.717933e+01 -2.500000e+01
      vertex   -5.244702e+00 1.468567e+01 -2.500000e+01
      vertex   -7.314685e+00 1.670524e+01 -2.500000e+01
    endloop
  endfacet
  facet normal 0.000000e+00 0.000000e+00 -1.000000e+00
    outer loop
      vertex   -7.314685e+00 1.670524e+01 -2.500000e+01
      vertex   -5.244702e+00 1.468567e+01 -2.500000e+01
      vertex   -6.861074e+00 1.422000e+01 -2.500000e+01
    endloop
  endfacet
  facet normal 0.000000e+00 -0.000000e+00 -1.000000e+00
    outer loop
      vertex   -7.314685e+00 1.670524e+01 -2.500000e+01
      vertex   -6.861074e+00 1.422000e+01 -2.500000e+01
      vertex   -9.024779e+00 1.604879e+01 -2.500000e+01
    endloop
  endfacet
  facet normal 0.000000e+00 0.000000e+00 -1.000000e+00
    outer loop
      vertex   -9.024779e+00 1.604879e+01 -2.500000e+01
      vertex   -6.861074e+00 1.422000e+01 -2.500000e+01
      vertex   -8.415144e+00 1.357628e+01 -2.500000e+01
    endloop
  endfacet
  facet normal 0.000000e+00 -0.000000e+00 -1.000000e+00
    outer loop
      vertex   -9.024779e+00 1.604879e+01 -2.500000e+01
      vertex   -8.415144e+00 1.357628e+01 -2.500000e+01
      vertex   -1.065689e+01 1.521719e+01 -2.500000e+01
    endloop
  endfacet
  facet normal 0.000000e+00 0.000000e+00 -1.000000e+00
    outer loop
      vertex   -1.065689e+01 1.521719e+01 -2.500000e+01
      vertex   -8.415144e+00 1.357628e+01 -2.500000e+01
      vertex   -9.887369e+00 1.276261e+01 -2.500000e+01
    endloop
  endfacet
  facet normal 0.000000e+00 -0.000000e+00 -1.000000e+00
    outer loop
      vertex   -1.065689e+01 1.521719e+01 -2.500000e+01
      vertex   -9.887369e+00 1.276261e+01 -2.500000e+01
      vertex   -1.219313e+01 1.421955e+01 -2.500000e+01
    endloop
  endfacet
  facet normal 0.000000e+00 0.000000e+00 -1.000000e+00
    outer loop
      vertex   -1.219313e+01 1.421955e+01 -2.500000e+01
      vertex   -9.887369e+00 1.276261e+01 -2.500000e+01
      vertex   -1.125923e+01 1.178922e+01 -2.500000e+01
    endloop
  endfacet
  facet normal 0.000000e+00 -0.000000e+00 -1.000000e+00
    outer loop
      vertex   -1.219313e+01 1.421955e+01 -2.500000e+01
      vertex   -1.125923e+01 1.178922e+01 -2.500000e+01
      vertex   -1.361667e+01 1.306678e+01 -2.500000e+01
    endloop
  endfacet
  facet normal 0.000000e+00 0.000000e+00 -1.000000e+00
    outer loop
      vertex   -1.361667e+01 1.306678e+01 -2.500000e+01
      vertex   -1.125923e+01 1.178922e+01 -2.500000e+01
      vertex   -1.251349e+01 1.066835e+01 -2.500000e+01
    endloop
  endfacet
  facet normal 0.000000e+00 -0.000000e+00 -1.000000e+00
    outer loop
      vertex   -1.361667e+01 1.306678e+01 -2.500000e+01
      vertex   -1.251349e+01 1.066835e+01 -2.500000e+01
      vertex   -1.491192e+01 1.177154e+01 -2.500000e+01
    endloop
  endfacet
  facet normal 0.000000e+00 0.000000e+00 -1.000000e+00
    outer loop
      vertex   -1.491192e+01 1.177154e+01 -2.500000e+01
      vertex   -1.251349e+01 1.066835e+01 -2.500000e+01
      vertex   -1.363436e+01 9.414097e+00 -2.500000e+01
    endloop
  endfacet
  facet normal 0.000000e+00 -0.000000e+00 -1.000000e+00
    outer loop
      vertex   -1.491192e+01 1.177154e+01 -2.500000e+01
      vertex   -1.363436e+01 9.414097e+00 -2.500000e+01
      vertex   -1.606469e+01 1.034799e+01 -2.500000e+01
    endloop
  endfacet
  facet normal 0.000000e+00 0.000000e+00 -1.000000e+00
    outer loop
      vertex   -1.606469e+01 1.034799e+01 -2.500000e+01
      vertex   -1.363436e+01 9.414097e+00 -2.500000e+01
      vertex   -1.460775e+01 8.042231e+00 -2.500000e+01
    endloop
  endfacet
  facet normal 0.000000e+00 -0.000000e+00 -1.000000e+00
    outer loop
      vertex   -1.606469e+01 1.034799e+01 -2.500000e+01
      vertex   -1.460775e+01 8.042231e+00 -2.500000e+01
      vertex   -1.706233e+01 8.811749e+00 -2.500000e+01
    endloop
  endfacet
  facet normal 0.000000e+00 0.000000e+00 -1.000000e+00
    outer loop
      vertex   -1.706233e+01 8.811749e+00 -2.500000e+01
      vertex   -1.460775e+01 8.042231e+00 -2.500000e+01
      vertex   -1.542142e+01 6.570006e+00 -2.500000e+01
    endloop
  endfacet
  facet normal 0.000000e+00 -0.000000e+00 -1.000000e+00
    outer loop
      vertex   -1.706233e+01 8.811749e+00 -2.500000e+01
      vertex   -1.542142e+01 6.570006e+00 -2.500000e+01
      vertex   -1.789393e+01 7.179641e+00 -2.500000e+01
    endloop
  endfacet
  facet normal 0.000000e+00 0.000000e+00 -1.000000e+00
    outer loop
      vertex   -1.789393e+01 7.179641e+00 -2.500000e+01
      vertex   -1.542142e+01 6.570006e+00 -2.500000e+01
      vertex   -1.606514e+01 5.015935e+00 -2.500000e+01
    endloop
  endfacet
  facet normal 0.000000e+00 -0.000000e+00 -1.000000e+00
    outer loop
      vertex   -1.789393e+01 7.179641e+00 -2.500000e+01
      vertex   -1.606514e+01 5.015935e+00 -2.500000e+01
      vertex   -1.855038e+01 5.469547e+00 -2.500000e+01
    endloop
  endfacet
  facet normal 0.000000e+00 0.000000e+00 -1.000000e+00
    outer loop
      vertex   -1.855038e+01 5.469547e+00 -2.500000e+01
      vertex   -1.606514e+01 5.015935e+00 -2.500000e+01
      vertex   -1.653081e+01 3.399563e+00 -2.500000e+01
    endloop
  endfacet
  facet normal 0.000000e+00 -0.000000e+00 -1.000000e+00
    outer loop
      vertex   -1.855038e+01 5.469547e+00 -2.500000e+01
      vertex   -1.653081e+01 3.399563e+00 -2.500000e+01
      vertex   -1.902447e+01 3.700204e+00 -2.500000e+01
    endloop
  endfacet
  facet normal 0.000000e+00 0.000000e+00 -1.000000e+00
    outer loop
      vertex   -1.902447e+01 3.700204e+00 -2.500000e+01
      vertex   -1.653081e+01 3.399563e+00 -2.500000e+01
      vertex   -1.681257e+01 1.741217e+00 -2.500000e+01
    endloop
  endfacet
  facet normal 0.000000e+00 -0.000000e+00 -1.000000e+00
    outer loop
      vertex   -1.902447e+01 3.700204e+00 -2.500000e+01
      vertex   -1.681257e+01 1.741217e+00 -2.500000e+01
      vertex   -1.931102e+01 1.890998e+00 -2.500000e+01
    endloop
  endfacet
  facet normal 0.000000e+00 0.000000e+00 -1.000000e+00
    outer loop
      vertex   -1.931102e+01 1.890998e+00 -2.500000e+01
      vertex   -1.681257e+01 1.741217e+00 -2.500000e+01
      vertex   -1.690689e+01 6.174949e-02 -2.500000e+01
    endloop
  endfacet
  facet normal -9.984268e-01 -5.607045e-02 0.000000e+00
    outer loop
      vertex   -1.681257e+01 -1.617718e+00 -4.200000e+01
      vertex   -1.681257e+01 -1.617718e+00 -2.500000e+01
      vertex   -1.690689e+01 6.174949e-02 -4.200000e+01
    endloop
  endfacet
  facet normal -9.984268e-01 -5.607045e-02 0.000000e+00
    outer loop
      vertex   -1.690689e+01 6.174949e-02 -4.200000e+01
      vertex   -1.681257e+01 -1.617718e+00 -2.500000e+01
      vertex   -1.690689e+01 6.174949e-02 -2.500000e+01
    endloop
  endfacet
  facet normal -9.984268e-01 5.607045e-02 0.000000e+00
    outer loop
      vertex   -1.690689e+01 6.174949e-02 -4.200000e+01
      vertex   -1.690689e+01 6.174949e-02 -2.500000e+01
      vertex   -1.681257e+01 1.741217e+00 -4.200000e+01
    endloop
  endfacet
  facet normal -9.984268e-01 5.607045e-02 0.000000e+00
    outer loop
      vertex   -1.681257e+01 1.741217e+00 -4.200000e+01
      vertex   -1.690689e+01 6.174949e-02 -2.500000e+01
      vertex   -1.681257e+01 1.741217e+00 -2.500000e+01
    endloop
  endfacet
  facet normal -9.858710e-01 1.675062e-01 0.000000e+00
    outer loop
      vertex   -1.681257e+01 1.741217e+00 -4.200000e+01
      vertex   -1.681257e+01 1.741217e+00 -2.500000e+01
      vertex   -1.653081e+01 3.399563e+00 -4.200000e+01
    endloop
  endfacet
  facet normal -9.858710e-01 1.675062e-01 0.000000e+00
    outer loop
      vertex   -1.653081e+01 3.399563e+00 -4.200000e+01
      vertex   -1.681257e+01 1.741217e+00 -2.500000e+01
      vertex   -1.653081e+01 3.399563e+00 -2.500000e+01
    endloop
  endfacet
  facet normal -9.609173e-01 2.768355e-01 0.000000e+00
    outer loop
      vertex   -1.653081e+01 3.399563e+00 -4.200000e+01
      vertex   -1.653081e+01 3.399563e+00 -2.500000e+01
      vertex   -1.606514e+01 5.015935e+00 -4.200000e+01
    endloop
  endfacet
  facet normal -9.609173e-01 2.768355e-01 0.000000e+00
    outer loop
      vertex   -1.606514e+01 5.015935e+00 -4.200000e+01
      vertex   -1.653081e+01 3.399563e+00 -2.500000e+01
      vertex   -1.606514e+01 5.015935e+00 -2.500000e+01
    endloop
  endfacet
  facet normal -9.238795e-01 3.826834e-01 0.000000e+00
    outer loop
      vertex   -1.606514e+01 5.015935e+00 -4.200000e+01
      vertex   -1.606514e+01 5.015935e+00 -2.500000e+01
      vertex   -1.542142e+01 6.570006e+00 -4.200000e+01
    endloop
  endfacet
  facet normal -9.238795e-01 3.826834e-01 0.000000e+00
    outer loop
      vertex   -1.542142e+01 6.570006e+00 -4.200000e+01
      vertex   -1.606514e+01 5.015935e+00 -2.500000e+01
      vertex   -1.542142e+01 6.570006e+00 -2.500000e+01
    endloop
  endfacet
  facet normal -8.752234e-01 4.837189e-01 0.000000e+00
    outer loop
      vertex   -1.542142e+01 6.570006e+00 -4.200000e+01
      vertex   -1.542142e+01 6.570006e+00 -2.500000e+01
      vertex   -1.460775e+01 8.042231e+00 -4.200000e+01
    endloop
  endfacet
  facet normal -8.752234e-01 4.837189e-01 0.000000e+00
    outer loop
      vertex   -1.460775e+01 8.042231e+00 -4.200000e+01
      vertex   -1.542142e+01 6.570006e+00 -2.500000e+01
      vertex   -1.460775e+01 8.042231e+00 -2.500000e+01
    endloop
  endfacet
  facet normal -8.155609e-01 5.786713e-01 0.000000e+00
    outer loop
      vertex   -1.460775e+01 8.042231e+00 -4.200000e+01
      vertex   -1.460775e+01 8.042231e+00 -2.500000e+01
      vertex   -1.363436e+01 9.414097e+00 -4.200000e+01
    endloop
  endfacet
  facet normal -8.155609e-01 5.786713e-01 0.000000e+00
    outer loop
      vertex   -1.363436e+01 9.414097e+00 -4.200000e+01
      vertex   -1.460775e+01 8.042231e+00 -2.500000e+01
      vertex   -1.363436e+01 9.414097e+00 -2.500000e+01
    endloop
  endfacet
  facet normal -7.456422e-01 6.663466e-01 0.000000e+00
    outer loop
      vertex   -1.363436e+01 9.414097e+00 -4.200000e+01
      vertex   -1.363436e+01 9.414097e+00 -2.500000e+01
      vertex   -1.251349e+01 1.066835e+01 -4.200000e+01
    endloop
  endfacet
  facet normal -7.456422e-01 6.663466e-01 0.000000e+00
    outer loop
      vertex   -1.251349e+01 1.066835e+01 -4.200000e+01
      vertex   -1.363436e+01 9.414097e+00 -2.500000e+01
      vertex   -1.251349e+01 1.066835e+01 -2.500000e+01
    endloop
  endfacet
  facet normal -6.663466e-01 7.456422e-01 0.000000e+00
    outer loop
      vertex   -1.251349e+01 1.066835e+01 -4.200000e+01
      vertex   -1.251349e+01 1.066835e+01 -2.500000e+01
      vertex   -1.125923e+01 1.178922e+01 -4.200000e+01
    endloop
  endfacet
  facet normal -6.663466e-01 7.456422e-01 0.000000e+00
    outer loop
      vertex   -1.125923e+01 1.178922e+01 -4.200000e+01
      vertex   -1.251349e+01 1.066835e+01 -2.500000e+01
      vertex   -1.125923e+01 1.178922e+01 -2.500000e+01
    endloop
  endfacet
  facet normal -5.786713e-01 8.155609e-01 0.000000e+00
    outer loop
      vertex   -1.125923e+01 1.178922e+01 -4.200000e+01
      vertex   -1.125923e+01 1.178922e+01 -2.500000e+01
      vertex   -9.887369e+00 1.276261e+01 -4.200000e+01
    endloop
  endfacet
  facet normal -5.786713e-01 8.155609e-01 0.000000e+00
    outer loop
      vertex   -9.887369e+00 1.276261e+01 -4.200000e+01
      vertex   -1.125923e+01 1.178922e+01 -2.500000e+01
      vertex   -9.887369e+00 1.276261e+01 -2.500000e+01
    endloop
  endfacet
  facet normal -4.837189e-01 8.752234e-01 0.000000e+00
    outer loop
      vertex   -9.887369e+00 1.276261e+01 -4.200000e+01
      vertex   -9.887369e+00 1.276261e+01 -2.500000e+01
      vertex   -8.415144e+00 1.357628e+01 -4.200000e+01
    endloop
  endfacet
  facet normal -4.837189e-01 8.752234e-01 0.000000e+00
    outer loop
      vertex   -8.415144e+00 1.357628e+01 -4.200000e+01
      vertex   -9.887369e+00 1.276261e+01 -2.500000e+01
      vertex   -8.415144e+00 1.357628e+01 -2.500000e+01
    endloop
  endfacet
  facet normal -3.826834e-01 9.238795e-01 0.000000e+00
    outer loop
      vertex   -8.415144e+00 1.357628e+01 -4.200000e+01
      vertex   -8.415144e+00 1.357628e+01 -2.500000e+01
      vertex   -6.861074e+00 1.422000e+01 -4.200000e+01
    endloop
  endfacet
  facet normal -3.826834e-01 9.238795e-01 0.000000e+00
    outer loop
      vertex   -6.861074e+00 1.422000e+01 -4.200000e+01
      vertex   -8.415144e+00 1.357628e+01 -2.500000e+01
      vertex   -6.861074e+00 1.422000e+01 -2.500000e+01
    endloop
  endfacet
  facet normal -2.768355e-01 9.609173e-01 0.000000e+00
    outer loop
      vertex   -6.861074e+00 1.422000e+01 -4.200000e+01
      vertex   -6.861074e+00 1.422000e+01 -2.500000e+01
      vertex   -5.244702e+00 1.468567e+01 -4.200000e+01
    endloop
  endfacet
  facet normal -2.768355e-01 9.609173e-01 0.000000e+00
    outer loop
      vertex   -5.244702e+00 1.468567e+01 -4.200000e+01
      vertex   -6.861074e+00 1.422000e+01 -2.500000e+01
      vertex   -5.244702e+00 1.468567e+01 -2.500000e+01
    endloop
  endfacet
  facet normal -1.675062e-01 9.858710e-01 0.000000e+00
    outer loop
      vertex   -5.244702e+00 1.468567e+01 -4.200000e+01
      vertex   -5.244702e+00 1.468567e+01 -2.500000e+01
      vertex   -3.586355e+00 1.496743e+01 -4.200000e+01
    endloop
  endfacet
  facet normal -1.675062e-01 9.858710e-01 0.000000e+00
    outer loop
      vertex   -3.586355e+00 1.496743e+01 -4.200000e+01
      vertex   -5.244702e+00 1.468567e+01 -2.500000e+01
      vertex   -3.586355e+00 1.496743e+01 -2.500000e+01
    endloop
  endfacet
  facet normal -5.607045e-02 9.984268e-01 0.000000e+00
    outer loop
      vertex   -3.586355e+00 1.496743e+01 -4.200000e+01
      vertex   -3.586355e+00 1.496743e+01 -2.500000e+01
      vertex   -1.906888e+00 1.506175e+01 -4.200000e+01
    endloop
  endfacet
  facet normal -5.607045e-02 9.984268e-01 0.000000e+00
    outer loop
      vertex   -1.906888e+00 1.506175e+01 -4.200000e+01
      vertex   -3.586355e+00 1.496743e+01 -2.500000e+01
      vertex   -1.906888e+00 1.506175e+01 -2.500000e+01
    endloop
  endfacet
  facet normal 5.607045e-02 9.984268e-01 -0.000000e+00
    outer loop
      vertex   -1.906888e+00 1.506175e+01 -4.200000e+01
      vertex   -1.906888e+00 1.506175e+01 -2.500000e+01
      vertex   -2.274207e-01 1.496743e+01 -4.200000e+01
    endloop
  endfacet
  facet normal 5.607045e-02 9.984268e-01 -0.000000e+00
    outer loop
      vertex   -2.274207e-01 1.496743e+01 -4.200000e+01
      vertex   -1.906888e+00 1.506175e+01 -2.500000e+01
      vertex   -2.274207e-01 1.496743e+01 -2.500000e+01
    endloop
  endfacet
  facet normal 1.675062e-01 9.858710e-01 -0.000000e+00
    outer loop
      vertex   -2.274207e-01 1.496743e+01 -4.200000e+01
      vertex   -2.274207e-01 1.496743e+01 -2.500000e+01
      vertex   1.430926e+00 1.468567e+01 -4.200000e+01
    endloop
  endfacet
  facet normal 1.675062e-01 9.858710e-01 -0.000000e+00
    outer loop
      vertex   1.430926e+00 1.468567e+01 -4.200000e+01
      vertex   -2.274207e-01 1.496743e+01 -2.500000e+01
      vertex   1.430926e+00 1.468567e+01 -2.500000e+01
    endloop
  endfacet
  facet normal 2.768355e-01 9.609173e-01 -0.000000e+00
    outer loop
      vertex   1.430926e+00 1.468567e+01 -4.200000e+01
      vertex   1.430926e+00 1.468567e+01 -2.500000e+01
      vertex   3.047298e+00 1.422000e+01 -4.200000e+01
    endloop
  endfacet
  facet normal 2.768355e-01 9.609173e-01 -0.000000e+00
    outer loop
      vertex   3.047298e+00 1.422000e+01 -4.200000e+01
      vertex   1.430926e+00 1.468567e+01 -2.500000e+01
      vertex   3.047298e+00 1.422000e+01 -2.500000e+01
    endloop
  endfacet
  facet normal 3.826834e-01 9.238795e-01 -0.000000e+00
    outer loop
      vertex   3.047298e+00 1.422000e+01 -4.200000e+01
      vertex   3.047298e+00 1.422000e+01 -2.500000e+01
      vertex   4.601368e+00 1.357628e+01 -4.200000e+01
    endloop
  endfacet
  facet normal 3.826834e-01 9.238795e-01 -0.000000e+00
    outer loop
      vertex   4.601368e+00 1.357628e+01 -4.200000e+01
      vertex   3.047298e+00 1.422000e+01 -2.500000e+01
      vertex   4.601368e+00 1.357628e+01 -2.500000e+01
    endloop
  endfacet
  facet normal 4.837189e-01 8.752234e-01 -0.000000e+00
    outer loop
      vertex   4.601368e+00 1.357628e+01 -4.200000e+01
      vertex   4.601368e+00 1.357628e+01 -2.500000e+01
      vertex   6.073593e+00 1.276261e+01 -4.200000e+01
    endloop
  endfacet
  facet normal 4.837189e-01 8.752234e-01 -0.000000e+00
    outer loop
      vertex   6.073593e+00 1.276261e+01 -4.200000e+01
      vertex   4.601368e+00 1.357628e+01 -2.500000e+01
      vertex   6.073593e+00 1.276261e+01 -2.500000e+01
    endloop
  endfacet
  facet normal 5.786713e-01 8.155609e-01 -0.000000e+00
    outer loop
      vertex   6.073593e+00 1.276261e+01 -4.200000e+01
      vertex   6.073593e+00 1.276261e+01 -2.500000e+01
      vertex   7.445459e+00 1.178922e+01 -4.200000e+01
    endloop
  endfacet
  facet normal 5.786713e-01 8.155609e-01 -0.000000e+00
    outer loop
      vertex   7.445459e+00 1.178922e+01 -4.200000e+01
      vertex   6.073593e+00 1.276261e+01 -2.500000e+01
      vertex   7.445459e+00 1.178922e+01 -2.500000e+01
    endloop
  endfacet
  facet normal 6.663466e-01 7.456422e-01 -0.000000e+00
    outer loop
      vertex   7.445459e+00 1.178922e+01 -4.200000e+01
      vertex   7.445459e+00 1.178922e+01 -2.500000e+01
      vertex   8.699714e+00 1.066835e+01 -4.200000e+01
    endloop
  endfacet
  facet normal 6.663466e-01 7.456422e-01 -0.000000e+00
    outer loop
      vertex   8.699714e+00 1.066835e+01 -4.200000e+01
      vertex   7.445459e+00 1.178922e+01 -2.500000e+01
      vertex   8.699714e+00 1.066835e+01 -2.500000e+01
    endloop
  endfacet
  facet normal 7.456422e-01 6.663466e-01 -0.000000e+00
    outer loop
      vertex   8.699714e+00 1.066835e+01 -4.200000e+01
      vertex   8.699714e+00 1.066835e+01 -2.500000e+01
      vertex   9.820584e+00 9.414097e+00 -4.200000e+01
    endloop
  endfacet
  facet normal 7.456422e-01 6.663466e-01 -0.000000e+00
    outer loop
      vertex   9.820584e+00 9.414097e+00 -4.200000e+01
      vertex   8.699714e+00 1.066835e+01 -2.500000e+01
      vertex   9.820584e+00 9.414097e+00 -2.500000e+01
    endloop
  endfacet
  facet normal 8.155609e-01 5.786713e-01 -0.000000e+00
    outer loop
      vertex   9.820584e+00 9.414097e+00 -4.200000e+01
      vertex   9.820584e+00 9.414097e+00 -2.500000e+01
      vertex   1.079398e+01 8.042231e+00 -4.200000e+01
    endloop
  endfacet
  facet normal 8.155609e-01 5.786713e-01 -0.000000e+00
    outer loop
      vertex   1.079398e+01 8.042231e+00 -4.200000e+01
      vertex   9.820584e+00 9.414097e+00 -2.500000e+01
      vertex   1.079398e+01 8.042231e+00 -2.500000e+01
    endloop
  endfacet
  facet normal 8.752234e-01 4.837189e-01 -0.000000e+00
    outer loop
      vertex   1.079398e+01 8.042231e+00 -4.200000e+01
      vertex   1.079398e+01 8.042231e+00 -2.500000e+01
      vertex   1.160765e+01 6.570006e+00 -4.200000e+01
    endloop
  endfacet
  facet normal 8.752234e-01 4.837189e-01 -0.000000e+00
    outer loop
      vertex   1.160765e+01 6.570006e+00 -4.200000e+01
      vertex   1.079398e+01 8.042231e+00 -2.500000e+01
      vertex   1.160765e+01 6.570006e+00 -2.500000e+01
    endloop
  endfacet
  facet normal 9.238795e-01 3.826834e-01 -0.000000e+00
    outer loop
      vertex   1.160765e+01 6.570006e+00 -4.200000e+01
      vertex   1.160765e+01 6.570006e+00 -2.500000e+01
      vertex   1.225136e+01 5.015935e+00 -4.200000e+01
    endloop
  endfacet
  facet normal 9.238795e-01 3.826834e-01 -0.000000e+00
    outer loop
      vertex   1.225136e+01 5.015935e+00 -4.200000e+01
      vertex   1.160765e+01 6.570006e+00 -2.500000e+01
      vertex   1.225136e+01 5.015935e+00 -2.500000e+01
    endloop
  endfacet
  facet normal 9.609173e-01 2.768355e-01 -0.000000e+00
    outer loop
      vertex   1.225136e+01 5.015935e+00 -4.200000e+01
      vertex   1.225136e+01 5.015935e+00 -2.500000e+01
      vertex   1.271703e+01 3.399563e+00 -4.200000e+01
    endloop
  endfacet
  facet normal 9.609173e-01 2.768355e-01 -0.000000e+00
    outer loop
      vertex   1.271703e+01 3.399563e+00 -4.200000e+01
      vertex   1.225136e+01 5.015935e+00 -2.500000e+01
      vertex   1.271703e+01 3.399563e+00 -2.500000e+01
    endloop
  endfacet
  facet normal 9.858710e-01 1.675062e-01 -0.000000e+00
    outer loop
      vertex   1.271703e+01 3.399563e+00 -4.200000e+01
      vertex   1.271703e+01 3.399563e+00 -2.500000e+01
      vertex   1.299880e+01 1.741217e+00 -4.200000e+01
    endloop
  endfacet
  facet normal 9.858710e-01 1.675062e-01 -0.000000e+00
    outer loop
      vertex   1.299880e+01 1.741217e+00 -4.200000e+01
      vertex   1.271703e+01 3.399563e+00 -2.500000e+01
      vertex   1.299880e+01 1.741217e+00 -2.500000e+01
    endloop
  endfacet
  facet normal 9.984268e-01 5.607045e-02 -0.000000e+00
    outer loop
      vertex   1.299880e+01 1.741217e+00 -4.200000e+01
      vertex   1.299880e+01 1.741217e+00 -2.500000e+01
      vertex   1.309311e+01 6.174949e-02 -4.200000e+01
    endloop
  endfacet
  facet normal 9.984268e-01 5.607045e-02 -0.000000e+00
    outer loop
      vertex   1.309311e+01 6.174949e-02 -4.200000e+01
      vertex   1.299880e+01 1.741217e+00 -2.500000e+01
      vertex   1.309311e+01 6.174949e-02 -2.500000e+01
    endloop
  endfacet
  facet normal 9.984268e-01 -5.607045e-02 0.000000e+00
    outer loop
      vertex   1.309311e+01 6.174949e-02 -4.200000e+01
      vertex   1.309311e+01 6.174949e-02 -2.500000e+01
      vertex   1.299880e+01 -1.617718e+00 -4.200000e+01
    endloop
  endfacet
  facet normal 9.984268e-01 -5.607045e-02 0.000000e+00
    outer loop
      vertex   1.299880e+01 -1.617718e+00 -4.200000e+01
      vertex   1.309311e+01 6.174949e-02 -2.500000e+01
      vertex   1.299880e+01 -1.617718e+00 -2.500000e+01
    endloop
  endfacet
  facet normal 9.858710e-01 -1.675062e-01 0.000000e+00
    outer loop
      vertex   1.299880e+01 -1.617718e+00 -4.200000e+01
      vertex   1.299880e+01 -1.617718e+00 -2.500000e+01
      vertex   1.271703e+01 -3.276065e+00 -4.200000e+01
    endloop
  endfacet
  facet normal 9.858710e-01 -1.675062e-01 0.000000e+00
    outer loop
      vertex   1.271703e+01 -3.276065e+00 -4.200000e+01
      vertex   1.299880e+01 -1.617718e+00 -2.500000e+01
      vertex   1.271703e+01 -3.276065e+00 -2.500000e+01
    endloop
  endfacet
  facet normal 9.609173e-01 -2.768355e-01 0.000000e+00
    outer loop
      vertex   1.271703e+01 -3.276065e+00 -4.200000e+01
      vertex   1.271703e+01 -3.276065e+00 -2.500000e+01
      vertex   1.225136e+01 -4.892436e+00 -4.200000e+01
    endloop
  endfacet
  facet normal 9.609173e-01 -2.768355e-01 0.000000e+00
    outer loop
      vertex   1.225136e+01 -4.892436e+00 -4.200000e+01
      vertex   1.271703e+01 -3.276065e+00 -2.500000e+01
      vertex   1.225136e+01 -4.892436e+00 -2.500000e+01
    endloop
  endfacet
  facet normal 9.238795e-01 -3.826834e-01 0.000000e+00
    outer loop
      vertex   1.225136e+01 -4.892436e+00 -4.200000e+01
      vertex   1.225136e+01 -4.892436e+00 -2.500000e+01
      vertex   1.160765e+01 -6.446507e+00 -4.200000e+01
    endloop
  endfacet
  facet normal 9.238795e-01 -3.826834e-01 0.000000e+00
    outer loop
      vertex   1.160765e+01 -6.446507e+00 -4.200000e+01
      vertex   1.225136e+01 -4.892436e+00 -2.500000e+01
      vertex   1.160765e+01 -6.446507e+00 -2.500000e+01
    endloop
  endfacet
  facet normal 8.752234e-01 -4.837189e-01 0.000000e+00
    outer loop
      vertex   1.160765e+01 -6.446507e+00 -4.200000e+01
      vertex   1.160765e+01 -6.446507e+00 -2.500000e+01
      vertex   1.079398e+01 -7.918732e+00 -4.200000e+01
    endloop
  endfacet
  facet normal 8.752234e-01 -4.837189e-01 0.000000e+00
    outer loop
      vertex   1.079398e+01 -7.918732e+00 -4.200000e+01
      vertex   1.160765e+01 -6.446507e+00 -2.500000e+01
      vertex   1.079398e+01 -7.918732e+00 -2.500000e+01
    endloop
  endfacet
  facet normal 8.155609e-01 -5.786713e-01 0.000000e+00
    outer loop
      vertex   1.079398e+01 -7.918732e+00 -4.200000e+01
      vertex   1.079398e+01 -7.918732e+00 -2.500000e+01
      vertex   9.820584e+00 -9.290598e+00 -4.200000e+01
    endloop
  endfacet
  facet normal 8.155609e-01 -5.786713e-01 0.000000e+00
    outer loop
      vertex   9.820584e+00 -9.290598e+00 -4.200000e+01
      vertex   1.079398e+01 -7.918732e+00 -2.500000e+01
      vertex   9.820584e+00 -9.290598e+00 -2.500000e+01
    endloop
  endfacet
  facet normal 7.456422e-01 -6.663466e-01 0.000000e+00
    outer loop
      vertex   9.820584e+00 -9.290598e+00 -4.200000e+01
      vertex   9.820584e+00 -9.290598e+00 -2.500000e+01
      vertex   8.699714e+00 -1.054485e+01 -4.200000e+01
    endloop
  endfacet
  facet normal 7.456422e-01 -6.663466e-01 0.000000e+00
    outer loop
      vertex   8.699714e+00 -1.054485e+01 -4.200000e+01
      vertex   9.820584e+00 -9.290598e+00 -2.500000e+01
      vertex   8.699714e+00 -1.054485e+01 -2.500000e+01
    endloop
  endfacet
  facet normal 6.663466e-01 -7.456422e-01 0.000000e+00
    outer loop
      vertex   8.699714e+00 -1.054485e+01 -4.200000e+01
      vertex   8.699714e+00 -1.054485e+01 -2.500000e+01
      vertex   7.445459e+00 -1.166572e+01 -4.200000e+01
    endloop
  endfacet
  facet normal 6.663466e-01 -7.456422e-01 0.000000e+00
    outer loop
      vertex   7.445459e+00 -1.166572e+01 -4.200000e+01
      vertex   8.699714e+00 -1.054485e+01 -2.500000e+01
      vertex   7.445459e+00 -1.166572e+01 -2.500000e+01
    endloop
  endfacet
  facet normal 5.786713e-01 -8.155609e-01 0.000000e+00
    outer loop
      vertex   7.445459e+00 -1.166572e+01 -4.200000e+01
      vertex   7.445459e+00 -1.166572e+01 -2.500000e+01
      vertex   6.073593e+00 -1.263911e+01 -4.200000e+01
    endloop
  endfacet
  facet normal 5.786713e-01 -8.155609e-01 0.000000e+00
    outer loop
      vertex   6.073593e+00 -1.263911e+01 -4.200000e+01
      vertex   7.445459e+00 -1.166572e+01 -2.500000e+01
      vertex   6.073593e+00 -1.263911e+01 -2.500000e+01
    endloop
  endfacet
  facet normal 4.837189e-01 -8.752234e-01 0.000000e+00
    outer loop
      vertex   6.073593e+00 -1.263911e+01 -4.200000e+01
      vertex   6.073593e+00 -1.263911e+01 -2.500000e+01
      vertex   4.601368e+00 -1.345278e+01 -4.200000e+01
    endloop
  endfacet
  facet normal 4.837189e-01 -8.752234e-01 0.000000e+00
    outer loop
      vertex   4.601368e+00 -1.345278e+01 -4.200000e+01
      vertex   6.073593e+00 -1.263911e+01 -2.500000e+01
      vertex   4.601368e+00 -1.345278e+01 -2.500000e+01
    endloop
  endfacet
  facet normal 3.826834e-01 -9.238795e-01 0.000000e+00
    outer loop
      vertex   4.601368e+00 -1.345278e+01 -4.200000e+01
      vertex   4.601368e+00 -1.345278e+01 -2.500000e+01
      vertex   3.047298e+00 -1.409650e+01 -4.200000e+01
    endloop
  endfacet
  facet normal 3.826834e-01 -9.238795e-01 0.000000e+00
    outer loop
      vertex   3.047298e+00 -1.409650e+01 -4.200000e+01
      vertex   4.601368e+00 -1.345278e+01 -2.500000e+01
      vertex   3.047298e+00 -1.409650e+01 -2.500000e+01
    endloop
  endfacet
  facet normal 2.768355e-01 -9.609173e-01 0.000000e+00
    outer loop
      vertex   3.047298e+00 -1.409650e+01 -4.200000e+01
      vertex   3.047298e+00 -1.409650e+01 -2.500000e+01
      vertex   1.430926e+00 -1.456217e+01 -4.200000e+01
    endloop
  endfacet
  facet normal 2.768355e-01 -9.609173e-01 0.000000e+00
    outer loop
      vertex   1.430926e+00 -1.456217e+01 -4.200000e+01
      vertex   3.047298e+00 -1.409650e+01 -2.500000e+01
      vertex   1.430926e+00 -1.456217e+01 -2.500000e+01
    endloop
  endfacet
  facet normal 1.675062e-01 -9.858710e-01 0.000000e+00
    outer loop
      vertex   1.430926e+00 -1.456217e+01 -4.200000e+01
      vertex   1.430926e+00 -1.456217e+01 -2.500000e+01
      vertex   -2.274207e-01 -1.484393e+01 -4.200000e+01
    endloop
  endfacet
  facet normal 1.675062e-01 -9.858710e-01 0.000000e+00
    outer loop
      vertex   -2.274207e-01 -1.484393e+01 -4.200000e+01
      vertex   1.430926e+00 -1.456217e+01 -2.500000e+01
      vertex   -2.274207e-01 -1.484393e+01 -2.500000e+01
    endloop
  endfacet
  facet normal 5.607045e-02 -9.984268e-01 0.000000e+00
    outer loop
      vertex   -2.274207e-01 -1.484393e+01 -4.200000e+01
      vertex   -2.274207e-01 -1.484393e+01 -2.500000e+01
      vertex   -1.906888e+00 -1.493825e+01 -4.200000e+01
    endloop
  endfacet
  facet normal 5.607045e-02 -9.984268e-01 0.000000e+00
    outer loop
      vertex   -1.906888e+00 -1.493825e+01 -4.200000e+01
      vertex   -2.274207e-01 -1.484393e+01 -2.500000e+01
      vertex   -1.906888e+00 -1.493825e+01 -2.500000e+01
    endloop
  endfacet
  facet normal -5.607045e-02 -9.984268e-01 0.000000e+00
    outer loop
      vertex   -1.906888e+00 -1.493825e+01 -4.200000e+01
      vertex   -1.906888e+00 -1.493825e+01 -2.500000e+01
      vertex   -3.586355e+00 -1.484393e+01 -4.200000e+01
    endloop
  endfacet
  facet normal -5.607045e-02 -9.984268e-01 0.000000e+00
    outer loop
      vertex   -3.586355e+00 -1.484393e+01 -4.200000e+01
      vertex   -1.906888e+00 -1.493825e+01 -2.500000e+01
      vertex   -3.586355e+00 -1.484393e+01 -2.500000e+01
    endloop
  endfacet
  facet normal -1.675062e-01 -9.858710e-01 0.000000e+00
    outer loop
      vertex   -3.586355e+00 -1.484393e+01 -4.200000e+01
      vertex   -3.586355e+00 -1.484393e+01 -2.500000e+01
      vertex   -5.244702e+00 -1.456217e+01 -4.200000e+01
    endloop
  endfacet
  facet normal -1.675062e-01 -9.858710e-01 0.000000e+00
    outer loop
      vertex   -5.244702e+00 -1.456217e+01 -4.200000e+01
      vertex   -3.586355e+00 -1.484393e+01 -2.500000e+01
      vertex   -5.244702e+00 -1.456217e+01 -2.500000e+01
    endloop
  endfacet
  facet normal -2.768355e-01 -9.609173e-01 0.000000e+00
    outer loop
      vertex   -5.244702e+00 -1.456217e+01 -4.200000e+01
      vertex   -5.244702e+00 -1.456217e+01 -2.500000e+01
      vertex   -6.861074e+00 -1.409650e+01 -4.200000e+01
    endloop
  endfacet
  facet normal -2.768355e-01 -9.609173e-01 0.000000e+00
    outer loop
      vertex   -6.861074e+00 -1.409650e+01 -4.200000e+01
      vertex   -5.244702e+00 -1.456217e+01 -2.500000e+01
      vertex   -6.861074e+00 -1.409650e+01 -2.500000e+01
    endloop
  endfacet
  facet normal -3.826834e-01 -9.238795e-01 0.000000e+00
    outer loop
      vertex   -6.861074e+00 -1.409650e+01 -4.200000e+01
      vertex   -6.861074e+00 -1.409650e+01 -2.500000e+01
      vertex   -8.415144e+00 -1.345278e+01 -4.200000e+01
    endloop
  endfacet
  facet normal -3.826834e-01 -9.238795e-01 0.000000e+00
    outer loop
      vertex   -8.415144e+00 -1.345278e+01 -4.200000e+01
      vertex   -6.861074e+00 -1.409650e+01 -2.500000e+01
      vertex   -8.415144e+00 -1.345278e+01 -2.500000e+01
    endloop
  endfacet
  facet normal -4.837189e-01 -8.752234e-01 0.000000e+00
    outer loop
      vertex   -8.415144e+00 -1.345278e+01 -4.200000e+01
      vertex   -8.415144e+00 -1.345278e+01 -2.500000e+01
      vertex   -9.887369e+00 -1.263911e+01 -4.200000e+01
    endloop
  endfacet
  facet normal -4.837189e-01 -8.752234e-01 0.000000e+00
    outer loop
      vertex   -9.887369e+00 -1.263911e+01 -4.200000e+01
      vertex   -8.415144e+00 -1.345278e+01 -2.500000e+01
      vertex   -9.887369e+00 -1.263911e+01 -2.500000e+01
    endloop
  endfacet
  facet normal -5.786713e-01 -8.155609e-01 0.000000e+00
    outer loop
      vertex   -9.887369e+00 -1.263911e+01 -4.200000e+01
      vertex   -9.887369e+00 -1.263911e+01 -2.500000e+01
      vertex   -1.125923e+01 -1.166572e+01 -4.200000e+01
    endloop
  endfacet
  facet normal -5.786713e-01 -8.155609e-01 0.000000e+00
    outer loop
      vertex   -1.125923e+01 -1.166572e+01 -4.200000e+01
      vertex   -9.887369e+00 -1.263911e+01 -2.500000e+01
      vertex   -1.125923e+01 -1.166572e+01 -2.500000e+01
    endloop
  endfacet
  facet normal -6.663466e-01 -7.456422e-01 0.000000e+00
    outer loop
      vertex   -1.125923e+01 -1.166572e+01 -4.200000e+01
      vertex   -1.125923e+01 -1.166572e+01 -2.500000e+01
      vertex   -1.251349e+01 -1.054485e+01 -4.200000e+01
    endloop
  endfacet
  facet normal -6.663466e-01 -7.456422e-01 0.000000e+00
    outer loop
      vertex   -1.251349e+01 -1.054485e+01 -4.200000e+01
      vertex   -1.125923e+01 -1.166572e+01 -2.500000e+01
      vertex   -1.251349e+01 -1.054485e+01 -2.500000e+01
    endloop
  endfacet
  facet normal -7.456422e-01 -6.663466e-01 0.000000e+00
    outer loop
      vertex   -1.251349e+01 -1.054485e+01 -4.200000e+01
      vertex   -1.251349e+01 -1.054485e+01 -2.500000e+01
      vertex   -1.363436e+01 -9.290598e+00 -4.200000e+01
    endloop
  endfacet
  facet normal -7.456422e-01 -6.663466e-01 0.000000e+00
    outer loop
      vertex   -1.363436e+01 -9.290598e+00 -4.200000e+01
      vertex   -1.251349e+01 -1.054485e+01 -2.500000e+01
      vertex   -1.363436e+01 -9.290598e+00 -2.500000e+01
    endloop
  endfacet
  facet normal -8.155609e-01 -5.786713e-01 0.000000e+00
    outer loop
      vertex   -1.363436e+01 -9.290598e+00 -4.200000e+01
      vertex   -1.363436e+01 -9.290598e+00 -2.500000e+01
      vertex   -1.460775e+01 -7.918732e+00 -4.200000e+01
    endloop
  endfacet
  facet normal -8.155609e-01 -5.786713e-01 0.000000e+00
    outer loop
      vertex   -1.460775e+01 -7.918732e+00 -4.200000e+01
      vertex   -1.363436e+01 -9.290598e+00 -2.500000e+01
      vertex   -1.460775e+01 -7.918732e+00 -2.500000e+01
    endloop
  endfacet
  facet normal -8.752234e-01 -4.837189e-01 0.000000e+00
    outer loop
      vertex   -1.460775e+01 -7.918732e+00 -4.200000e+01
      vertex   -1.460775e+01 -7.918732e+00 -2.500000e+01
      vertex   -1.542142e+01 -6.446507e+00 -4.200000e+01
    endloop
  endfacet
  facet normal -8.752234e-01 -4.837189e-01 0.000000e+00
    outer loop
      vertex   -1.542142e+01 -6.446507e+00 -4.200000e+01
      vertex   -1.460775e+01 -7.918732e+00 -2.500000e+01
      vertex   -1.542142e+01 -6.446507e+00 -2.500000e+01
    endloop
  endfacet
  facet normal -9.238795e-01 -3.826834e-01 0.000000e+00
    outer loop
      vertex   -1.542142e+01 -6.446507e+00 -4.200000e+01
      vertex   -1.542142e+01 -6.446507e+00 -2.500000e+01
      vertex   -1.606514e+01 -4.892436e+00 -4.200000e+01
    endloop
  endfacet
  facet normal -9.238795e-01 -3.826834e-01 0.000000e+00
    outer loop
      vertex   -1.606514e+01 -4.892436e+00 -4.200000e+01
      vertex   -1.542142e+01 -6.446507e+00 -2.500000e+01
      vertex   -1.606514e+01 -4.892436e+00 -2.500000e+01
    endloop
  endfacet
  facet normal -9.609173e-01 -2.768355e-01 0.000000e+00
    outer loop
      vertex   -1.606514e+01 -4.892436e+00 -4.200000e+01
      vertex   -1.606514e+01 -4.892436e+00 -2.500000e+01
      vertex   -1.653081e+01 -3.276065e+00 -4.200000e+01
    endloop
  endfacet
  facet normal -9.609173e-01 -2.768355e-01 0.000000e+00
    outer loop
      vertex   -1.653081e+01 -3.276065e+00 -4.200000e+01
      vertex   -1.606514e+01 -4.892436e+00 -2.500000e+01
      vertex   -1.653081e+01 -3.276065e+00 -2.500000e+01
    endloop
  endfacet
  facet normal -9.858710e-01 -1.675062e-01 0.000000e+00
    outer loop
      vertex   -1.653081e+01 -3.276065e+00 -4.200000e+01
      vertex   -1.653081e+01 -3.276065e+00 -2.500000e+01
      vertex   -1.681257e+01 -1.617718e+00 -4.200000e+01
    endloop
  endfacet
  facet normal -9.858710e-01 -1.675062e-01 0.000000e+00
    outer loop
      vertex   -1.681257e+01 -1.617718e+00 -4.200000e+01
      vertex   -1.653081e+01 -3.276065e+00 -2.500000e+01
      vertex   -1.681257e+01 -1.617718e+00 -2.500000e+01
    endloop
  endfacet
  facet normal -0.000000e+00 0.000000e+00 -1.000000e+00
    outer loop
      vertex   -4.965355e+00 -9.692095e+00 -4.200000e+01
      vertex   -9.887369e+00 -1.263911e+01 -4.200000e+01
      vertex   -5.056888e+00 -8.938251e+00 -4.200000e+01
    endloop
  endfacet
  facet normal 0.000000e+00 0.000000e+00 -1.000000e+00
    outer loop
      vertex   -5.056888e+00 -8.938251e+00 -4.200000e+01
      vertex   -9.887369e+00 -1.263911e+01 -4.200000e+01
      vertex   -1.125923e+01 -1.166572e+01 -4.200000e+01
    endloop
  endfacet
  facet normal 0.000000e+00 0.000000e+00 -1.000000e+00
    outer loop
      vertex   -5.056888e+00 -8.938251e+00 -4.200000e+01
      vertex   -1.125923e+01 -1.166572e+01 -4.200000e+01
      vertex   -1.251349e+01 -1.054485e+01 -4.200000e+01
    endloop
  endfacet
  facet normal 0.000000e+00 0.000000e+00 -1.000000e+00
    outer loop
      vertex   -9.887369e+00 -1.263911e+01 -4.200000e+01
      vertex   -4.965355e+00 -9.692095e+00 -4.200000e+01
      vertex   -8.415144e+00 -1.345278e+01 -4.200000e+01
    endloop
  endfacet
  facet normal 0.000000e+00 0.000000e+00 -1.000000e+00
    outer loop
      vertex   -8.415144e+00 -1.345278e+01 -4.200000e+01
      vertex   -4.965355e+00 -9.692095e+00 -4.200000e+01
      vertex   -4.696074e+00 -1.040213e+01 -4.200000e+01
    endloop
  endfacet
  facet normal 0.000000e+00 0.000000e+00 -1.000000e+00
    outer loop
      vertex   -8.415144e+00 -1.345278e+01 -4.200000e+01
      vertex   -4.696074e+00 -1.040213e+01 -4.200000e+01
      vertex   -6.861074e+00 -1.409650e+01 -4.200000e+01
    endloop
  endfacet
  facet normal 0.000000e+00 0.000000e+00 -1.000000e+00
    outer loop
      vertex   -6.861074e+00 -1.409650e+01 -4.200000e+01
      vertex   -4.696074e+00 -1.040213e+01 -4.200000e+01
      vertex   -4.264697e+00 -1.102709e+01 -4.200000e+01
    endloop
  endfacet
  facet normal 0.000000e+00 0.000000e+00 -1.000000e+00
    outer loop
      vertex   -6.861074e+00 -1.409650e+01 -4.200000e+01
      vertex   -4.264697e+00 -1.102709e+01 -4.200000e+01
      vertex   -5.244702e+00 -1.456217e+01 -4.200000e+01
    endloop
  endfacet
  facet normal 0.000000e+00 0.000000e+00 -1.000000e+00
    outer loop
      vertex   -5.244702e+00 -1.456217e+01 -4.200000e+01
      vertex   -4.264697e+00 -1.102709e+01 -4.200000e+01
      vertex   -3.696292e+00 -1.153065e+01 -4.200000e+01
    endloop
  endfacet
  facet normal 0.000000e+00 0.000000e+00 -1.000000e+00
    outer loop
      vertex   -5.244702e+00 -1.456217e+01 -4.200000e+01
      vertex   -3.696292e+00 -1.153065e+01 -4.200000e+01
      vertex   -3.023893e+00 -1.188355e+01 -4.200000e+01
    endloop
  endfacet
  facet normal 0.000000e+00 0.000000e+00 -1.000000e+00
    outer loop
      vertex   -5.244702e+00 -1.456217e+01 -4.200000e+01
      vertex   -3.023893e+00 -1.188355e+01 -4.200000e+01
      vertex   -3.586355e+00 -1.484393e+01 -4.200000e+01
    endloop
  endfacet
  facet normal 0.000000e+00 0.000000e+00 -1.000000e+00
    outer loop
      vertex   -3.586355e+00 -1.484393e+01 -4.200000e+01
      vertex   -3.023893e+00 -1.188355e+01 -4.200000e+01
      vertex   -2.286578e+00 -1.206528e+01 -4.200000e+01
    endloop
  endfacet
  facet normal 0.000000e+00 0.000000e+00 -1.000000e+00
    outer loop
      vertex   -3.586355e+00 -1.484393e+01 -4.200000e+01
      vertex   -2.286578e+00 -1.206528e+01 -4.200000e+01
      vertex   -1.906888e+00 -1.493825e+01 -4.200000e+01
    endloop
  endfacet
  facet normal 0.000000e+00 0.000000e+00 -1.000000e+00
    outer loop
      vertex   -1.906888e+00 -1.493825e+01 -4.200000e+01
      vertex   -2.286578e+00 -1.206528e+01 -4.200000e+01
      vertex   -1.527197e+00 -1.206528e+01 -4.200000e+01
    endloop
  endfacet
  facet normal 0.000000e+00 0.000000e+00 -1.000000e+00
    outer loop
      vertex   -1.906888e+00 -1.493825e+01 -4.200000e+01
      vertex   -1.527197e+00 -1.206528e+01 -4.200000e+01
      vertex   -2.274207e-01 -1.484393e+01 -4.200000e+01
    endloop
  endfacet
  facet normal 0.000000e+00 0.000000e+00 -1.000000e+00
    outer loop
      vertex   -2.274207e-01 -1.484393e+01 -4.200000e+01
      vertex   -1.527197e+00 -1.206528e+01 -4.200000e+01
      vertex   -7.898824e-01 -1.188355e+01 -4.200000e+01
    endloop
  endfacet
  facet normal 0.000000e+00 0.000000e+00 -1.000000e+00
    outer loop
      vertex   -2.274207e-01 -1.484393e+01 -4.200000e+01
      vertex   -7.898824e-01 -1.188355e+01 -4.200000e+01
      vertex   1.430926e+00 -1.456217e+01 -4.200000e+01
    endloop
  endfacet
  facet normal 0.000000e+00 0.000000e+00 -1.000000e+00
    outer loop
      vertex   1.430926e+00 -1.456217e+01 -4.200000e+01
      vertex   -7.898824e-01 -1.188355e+01 -4.200000e+01
      vertex   -1.174839e-01 -1.153065e+01 -4.200000e+01
    endloop
  endfacet
  facet normal 0.000000e+00 0.000000e+00 -1.000000e+00
    outer loop
      vertex   1.430926e+00 -1.456217e+01 -4.200000e+01
      vertex   -1.174839e-01 -1.153065e+01 -4.200000e+01
      vertex   4.509210e-01 -1.102709e+01 -4.200000e+01
    endloop
  endfacet
  facet normal 0.000000e+00 0.000000e+00 -1.000000e+00
    outer loop
      vertex   1.430926e+00 -1.456217e+01 -4.200000e+01
      vertex   4.509210e-01 -1.102709e+01 -4.200000e+01
      vertex   3.047298e+00 -1.409650e+01 -4.200000e+01
    endloop
  endfacet
  facet normal 0.000000e+00 0.000000e+00 -1.000000e+00
    outer loop
      vertex   3.047298e+00 -1.409650e+01 -4.200000e+01
      vertex   4.509210e-01 -1.102709e+01 -4.200000e+01
      vertex   8.822987e-01 -1.040213e+01 -4.200000e+01
    endloop
  endfacet
  facet normal 0.000000e+00 0.000000e+00 -1.000000e+00
    outer loop
      vertex   3.047298e+00 -1.409650e+01 -4.200000e+01
      vertex   8.822987e-01 -1.040213e+01 -4.200000e+01
      vertex   4.601368e+00 -1.345278e+01 -4.200000e+01
    endloop
  endfacet
  facet normal 0.000000e+00 0.000000e+00 -1.000000e+00
    outer loop
      vertex   4.601368e+00 -1.345278e+01 -4.200000e+01
      vertex   8.822987e-01 -1.040213e+01 -4.200000e+01
      vertex   1.151579e+00 -9.692095e+00 -4.200000e+01
    endloop
  endfacet
  facet normal 0.000000e+00 0.000000e+00 -1.000000e+00
    outer loop
      vertex   4.601368e+00 -1.345278e+01 -4.200000e+01
      vertex   1.151579e+00 -9.692095e+00 -4.200000e+01
      vertex   6.073593e+00 -1.263911e+01 -4.200000e+01
    endloop
  endfacet
  facet normal 0.000000e+00 0.000000e+00 -1.000000e+00
    outer loop
      vertex   6.073593e+00 -1.263911e+01 -4.200000e+01
      vertex   1.151579e+00 -9.692095e+00 -4.200000e+01
      vertex   1.243112e+00 -8.938251e+00 -4.200000e+01
    endloop
  endfacet
  facet normal 0.000000e+00 0.000000e+00 -1.000000e+00
    outer loop
      vertex   6.073593e+00 -1.263911e+01 -4.200000e+01
      vertex   1.243112e+00 -8.938251e+00 -4.200000e+01
      vertex   7.445459e+00 -1.166572e+01 -4.200000e+01
    endloop
  endfacet
  facet normal 0.000000e+00 0.000000e+00 -1.000000e+00
    outer loop
      vertex   7.445459e+00 -1.166572e+01 -4.200000e+01
      vertex   1.243112e+00 -8.938251e+00 -4.200000e+01
      vertex   8.699714e+00 -1.054485e+01 -4.200000e+01
    endloop
  endfacet
  facet normal 0.000000e+00 0.000000e+00 -1.000000e+00
    outer loop
      vertex   8.699714e+00 -1.054485e+01 -4.200000e+01
      vertex   1.243112e+00 -8.938251e+00 -4.200000e+01
      vertex   1.151579e+00 -8.184406e+00 -4.200000e+01
    endloop
  endfacet
  facet normal 0.000000e+00 0.000000e+00 -1.000000e+00
    outer loop
      vertex   8.699714e+00 -1.054485e+01 -4.200000e+01
      vertex   1.151579e+00 -8.184406e+00 -4.200000e+01
      vertex   6.713422e+00 -3.065283e+00 -4.200000e+01
    endloop
  endfacet
  facet normal -0.000000e+00 0.000000e+00 -1.000000e+00
    outer loop
      vertex   6.713422e+00 -3.065283e+00 -4.200000e+01
      vertex   1.151579e+00 -8.184406e+00 -4.200000e+01
      vertex   5.976107e+00 -2.883552e+00 -4.200000e+01
    endloop
  endfacet
  facet normal 0.000000e+00 0.000000e+00 -1.000000e+00
    outer loop
      vertex   5.976107e+00 -2.883552e+00 -4.200000e+01
      vertex   1.151579e+00 -8.184406e+00 -4.200000e+01
      vertex   8.822987e-01 -7.474373e+00 -4.200000e+01
    endloop
  endfacet
  facet normal -0.000000e+00 0.000000e+00 -1.000000e+00
    outer loop
      vertex   5.976107e+00 -2.883552e+00 -4.200000e+01
      vertex   8.822987e-01 -7.474373e+00 -4.200000e+01
      vertex   5.303708e+00 -2.530650e+00 -4.200000e+01
    endloop
  endfacet
  facet normal 0.000000e+00 0.000000e+00 -1.000000e+00
    outer loop
      vertex   5.303708e+00 -2.530650e+00 -4.200000e+01
      vertex   8.822987e-01 -7.474373e+00 -4.200000e+01
      vertex   4.509210e-01 -6.849414e+00 -4.200000e+01
    endloop
  endfacet
  facet normal -0.000000e+00 0.000000e+00 -1.000000e+00
    outer loop
      vertex   5.303708e+00 -2.530650e+00 -4.200000e+01
      vertex   4.509210e-01 -6.849414e+00 -4.200000e+01
      vertex   4.735303e+00 -2.027087e+00 -4.200000e+01
    endloop
  endfacet
  facet normal 0.000000e+00 0.000000e+00 -1.000000e+00
    outer loop
      vertex   4.735303e+00 -2.027087e+00 -4.200000e+01
      vertex   4.509210e-01 -6.849414e+00 -4.200000e+01
      vertex   -1.174839e-01 -6.345851e+00 -4.200000e+01
    endloop
  endfacet
  facet normal -0.000000e+00 0.000000e+00 -1.000000e+00
    outer loop
      vertex   4.735303e+00 -2.027087e+00 -4.200000e+01
      vertex   -1.174839e-01 -6.345851e+00 -4.200000e+01
      vertex   4.303926e+00 -1.402129e+00 -4.200000e+01
    endloop
  endfacet
  facet normal 0.000000e+00 0.000000e+00 -1.000000e+00
    outer loop
      vertex   4.303926e+00 -1.402129e+00 -4.200000e+01
      vertex   -1.174839e-01 -6.345851e+00 -4.200000e+01
      vertex   -7.898824e-01 -5.992949e+00 -4.200000e+01
    endloop
  endfacet
  facet normal -0.000000e+00 0.000000e+00 -1.000000e+00
    outer loop
      vertex   4.303926e+00 -1.402129e+00 -4.200000e+01
      vertex   -7.898824e-01 -5.992949e+00 -4.200000e+01
      vertex   4.034645e+00 -6.920949e-01 -4.200000e+01
    endloop
  endfacet
  facet normal 0.000000e+00 0.000000e+00 -1.000000e+00
    outer loop
      vertex   4.034645e+00 -6.920949e-01 -4.200000e+01
      vertex   -7.898824e-01 -5.992949e+00 -4.200000e+01
      vertex   -1.527197e+00 -5.811218e+00 -4.200000e+01
    endloop
  endfacet
  facet normal -0.000000e+00 0.000000e+00 -1.000000e+00
    outer loop
      vertex   4.034645e+00 -6.920949e-01 -4.200000e+01
      vertex   -1.527197e+00 -5.811218e+00 -4.200000e+01
      vertex   3.943112e+00 6.174949e-02 -4.200000e+01
    endloop
  endfacet
  facet normal 0.000000e+00 0.000000e+00 -1.000000e+00
    outer loop
      vertex   3.943112e+00 6.174949e-02 -4.200000e+01
      vertex   -1.527197e+00 -5.811218e+00 -4.200000e+01
      vertex   -2.286578e+00 -5.811218e+00 -4.200000e+01
    endloop
  endfacet
  facet normal -0.000000e+00 0.000000e+00 -1.000000e+00
    outer loop
      vertex   3.943112e+00 6.174949e-02 -4.200000e+01
      vertex   -2.286578e+00 -5.811218e+00 -4.200000e+01
      vertex   -7.756888e+00 6.174949e-02 -4.200000e+01
    endloop
  endfacet
  facet normal 0.000000e+00 -0.000000e+00 -1.000000e+00
    outer loop
      vertex   -7.756888e+00 6.174949e-02 -4.200000e+01
      vertex   -2.286578e+00 -5.811218e+00 -4.200000e+01
      vertex   -7.848421e+00 -6.920949e-01 -4.200000e+01
    endloop
  endfacet
  facet normal 0.000000e+00 0.000000e+00 -1.000000e+00
    outer loop
      vertex   -7.848421e+00 -6.920949e-01 -4.200000e+01
      vertex   -2.286578e+00 -5.811218e+00 -4.200000e+01
      vertex   -3.023893e+00 -5.992949e+00 -4.200000e+01
    endloop
  endfacet
  facet normal 0.000000e+00 -0.000000e+00 -1.000000e+00
    outer loop
      vertex   -7.848421e+00 -6.920949e-01 -4.200000e+01
      vertex   -3.023893e+00 -5.992949e+00 -4.200000e+01
      vertex   -8.117701e+00 -1.402129e+00 -4.200000e+01
    endloop
  endfacet
  facet normal 0.000000e+00 0.000000e+00 -1.000000e+00
    outer loop
      vertex   -8.117701e+00 -1.402129e+00 -4.200000e+01
      vertex   -3.023893e+00 -5.992949e+00 -4.200000e+01
      vertex   -3.696292e+00 -6.345851e+00 -4.200000e+01
    endloop
  endfacet
  facet normal 0.000000e+00 -0.000000e+00 -1.000000e+00
    outer loop
      vertex   -8.117701e+00 -1.402129e+00 -4.200000e+01
      vertex   -3.696292e+00 -6.345851e+00 -4.200000e+01
      vertex   -8.549079e+00 -2.027087e+00 -4.200000e+01
    endloop
  endfacet
  facet normal 0.000000e+00 0.000000e+00 -1.000000e+00
    outer loop
      vertex   -8.549079e+00 -2.027087e+00 -4.200000e+01
      vertex   -3.696292e+00 -6.345851e+00 -4.200000e+01
      vertex   -4.264697e+00 -6.849414e+00 -4.200000e+01
    endloop
  endfacet
  facet normal 0.000000e+00 -0.000000e+00 -1.000000e+00
    outer loop
      vertex   -8.549079e+00 -2.027087e+00 -4.200000e+01
      vertex   -4.264697e+00 -6.849414e+00 -4.200000e+01
      vertex   -9.117484e+00 -2.530650e+00 -4.200000e+01
    endloop
  endfacet
  facet normal 0.000000e+00 0.000000e+00 -1.000000e+00
    outer loop
      vertex   -9.117484e+00 -2.530650e+00 -4.200000e+01
      vertex   -4.264697e+00 -6.849414e+00 -4.200000e+01
      vertex   -4.696074e+00 -7.474373e+00 -4.200000e+01
    endloop
  endfacet
  facet normal 0.000000e+00 -0.000000e+00 -1.000000e+00
    outer loop
      vertex   -9.117484e+00 -2.530650e+00 -4.200000e+01
      vertex   -4.696074e+00 -7.474373e+00 -4.200000e+01
      vertex   -9.789882e+00 -2.883552e+00 -4.200000e+01
    endloop
  endfacet
  facet normal 0.000000e+00 0.000000e+00 -1.000000e+00
    outer loop
      vertex   -9.789882e+00 -2.883552e+00 -4.200000e+01
      vertex   -4.696074e+00 -7.474373e+00 -4.200000e+01
      vertex   -4.965355e+00 -8.184406e+00 -4.200000e+01
    endloop
  endfacet
  facet normal 0.000000e+00 -0.000000e+00 -1.000000e+00
    outer loop
      vertex   -9.789882e+00 -2.883552e+00 -4.200000e+01
      vertex   -4.965355e+00 -8.184406e+00 -4.200000e+01
      vertex   -1.052720e+01 -3.065283e+00 -4.200000e+01
    endloop
  endfacet
  facet normal 0.000000e+00 -0.000000e+00 -1.000000e+00
    outer loop
      vertex   -1.052720e+01 -3.065283e+00 -4.200000e+01
      vertex   -4.965355e+00 -8.184406e+00 -4.200000e+01
      vertex   -1.251349e+01 -1.054485e+01 -4.200000e+01
    endloop
  endfacet
  facet normal 0.000000e+00 0.000000e+00 -1.000000e+00
    outer loop
      vertex   -1.052720e+01 -3.065283e+00 -4.200000e+01
      vertex   -1.251349e+01 -1.054485e+01 -4.200000e+01
      vertex   -1.363436e+01 -9.290598e+00 -4.200000e+01
    endloop
  endfacet
  facet normal 0.000000e+00 0.000000e+00 -1.000000e+00
    outer loop
      vertex   -4.965355e+00 -8.184406e+00 -4.200000e+01
      vertex   -5.056888e+00 -8.938251e+00 -4.200000e+01
      vertex   -1.251349e+01 -1.054485e+01 -4.200000e+01
    endloop
  endfacet
  facet normal 0.000000e+00 0.000000e+00 -1.000000e+00
    outer loop
      vertex   -1.396535e+01 8.155938e-01 -4.200000e+01
      vertex   -1.405689e+01 6.174949e-02 -4.200000e+01
      vertex   -1.690689e+01 6.174949e-02 -4.200000e+01
    endloop
  endfacet
  facet normal 0.000000e+00 0.000000e+00 -1.000000e+00
    outer loop
      vertex   -1.690689e+01 6.174949e-02 -4.200000e+01
      vertex   -1.405689e+01 6.174949e-02 -4.200000e+01
      vertex   -1.396535e+01 -6.920949e-01 -4.200000e+01
    endloop
  endfacet
  facet normal 0.000000e+00 0.000000e+00 -1.000000e+00
    outer loop
      vertex   -1.690689e+01 6.174949e-02 -4.200000e+01
      vertex   -1.396535e+01 -6.920949e-01 -4.200000e+01
      vertex   -1.681257e+01 -1.617718e+00 -4.200000e+01
    endloop
  endfacet
  facet normal 0.000000e+00 0.000000e+00 -1.000000e+00
    outer loop
      vertex   -1.681257e+01 -1.617718e+00 -4.200000e+01
      vertex   -1.396535e+01 -6.920949e-01 -4.200000e+01
      vertex   -1.369607e+01 -1.402129e+00 -4.200000e+01
    endloop
  endfacet
  facet normal 0.000000e+00 0.000000e+00 -1.000000e+00
    outer loop
      vertex   -1.681257e+01 -1.617718e+00 -4.200000e+01
      vertex   -1.369607e+01 -1.402129e+00 -4.200000e+01
      vertex   -1.653081e+01 -3.276065e+00 -4.200000e+01
    endloop
  endfacet
  facet normal 0.000000e+00 0.000000e+00 -1.000000e+00
    outer loop
      vertex   -1.653081e+01 -3.276065e+00 -4.200000e+01
      vertex   -1.369607e+01 -1.402129e+00 -4.200000e+01
      vertex   -1.326470e+01 -2.027087e+00 -4.200000e+01
    endloop
  endfacet
  facet normal 0.000000e+00 0.000000e+00 -1.000000e+00
    outer loop
      vertex   -1.653081e+01 -3.276065e+00 -4.200000e+01
      vertex   -1.326470e+01 -2.027087e+00 -4.200000e+01
      vertex   -1.606514e+01 -4.892436e+00 -4.200000e+01
    endloop
  endfacet
  facet normal 0.000000e+00 0.000000e+00 -1.000000e+00
    outer loop
      vertex   -1.606514e+01 -4.892436e+00 -4.200000e+01
      vertex   -1.326470e+01 -2.027087e+00 -4.200000e+01
      vertex   -1.269629e+01 -2.530650e+00 -4.200000e+01
    endloop
  endfacet
  facet normal 0.000000e+00 0.000000e+00 -1.000000e+00
    outer loop
      vertex   -1.606514e+01 -4.892436e+00 -4.200000e+01
      vertex   -1.269629e+01 -2.530650e+00 -4.200000e+01
      vertex   -1.542142e+01 -6.446507e+00 -4.200000e+01
    endloop
  endfacet
  facet normal 0.000000e+00 0.000000e+00 -1.000000e+00
    outer loop
      vertex   -1.542142e+01 -6.446507e+00 -4.200000e+01
      vertex   -1.269629e+01 -2.530650e+00 -4.200000e+01
      vertex   -1.202389e+01 -2.883552e+00 -4.200000e+01
    endloop
  endfacet
  facet normal 0.000000e+00 0.000000e+00 -1.000000e+00
    outer loop
      vertex   -1.542142e+01 -6.446507e+00 -4.200000e+01
      vertex   -1.202389e+01 -2.883552e+00 -4.200000e+01
      vertex   -1.460775e+01 -7.918732e+00 -4.200000e+01
    endloop
  endfacet
  facet normal 0.000000e+00 0.000000e+00 -1.000000e+00
    outer loop
      vertex   -1.460775e+01 -7.918732e+00 -4.200000e+01
      vertex   -1.202389e+01 -2.883552e+00 -4.200000e+01
      vertex   -1.128658e+01 -3.065283e+00 -4.200000e+01
    endloop
  endfacet
  facet normal 0.000000e+00 0.000000e+00 -1.000000e+00
    outer loop
      vertex   -1.460775e+01 -7.918732e+00 -4.200000e+01
      vertex   -1.128658e+01 -3.065283e+00 -4.200000e+01
      vertex   -1.363436e+01 -9.290598e+00 -4.200000e+01
    endloop
  endfacet
  facet normal 0.000000e+00 0.000000e+00 -1.000000e+00
    outer loop
      vertex   -1.363436e+01 -9.290598e+00 -4.200000e+01
      vertex   -1.128658e+01 -3.065283e+00 -4.200000e+01
      vertex   -1.052720e+01 -3.065283e+00 -4.200000e+01
    endloop
  endfacet
  facet normal 0.000000e+00 0.000000e+00 -1.000000e+00
    outer loop
      vertex   -7.848421e+00 8.155938e-01 -4.200000e+01
      vertex   -2.286578e+00 5.934717e+00 -4.200000e+01
      vertex   -7.756888e+00 6.174949e-02 -4.200000e+01
    endloop
  endfacet
  facet normal 0.000000e+00 0.000000e+00 -1.000000e+00
    outer loop
      vertex   -7.756888e+00 6.174949e-02 -4.200000e+01
      vertex   -2.286578e+00 5.934717e+00 -4.200000e+01
      vertex   -1.527197e+00 5.934717e+00 -4.200000e+01
    endloop
  endfacet
  facet normal 0.000000e+00 0.000000e+00 -1.000000e+00
    outer loop
      vertex   -7.756888e+00 6.174949e-02 -4.200000e+01
      vertex   -1.527197e+00 5.934717e+00 -4.200000e+01
      vertex   3.943112e+00 6.174949e-02 -4.200000e+01
    endloop
  endfacet
  facet normal 0.000000e+00 0.000000e+00 -1.000000e+00
    outer loop
      vertex   3.943112e+00 6.174949e-02 -4.200000e+01
      vertex   -1.527197e+00 5.934717e+00 -4.200000e+01
      vertex   4.034645e+00 8.155938e-01 -4.200000e+01
    endloop
  endfacet
  facet normal 0.000000e+00 0.000000e+00 -1.000000e+00
    outer loop
      vertex   4.034645e+00 8.155938e-01 -4.200000e+01
      vertex   -1.527197e+00 5.934717e+00 -4.200000e+01
      vertex   -7.898824e-01 6.116448e+00 -4.200000e+01
    endloop
  endfacet
  facet normal 0.000000e+00 0.000000e+00 -1.000000e+00
    outer loop
      vertex   4.034645e+00 8.155938e-01 -4.200000e+01
      vertex   -7.898824e-01 6.116448e+00 -4.200000e+01
      vertex   4.303926e+00 1.525627e+00 -4.200000e+01
    endloop
  endfacet
  facet normal 0.000000e+00 0.000000e+00 -1.000000e+00
    outer loop
      vertex   4.303926e+00 1.525627e+00 -4.200000e+01
      vertex   -7.898824e-01 6.116448e+00 -4.200000e+01
      vertex   -1.174839e-01 6.469350e+00 -4.200000e+01
    endloop
  endfacet
  facet normal 0.000000e+00 0.000000e+00 -1.000000e+00
    outer loop
      vertex   4.303926e+00 1.525627e+00 -4.200000e+01
      vertex   -1.174839e-01 6.469350e+00 -4.200000e+01
      vertex   4.735303e+00 2.150586e+00 -4.200000e+01
    endloop
  endfacet
  facet normal 0.000000e+00 0.000000e+00 -1.000000e+00
    outer loop
      vertex   4.735303e+00 2.150586e+00 -4.200000e+01
      vertex   -1.174839e-01 6.469350e+00 -4.200000e+01
      vertex   4.509210e-01 6.972913e+00 -4.200000e+01
    endloop
  endfacet
  facet normal 0.000000e+00 0.000000e+00 -1.000000e+00
    outer loop
      vertex   4.735303e+00 2.150586e+00 -4.200000e+01
      vertex   4.509210e-01 6.972913e+00 -4.200000e+01
      vertex   5.303708e+00 2.654149e+00 -4.200000e+01
    endloop
  endfacet
  facet normal 0.000000e+00 0.000000e+00 -1.000000e+00
    outer loop
      vertex   5.303708e+00 2.654149e+00 -4.200000e+01
      vertex   4.509210e-01 6.972913e+00 -4.200000e+01
      vertex   8.822987e-01 7.597871e+00 -4.200000e+01
    endloop
  endfacet
  facet normal 0.000000e+00 0.000000e+00 -1.000000e+00
    outer loop
      vertex   5.303708e+00 2.654149e+00 -4.200000e+01
      vertex   8.822987e-01 7.597871e+00 -4.200000e+01
      vertex   5.976107e+00 3.007051e+00 -4.200000e+01
    endloop
  endfacet
  facet normal 0.000000e+00 0.000000e+00 -1.000000e+00
    outer loop
      vertex   5.976107e+00 3.007051e+00 -4.200000e+01
      vertex   8.822987e-01 7.597871e+00 -4.200000e+01
      vertex   1.151579e+00 8.307905e+00 -4.200000e+01
    endloop
  endfacet
  facet normal 0.000000e+00 0.000000e+00 -1.000000e+00
    outer loop
      vertex   5.976107e+00 3.007051e+00 -4.200000e+01
      vertex   1.151579e+00 8.307905e+00 -4.200000e+01
      vertex   6.713422e+00 3.188782e+00 -4.200000e+01
    endloop
  endfacet
  facet normal 0.000000e+00 0.000000e+00 -1.000000e+00
    outer loop
      vertex   6.713422e+00 3.188782e+00 -4.200000e+01
      vertex   1.151579e+00 8.307905e+00 -4.200000e+01
      vertex   8.699714e+00 1.066835e+01 -4.200000e+01
    endloop
  endfacet
  facet normal 0.000000e+00 0.000000e+00 -1.000000e+00
    outer loop
      vertex   6.713422e+00 3.188782e+00 -4.200000e+01
      vertex   8.699714e+00 1.066835e+01 -4.200000e+01
      vertex   9.820584e+00 9.414097e+00 -4.200000e+01
    endloop
  endfacet
  facet normal -0.000000e+00 0.000000e+00 -1.000000e+00
    outer loop
      vertex   -2.286578e+00 5.934717e+00 -4.200000e+01
      vertex   -7.848421e+00 8.155938e-01 -4.200000e+01
      vertex   -3.023893e+00 6.116448e+00 -4.200000e+01
    endloop
  endfacet
  facet normal 0.000000e+00 0.000000e+00 -1.000000e+00
    outer loop
      vertex   -3.023893e+00 6.116448e+00 -4.200000e+01
      vertex   -7.848421e+00 8.155938e-01 -4.200000e+01
      vertex   -8.117701e+00 1.525627e+00 -4.200000e+01
    endloop
  endfacet
  facet normal -0.000000e+00 0.000000e+00 -1.000000e+00
    outer loop
      vertex   -3.023893e+00 6.116448e+00 -4.200000e+01
      vertex   -8.117701e+00 1.525627e+00 -4.200000e+01
      vertex   -3.696292e+00 6.469350e+00 -4.200000e+01
    endloop
  endfacet
  facet normal 0.000000e+00 0.000000e+00 -1.000000e+00
    outer loop
      vertex   -3.696292e+00 6.469350e+00 -4.200000e+01
      vertex   -8.117701e+00 1.525627e+00 -4.200000e+01
      vertex   -8.549079e+00 2.150586e+00 -4.200000e+01
    endloop
  endfacet
  facet normal -0.000000e+00 0.000000e+00 -1.000000e+00
    outer loop
      vertex   -3.696292e+00 6.469350e+00 -4.200000e+01
      vertex   -8.549079e+00 2.150586e+00 -4.200000e+01
      vertex   -4.264697e+00 6.972913e+00 -4.200000e+01
    endloop
  endfacet
  facet normal 0.000000e+00 0.000000e+00 -1.000000e+00
    outer loop
      vertex   -4.264697e+00 6.972913e+00 -4.200000e+01
      vertex   -8.549079e+00 2.150586e+00 -4.200000e+01
      vertex   -9.117484e+00 2.654149e+00 -4.200000e+01
    endloop
  endfacet
  facet normal -0.000000e+00 0.000000e+00 -1.000000e+00
    outer loop
      vertex   -4.264697e+00 6.972913e+00 -4.200000e+01
      vertex   -9.117484e+00 2.654149e+00 -4.200000e+01
      vertex   -4.696074e+00 7.597871e+00 -4.200000e+01
    endloop
  endfacet
  facet normal 0.000000e+00 0.000000e+00 -1.000000e+00
    outer loop
      vertex   -4.696074e+00 7.597871e+00 -4.200000e+01
      vertex   -9.117484e+00 2.654149e+00 -4.200000e+01
      vertex   -9.789882e+00 3.007051e+00 -4.200000e+01
    endloop
  endfacet
  facet normal -0.000000e+00 0.000000e+00 -1.000000e+00
    outer loop
      vertex   -4.696074e+00 7.597871e+00 -4.200000e+01
      vertex   -9.789882e+00 3.007051e+00 -4.200000e+01
      vertex   -4.965355e+00 8.307905e+00 -4.200000e+01
    endloop
  endfacet
  facet normal 0.000000e+00 0.000000e+00 -1.000000e+00
    outer loop
      vertex   -4.965355e+00 8.307905e+00 -4.200000e+01
      vertex   -9.789882e+00 3.007051e+00 -4.200000e+01
      vertex   -1.052720e+01 3.188782e+00 -4.200000e+01
    endloop
  endfacet
  facet normal -0.000000e+00 0.000000e+00 -1.000000e+00
    outer loop
      vertex   -4.965355e+00 8.307905e+00 -4.200000e+01
      vertex   -1.052720e+01 3.188782e+00 -4.200000e+01
      vertex   -1.251349e+01 1.066835e+01 -4.200000e+01
    endloop
  endfacet
  facet normal 0.000000e+00 -0.000000e+00 -1.000000e+00
    outer loop
      vertex   -1.251349e+01 1.066835e+01 -4.200000e+01
      vertex   -1.052720e+01 3.188782e+00 -4.200000e+01
      vertex   -1.363436e+01 9.414097e+00 -4.200000e+01
    endloop
  endfacet
  facet normal 0.000000e+00 0.000000e+00 -1.000000e+00
    outer loop
      vertex   -1.363436e+01 9.414097e+00 -4.200000e+01
      vertex   -1.052720e+01 3.188782e+00 -4.200000e+01
      vertex   -1.128658e+01 3.188782e+00 -4.200000e+01
    endloop
  endfacet
  facet normal 0.000000e+00 -0.000000e+00 -1.000000e+00
    outer loop
      vertex   -1.363436e+01 9.414097e+00 -4.200000e+01
      vertex   -1.128658e+01 3.188782e+00 -4.200000e+01
      vertex   -1.460775e+01 8.042231e+00 -4.200000e+01
    endloop
  endfacet
  facet normal 0.000000e+00 0.000000e+00 -1.000000e+00
    outer loop
      vertex   -1.460775e+01 8.042231e+00 -4.200000e+01
      vertex   -1.128658e+01 3.188782e+00 -4.200000e+01
      vertex   -1.202389e+01 3.007051e+00 -4.200000e+01
    endloop
  endfacet
  facet normal 0.000000e+00 -0.000000e+00 -1.000000e+00
    outer loop
      vertex   -1.460775e+01 8.042231e+00 -4.200000e+01
      vertex   -1.202389e+01 3.007051e+00 -4.200000e+01
      vertex   -1.542142e+01 6.570006e+00 -4.200000e+01
    endloop
  endfacet
  facet normal 0.000000e+00 0.000000e+00 -1.000000e+00
    outer loop
      vertex   -1.542142e+01 6.570006e+00 -4.200000e+01
      vertex   -1.202389e+01 3.007051e+00 -4.200000e+01
      vertex   -1.269629e+01 2.654149e+00 -4.200000e+01
    endloop
  endfacet
  facet normal 0.000000e+00 -0.000000e+00 -1.000000e+00
    outer loop
      vertex   -1.542142e+01 6.570006e+00 -4.200000e+01
      vertex   -1.269629e+01 2.654149e+00 -4.200000e+01
      vertex   -1.606514e+01 5.015935e+00 -4.200000e+01
    endloop
  endfacet
  facet normal 0.000000e+00 0.000000e+00 -1.000000e+00
    outer loop
      vertex   -1.606514e+01 5.015935e+00 -4.200000e+01
      vertex   -1.269629e+01 2.654149e+00 -4.200000e+01
      vertex   -1.326470e+01 2.150586e+00 -4.200000e+01
    endloop
  endfacet
  facet normal 0.000000e+00 -0.000000e+00 -1.000000e+00
    outer loop
      vertex   -1.606514e+01 5.015935e+00 -4.200000e+01
      vertex   -1.326470e+01 2.150586e+00 -4.200000e+01
      vertex   -1.653081e+01 3.399563e+00 -4.200000e+01
    endloop
  endfacet
  facet normal 0.000000e+00 0.000000e+00 -1.000000e+00
    outer loop
      vertex   -1.653081e+01 3.399563e+00 -4.200000e+01
      vertex   -1.326470e+01 2.150586e+00 -4.200000e+01
      vertex   -1.369607e+01 1.525627e+00 -4.200000e+01
    endloop
  endfacet
  facet normal 0.000000e+00 -0.000000e+00 -1.000000e+00
    outer loop
      vertex   -1.653081e+01 3.399563e+00 -4.200000e+01
      vertex   -1.369607e+01 1.525627e+00 -4.200000e+01
      vertex   -1.681257e+01 1.741217e+00 -4.200000e+01
    endloop
  endfacet
  facet normal 0.000000e+00 0.000000e+00 -1.000000e+00
    outer loop
      vertex   -1.681257e+01 1.741217e+00 -4.200000e+01
      vertex   -1.369607e+01 1.525627e+00 -4.200000e+01
      vertex   -1.396535e+01 8.155938e-01 -4.200000e+01
    endloop
  endfacet
  facet normal 0.000000e+00 -0.000000e+00 -1.000000e+00
    outer loop
      vertex   -1.681257e+01 1.741217e+00 -4.200000e+01
      vertex   -1.396535e+01 8.155938e-01 -4.200000e+01
      vertex   -1.690689e+01 6.174949e-02 -4.200000e+01
    endloop
  endfacet
  facet normal 0.000000e+00 0.000000e+00 -1.000000e+00
    outer loop
      vertex   8.699714e+00 -1.054485e+01 -4.200000e+01
      vertex   6.713422e+00 -3.065283e+00 -4.200000e+01
      vertex   9.820584e+00 -9.290598e+00 -4.200000e+01
    endloop
  endfacet
  facet normal 0.000000e+00 0.000000e+00 -1.000000e+00
    outer loop
      vertex   9.820584e+00 -9.290598e+00 -4.200000e+01
      vertex   6.713422e+00 -3.065283e+00 -4.200000e+01
      vertex   7.472803e+00 -3.065283e+00 -4.200000e+01
    endloop
  endfacet
  facet normal 0.000000e+00 0.000000e+00 -1.000000e+00
    outer loop
      vertex   9.820584e+00 -9.290598e+00 -4.200000e+01
      vertex   7.472803e+00 -3.065283e+00 -4.200000e+01
      vertex   1.079398e+01 -7.918732e+00 -4.200000e+01
    endloop
  endfacet
  facet normal 0.000000e+00 0.000000e+00 -1.000000e+00
    outer loop
      vertex   1.079398e+01 -7.918732e+00 -4.200000e+01
      vertex   7.472803e+00 -3.065283e+00 -4.200000e+01
      vertex   8.210118e+00 -2.883552e+00 -4.200000e+01
    endloop
  endfacet
  facet normal 0.000000e+00 0.000000e+00 -1.000000e+00
    outer loop
      vertex   1.079398e+01 -7.918732e+00 -4.200000e+01
      vertex   8.210118e+00 -2.883552e+00 -4.200000e+01
      vertex   1.160765e+01 -6.446507e+00 -4.200000e+01
    endloop
  endfacet
  facet normal 0.000000e+00 0.000000e+00 -1.000000e+00
    outer loop
      vertex   1.160765e+01 -6.446507e+00 -4.200000e+01
      vertex   8.210118e+00 -2.883552e+00 -4.200000e+01
      vertex   8.882516e+00 -2.530650e+00 -4.200000e+01
    endloop
  endfacet
  facet normal 0.000000e+00 0.000000e+00 -1.000000e+00
    outer loop
      vertex   1.160765e+01 -6.446507e+00 -4.200000e+01
      vertex   8.882516e+00 -2.530650e+00 -4.200000e+01
      vertex   1.225136e+01 -4.892436e+00 -4.200000e+01
    endloop
  endfacet
  facet normal 0.000000e+00 0.000000e+00 -1.000000e+00
    outer loop
      vertex   1.225136e+01 -4.892436e+00 -4.200000e+01
      vertex   8.882516e+00 -2.530650e+00 -4.200000e+01
      vertex   9.450921e+00 -2.027087e+00 -4.200000e+01
    endloop
  endfacet
  facet normal 0.000000e+00 0.000000e+00 -1.000000e+00
    outer loop
      vertex   1.225136e+01 -4.892436e+00 -4.200000e+01
      vertex   9.450921e+00 -2.027087e+00 -4.200000e+01
      vertex   1.271703e+01 -3.276065e+00 -4.200000e+01
    endloop
  endfacet
  facet normal 0.000000e+00 0.000000e+00 -1.000000e+00
    outer loop
      vertex   1.271703e+01 -3.276065e+00 -4.200000e+01
      vertex   9.450921e+00 -2.027087e+00 -4.200000e+01
      vertex   9.882299e+00 -1.402129e+00 -4.200000e+01
    endloop
  endfacet
  facet normal 0.000000e+00 0.000000e+00 -1.000000e+00
    outer loop
      vertex   1.271703e+01 -3.276065e+00 -4.200000e+01
      vertex   9.882299e+00 -1.402129e+00 -4.200000e+01
      vertex   1.299880e+01 -1.617718e+00 -4.200000e+01
    endloop
  endfacet
  facet normal 0.000000e+00 0.000000e+00 -1.000000e+00
    outer loop
      vertex   1.299880e+01 -1.617718e+00 -4.200000e+01
      vertex   9.882299e+00 -1.402129e+00 -4.200000e+01
      vertex   1.015158e+01 -6.920949e-01 -4.200000e+01
    endloop
  endfacet
  facet normal 0.000000e+00 0.000000e+00 -1.000000e+00
    outer loop
      vertex   1.299880e+01 -1.617718e+00 -4.200000e+01
      vertex   1.015158e+01 -6.920949e-01 -4.200000e+01
      vertex   1.309311e+01 6.174949e-02 -4.200000e+01
    endloop
  endfacet
  facet normal -0.000000e+00 0.000000e+00 -1.000000e+00
    outer loop
      vertex   1.309311e+01 6.174949e-02 -4.200000e+01
      vertex   1.015158e+01 -6.920949e-01 -4.200000e+01
      vertex   1.024311e+01 6.174949e-02 -4.200000e+01
    endloop
  endfacet
  facet normal 0.000000e+00 0.000000e+00 -1.000000e+00
    outer loop
      vertex   1.309311e+01 6.174949e-02 -4.200000e+01
      vertex   1.024311e+01 6.174949e-02 -4.200000e+01
      vertex   1.015158e+01 8.155938e-01 -4.200000e+01
    endloop
  endfacet
  facet normal 0.000000e+00 0.000000e+00 -1.000000e+00
    outer loop
      vertex   1.309311e+01 6.174949e-02 -4.200000e+01
      vertex   1.015158e+01 8.155938e-01 -4.200000e+01
      vertex   1.299880e+01 1.741217e+00 -4.200000e+01
    endloop
  endfacet
  facet normal 0.000000e+00 0.000000e+00 -1.000000e+00
    outer loop
      vertex   1.299880e+01 1.741217e+00 -4.200000e+01
      vertex   1.015158e+01 8.155938e-01 -4.200000e+01
      vertex   9.882299e+00 1.525627e+00 -4.200000e+01
    endloop
  endfacet
  facet normal -0.000000e+00 0.000000e+00 -1.000000e+00
    outer loop
      vertex   1.299880e+01 1.741217e+00 -4.200000e+01
      vertex   9.882299e+00 1.525627e+00 -4.200000e+01
      vertex   1.271703e+01 3.399563e+00 -4.200000e+01
    endloop
  endfacet
  facet normal 0.000000e+00 0.000000e+00 -1.000000e+00
    outer loop
      vertex   1.271703e+01 3.399563e+00 -4.200000e+01
      vertex   9.882299e+00 1.525627e+00 -4.200000e+01
      vertex   9.450921e+00 2.150586e+00 -4.200000e+01
    endloop
  endfacet
  facet normal -0.000000e+00 0.000000e+00 -1.000000e+00
    outer loop
      vertex   1.271703e+01 3.399563e+00 -4.200000e+01
      vertex   9.450921e+00 2.150586e+00 -4.200000e+01
      vertex   1.225136e+01 5.015935e+00 -4.200000e+01
    endloop
  endfacet
  facet normal 0.000000e+00 0.000000e+00 -1.000000e+00
    outer loop
      vertex   1.225136e+01 5.015935e+00 -4.200000e+01
      vertex   9.450921e+00 2.150586e+00 -4.200000e+01
      vertex   8.882516e+00 2.654149e+00 -4.200000e+01
    endloop
  endfacet
  facet normal -0.000000e+00 0.000000e+00 -1.000000e+00
    outer loop
      vertex   1.225136e+01 5.015935e+00 -4.200000e+01
      vertex   8.882516e+00 2.654149e+00 -4.200000e+01
      vertex   1.160765e+01 6.570006e+00 -4.200000e+01
    endloop
  endfacet
  facet normal 0.000000e+00 0.000000e+00 -1.000000e+00
    outer loop
      vertex   1.160765e+01 6.570006e+00 -4.200000e+01
      vertex   8.882516e+00 2.654149e+00 -4.200000e+01
      vertex   8.210118e+00 3.007051e+00 -4.200000e+01
    endloop
  endfacet
  facet normal -0.000000e+00 0.000000e+00 -1.000000e+00
    outer loop
      vertex   1.160765e+01 6.570006e+00 -4.200000e+01
      vertex   8.210118e+00 3.007051e+00 -4.200000e+01
      vertex   1.079398e+01 8.042231e+00 -4.200000e+01
    endloop
  endfacet
  facet normal 0.000000e+00 0.000000e+00 -1.000000e+00
    outer loop
      vertex   1.079398e+01 8.042231e+00 -4.200000e+01
      vertex   8.210118e+00 3.007051e+00 -4.200000e+01
      vertex   7.472803e+00 3.188782e+00 -4.200000e+01
    endloop
  endfacet
  facet normal -0.000000e+00 0.000000e+00 -1.000000e+00
    outer loop
      vertex   1.079398e+01 8.042231e+00 -4.200000e+01
      vertex   7.472803e+00 3.188782e+00 -4.200000e+01
      vertex   9.820584e+00 9.414097e+00 -4.200000e+01
    endloop
  endfacet
  facet normal 0.000000e+00 0.000000e+00 -1.000000e+00
    outer loop
      vertex   9.820584e+00 9.414097e+00 -4.200000e+01
      vertex   7.472803e+00 3.188782e+00 -4.200000e+01
      vertex   6.713422e+00 3.188782e+00 -4.200000e+01
    endloop
  endfacet
  facet normal 0.000000e+00 0.000000e+00 -1.000000e+00
    outer loop
      vertex   -4.965355e+00 8.307905e+00 -4.200000e+01
      vertex   -1.251349e+01 1.066835e+01 -4.200000e+01
      vertex   -5.056888e+00 9.061749e+00 -4.200000e+01
    endloop
  endfacet
  facet normal 0.000000e+00 0.000000e+00 -1.000000e+00
    outer loop
      vertex   -5.056888e+00 9.061749e+00 -4.200000e+01
      vertex   -1.251349e+01 1.066835e+01 -4.200000e+01
      vertex   -1.125923e+01 1.178922e+01 -4.200000e+01
    endloop
  endfacet
  facet normal 0.000000e+00 0.000000e+00 -1.000000e+00
    outer loop
      vertex   -5.056888e+00 9.061749e+00 -4.200000e+01
      vertex   -1.125923e+01 1.178922e+01 -4.200000e+01
      vertex   -9.887369e+00 1.276261e+01 -4.200000e+01
    endloop
  endfacet
  facet normal 0.000000e+00 0.000000e+00 -1.000000e+00
    outer loop
      vertex   1.151579e+00 8.307905e+00 -4.200000e+01
      vertex   1.243112e+00 9.061749e+00 -4.200000e+01
      vertex   8.699714e+00 1.066835e+01 -4.200000e+01
    endloop
  endfacet
  facet normal -0.000000e+00 0.000000e+00 -1.000000e+00
    outer loop
      vertex   8.699714e+00 1.066835e+01 -4.200000e+01
      vertex   1.243112e+00 9.061749e+00 -4.200000e+01
      vertex   7.445459e+00 1.178922e+01 -4.200000e+01
    endloop
  endfacet
  facet normal -0.000000e+00 0.000000e+00 -1.000000e+00
    outer loop
      vertex   7.445459e+00 1.178922e+01 -4.200000e+01
      vertex   1.243112e+00 9.061749e+00 -4.200000e+01
      vertex   6.073593e+00 1.276261e+01 -4.200000e+01
    endloop
  endfacet
  facet normal 0.000000e+00 0.000000e+00 -1.000000e+00
    outer loop
      vertex   6.073593e+00 1.276261e+01 -4.200000e+01
      vertex   1.243112e+00 9.061749e+00 -4.200000e+01
      vertex   1.151579e+00 9.815594e+00 -4.200000e+01
    endloop
  endfacet
  facet normal -0.000000e+00 0.000000e+00 -1.000000e+00
    outer loop
      vertex   6.073593e+00 1.276261e+01 -4.200000e+01
      vertex   1.151579e+00 9.815594e+00 -4.200000e+01
      vertex   4.601368e+00 1.357628e+01 -4.200000e+01
    endloop
  endfacet
  facet normal 0.000000e+00 0.000000e+00 -1.000000e+00
    outer loop
      vertex   4.601368e+00 1.357628e+01 -4.200000e+01
      vertex   1.151579e+00 9.815594e+00 -4.200000e+01
      vertex   8.822987e-01 1.052563e+01 -4.200000e+01
    endloop
  endfacet
  facet normal -0.000000e+00 0.000000e+00 -1.000000e+00
    outer loop
      vertex   4.601368e+00 1.357628e+01 -4.200000e+01
      vertex   8.822987e-01 1.052563e+01 -4.200000e+01
      vertex   3.047298e+00 1.422000e+01 -4.200000e+01
    endloop
  endfacet
  facet normal 0.000000e+00 0.000000e+00 -1.000000e+00
    outer loop
      vertex   3.047298e+00 1.422000e+01 -4.200000e+01
      vertex   8.822987e-01 1.052563e+01 -4.200000e+01
      vertex   4.509210e-01 1.115059e+01 -4.200000e+01
    endloop
  endfacet
  facet normal -0.000000e+00 0.000000e+00 -1.000000e+00
    outer loop
      vertex   3.047298e+00 1.422000e+01 -4.200000e+01
      vertex   4.509210e-01 1.115059e+01 -4.200000e+01
      vertex   1.430926e+00 1.468567e+01 -4.200000e+01
    endloop
  endfacet
  facet normal 0.000000e+00 0.000000e+00 -1.000000e+00
    outer loop
      vertex   1.430926e+00 1.468567e+01 -4.200000e+01
      vertex   4.509210e-01 1.115059e+01 -4.200000e+01
      vertex   -1.174839e-01 1.165415e+01 -4.200000e+01
    endloop
  endfacet
  facet normal 0.000000e+00 0.000000e+00 -1.000000e+00
    outer loop
      vertex   1.430926e+00 1.468567e+01 -4.200000e+01
      vertex   -1.174839e-01 1.165415e+01 -4.200000e+01
      vertex   -7.898824e-01 1.200705e+01 -4.200000e+01
    endloop
  endfacet
  facet normal -0.000000e+00 0.000000e+00 -1.000000e+00
    outer loop
      vertex   1.430926e+00 1.468567e+01 -4.200000e+01
      vertex   -7.898824e-01 1.200705e+01 -4.200000e+01
      vertex   -2.274207e-01 1.496743e+01 -4.200000e+01
    endloop
  endfacet
  facet normal 0.000000e+00 0.000000e+00 -1.000000e+00
    outer loop
      vertex   -2.274207e-01 1.496743e+01 -4.200000e+01
      vertex   -7.898824e-01 1.200705e+01 -4.200000e+01
      vertex   -1.527197e+00 1.218878e+01 -4.200000e+01
    endloop
  endfacet
  facet normal -0.000000e+00 0.000000e+00 -1.000000e+00
    outer loop
      vertex   -2.274207e-01 1.496743e+01 -4.200000e+01
      vertex   -1.527197e+00 1.218878e+01 -4.200000e+01
      vertex   -1.906888e+00 1.506175e+01 -4.200000e+01
    endloop
  endfacet
  facet normal 0.000000e+00 -0.000000e+00 -1.000000e+00
    outer loop
      vertex   -1.906888e+00 1.506175e+01 -4.200000e+01
      vertex   -1.527197e+00 1.218878e+01 -4.200000e+01
      vertex   -2.286578e+00 1.218878e+01 -4.200000e+01
    endloop
  endfacet
  facet normal 0.000000e+00 0.000000e+00 -1.000000e+00
    outer loop
      vertex   -1.906888e+00 1.506175e+01 -4.200000e+01
      vertex   -2.286578e+00 1.218878e+01 -4.200000e+01
      vertex   -3.586355e+00 1.496743e+01 -4.200000e+01
    endloop
  endfacet
  facet normal 0.000000e+00 0.000000e+00 -1.000000e+00
    outer loop
      vertex   -3.586355e+00 1.496743e+01 -4.200000e+01
      vertex   -2.286578e+00 1.218878e+01 -4.200000e+01
      vertex   -3.023893e+00 1.200705e+01 -4.200000e+01
    endloop
  endfacet
  facet normal 0.000000e+00 -0.000000e+00 -1.000000e+00
    outer loop
      vertex   -3.586355e+00 1.496743e+01 -4.200000e+01
      vertex   -3.023893e+00 1.200705e+01 -4.200000e+01
      vertex   -5.244702e+00 1.468567e+01 -4.200000e+01
    endloop
  endfacet
  facet normal 0.000000e+00 0.000000e+00 -1.000000e+00
    outer loop
      vertex   -5.244702e+00 1.468567e+01 -4.200000e+01
      vertex   -3.023893e+00 1.200705e+01 -4.200000e+01
      vertex   -3.696292e+00 1.165415e+01 -4.200000e+01
    endloop
  endfacet
  facet normal 0.000000e+00 0.000000e+00 -1.000000e+00
    outer loop
      vertex   -5.244702e+00 1.468567e+01 -4.200000e+01
      vertex   -3.696292e+00 1.165415e+01 -4.200000e+01
      vertex   -4.264697e+00 1.115059e+01 -4.200000e+01
    endloop
  endfacet
  facet normal 0.000000e+00 -0.000000e+00 -1.000000e+00
    outer loop
      vertex   -5.244702e+00 1.468567e+01 -4.200000e+01
      vertex   -4.264697e+00 1.115059e+01 -4.200000e+01
      vertex   -6.861074e+00 1.422000e+01 -4.200000e+01
    endloop
  endfacet
  facet normal 0.000000e+00 0.000000e+00 -1.000000e+00
    outer loop
      vertex   -6.861074e+00 1.422000e+01 -4.200000e+01
      vertex   -4.264697e+00 1.115059e+01 -4.200000e+01
      vertex   -4.696074e+00 1.052563e+01 -4.200000e+01
    endloop
  endfacet
  facet normal 0.000000e+00 -0.000000e+00 -1.000000e+00
    outer loop
      vertex   -6.861074e+00 1.422000e+01 -4.200000e+01
      vertex   -4.696074e+00 1.052563e+01 -4.200000e+01
      vertex   -8.415144e+00 1.357628e+01 -4.200000e+01
    endloop
  endfacet
  facet normal 0.000000e+00 0.000000e+00 -1.000000e+00
    outer loop
      vertex   -8.415144e+00 1.357628e+01 -4.200000e+01
      vertex   -4.696074e+00 1.052563e+01 -4.200000e+01
      vertex   -4.965355e+00 9.815594e+00 -4.200000e+01
    endloop
  endfacet
  facet normal 0.000000e+00 -0.000000e+00 -1.000000e+00
    outer loop
      vertex   -8.415144e+00 1.357628e+01 -4.200000e+01
      vertex   -4.965355e+00 9.815594e+00 -4.200000e+01
      vertex   -9.887369e+00 1.276261e+01 -4.200000e+01
    endloop
  endfacet
  facet normal 0.000000e+00 0.000000e+00 -1.000000e+00
    outer loop
      vertex   -9.887369e+00 1.276261e+01 -4.200000e+01
      vertex   -4.965355e+00 9.815594e+00 -4.200000e+01
      vertex   -5.056888e+00 9.061749e+00 -4.200000e+01
    endloop
  endfacet
endsolid
